Workbook

Sheet Sheet1
A1: 00:13:50:ff:fe:70:f9:0f | B1: FALSE | C1: Preparing | D1: Idle | F1: Yes | G1: 13 Nov 2024 - 12:49 PM | H1: 13 Nov 2024 - 12:49 PM | I1: Remove Ping Images History
A2: 00:13:50:ff:fe:70:fd:d3 | B2: FALSE | C2: Preparing | D2: Idle | F2: Yes | G2: 13 Nov 2024 - 12:49 PM | H2: 13 Nov 2024 - 12:49 PM | I2: Remove Ping Images History
A3: 00:13:50:ff:fe:71:60:6d | B3: FALSE | C3: Preparing | D3: Idle | F3: Yes | G3: 13 Nov 2024 - 12:49 PM | H3: 13 Nov 2024 - 12:49 PM | I3: Remove Ping Images History
A4: 00:13:50:ff:fe:71:60:7b | B4: FALSE | C4: Preparing | D4: Idle | F4: Yes | G4: 13 Nov 2024 - 12:49 PM | H4: 13 Nov 2024 - 12:49 PM | I4: Remove Ping Images History
A5: 00:13:50:ff:fe:71:60:ab | B5: FALSE | C5: Preparing | D5: Idle | F5: Yes | G5: 13 Nov 2024 - 12:49 PM | H5: 13 Nov 2024 - 12:49 PM | I5: Remove Ping Images History
A6: 00:13:50:ff:fe:71:60:bd | B6: FALSE | C6: Preparing | D6: Idle | F6: Yes | G6: 13 Nov 2024 - 12:49 PM | H6: 13 Nov 2024 - 12:49 PM | I6: Remove Ping Images History
A7: 00:13:50:ff:fe:71:b4:eb | B7: FALSE | C7: Preparing | D7: Idle | F7: Yes | G7: 13 Nov 2024 - 12:49 PM | H7: 13 Nov 2024 - 12:49 PM | I7: Remove Ping Images History
A8: 00:13:50:ff:fe:71:b4:f0 | B8: FALSE | C8: Preparing | D8: Idle | F8: Yes | G8: 13 Nov 2024 - 12:49 PM | H8: 13 Nov 2024 - 12:49 PM | I8: Remove Ping Images History
A9: 00:13:50:ff:fe:71:b4:f7 | B9: FALSE | C9: Preparing | D9: Idle | F9: Yes | G9: 13 Nov 2024 - 12:49 PM | H9: 13 Nov 2024 - 12:49 PM | I9: Remove Ping Images History
A10: 00:13:50:ff:fe:71:b5:0d | B10: FALSE | C10: Preparing | D10: Idle | F10: Yes | G10: 13 Nov 2024 - 12:49 PM | H10: 13 Nov 2024 - 12:49 PM | I10: Remove Ping Images History
A11: 00:13:50:ff:fe:71:b5:25 | B11: FALSE | C11: Preparing | D11: Idle | F11: Yes | G11: 13 Nov 2024 - 12:49 PM | H11: 13 Nov 2024 - 12:49 PM | I11: Remove Ping Images History
A12: 00:13:50:ff:fe:71:b5:30 | B12: FALSE | C12: Preparing | D12: Idle | F12: Yes | G12: 13 Nov 2024 - 12:49 PM | H12: 13 Nov 2024 - 12:49 PM | I12: Remove Ping Images History
... A50: 00:13:50:ff:fe:72:28:ee | B50: FALSE | C50: Preparing | D50: Idle | F50: Yes | G50: 13 Nov 2024 - 12:49 PM | H50: 13 Nov 2024 - 12:49 PM | I50: Remove Ping Images History

Sheet General
A1: Jan | B1: 1
A2: Feb | B2: 2
A3: Mar | B3: 3
A4: Apr | B4: 4
A5: May | B5: 5
A6: Jun | B6: 6
A7: Jul | B7: 7
A8: Aug | B8: 8
A9: Sep | B9: 9
A10: Oct | B10: 10
A11: Nov | B11: 11
A12: Dec | B12: 12

Sheet AP Firmware deplyoment Pe
H1: Date of capturing data (Formula - DND) | L1: Date of capturing data All three stages post upgrade | P1: Date of capturing data (Stage 2a,2b,2c,2d, 2e and 2f post upgrade) | T1: Date of capturing data (Stage 2a,2b,2c,2d, 2e and 2f post upgrade) | X1: Date of capturing data (Stage 2a,2b,2c and 2d post upgrade) | AB1: Date of capturing data (Stage 2a and 2b post upgrade) | AF1: Date of capturing data - Stage 2 (Pre Upgrade) | AJ1: Date of capturing data | AN1: Day 11(Post Upgarde) | AR1: Day 10(Post Upgarde) | AV1: Day 9(Post Upgarde) | AZ1: Day 8(Post Upgarde) | BD1: Day 7(Post Upgarde) | BH1: Day 7(Post Upgarde) | BL1: Day 6(Post Upgarde) | BP1: Day 5(Post Upgarde) | BT1: Day 4(Post Upgarde) | BX1: Day 3(Post Upgarde) | CB1: Day 2 (Post Upgarde) | CF1: Day 3 (Post upgrade) | CJ1: Day 2 (Before upgarde) | CN1: Day 1 (Before Upgarde)
A2: Device_Util_ID | B2: Deployment Statge/Date | C2: City | D2: Region_Code | E2: NIC_MAC_Address | F2: NIC_IP | G2: NIC Version | H2: =TODAY() -> 45686 | I2: Success Rate | J2: Unread | K2: Duration | L2: 45625 | M2: Success Rate | N2: Unread | O2: Duration | P2: 45622 | Q2: Success Rate | R2: Unread | S2: Duration | T2: 45616 | U2: Success Rate | V2: Unread | W2: Duration | X2: 45615 | Y2: Success Rate | Z2: Unread | AA2: Duration | AB2: 45614 | AC2: Success Rate | AD2: Unread | AE2: Duration | AF2: 45609 | AG2: Success Rate | AH2: Unread | AI2: Duration | AJ2: 45509 | AK2: Success Rate | AL2: Unread | AM2: Duration | AN2: 45504 | AO2: Success Rate | AP2: Unread | AQ2: Duration | AR2: 45499 | AS2: Success Rate | AT2: Unread | AU2: Duration | AV2: 45495 | AW2: Success Rate | AX2: Unread | AY2: Duration | AZ2: 45489 | BA2: Success Rate | BB2: Unread | BC2: Duration | BD2: 45484 | BE2: Success Rate | BF2: Unread | BG2: Duration | BH2: 45482 | BI2: Success Rate | BJ2: Unread | BK2: Duration | BL2: 45481 | BM2: Success Rate | BN2: Unread | BO2: Duration | BP2: 45478 | BQ2: Success Rate | BR2: Unread | BS2: Duration | BT2: 45477 | BU2: Success Rate | BV2: Unread | BW2: Duration | BX2: 45475 | BY2: Success Rate | BZ2: Unread | CA2: Duration | CB2: 45474 | CC2: Success Rate | CD2: Unread | CE2: Duration | CF2: 45471 | CG2: Success Rate | CH2: Unread | CI2: Duration | CJ2: 45470 | CK2: Success Rate | CL2: Unread | CM2: Duration | CN2: 45469 | CO2: Success Rate | CP2: Unread | CQ2: Duration | CR2: CHECK
A3: AP2220950297 | B3: BVT - 27/06/2024 | C3: Hawthorn | D3: CitiPower East | E3: 00:13:50:ff:fe:70:df:93 | F3: fd89:1e09:aa00:108:213:50ff:fe70:df93 | G3: 4.8.6002 | H3: =VLOOKUP(A3,'AP Read Performance'!A:K,11,0) -> 1443 | I3: =VLOOKUP(A3,'AP Read Performance'!A:D,4,0) -> 0.98 | J3: =VLOOKUP(A3,'AP Read Performance'!A:I,9,0) -> 18 | K3: =VLOOKUP(A3,'AP Read Performance'!A:N,14,0) -> 0.018055556 | L3: 1443 | M3: 0.98 | N3: 18 | O3: 0.018055556 | P3: 901 | Q3: 0.99 | R3: 7 | S3: 0.011805556 | T3: 939 | U3: 0.99 | V3: 3 | W3: 0.011805556 | X3: 934 | Y3: 0.99 | Z3: 4 | AA3: 0.011111111 | AB3: 951 | AC3: 0.99 | AD3: 7 | AE3: 0.0097222222 | AF3: 911 | AG3: 0.98 | AH3: 11 | AI3: 0.011805556 | AJ3: 1058 | AK3: 0.99 | AL3: 8 | AM3: 0.011111111 | AN3: 1044 | AO3: 0.99 | AP3: 8 | AQ3: 0.0125 | AR3: 1073 | AS3: 0.98 | AT3: 20 | AU3: 0.018055556 | AV3: 1218 | AW3: 0.99 | AX3: 11 | AY3: 0.010416667 | AZ3: 1030 | BA3: 0.98 | BB3: 17 | BC3: 0.011805556 | BD3: 1031 | BE3: 0.98 | BF3: 15 | BG3: 0.019444444 | BH3: 1059 | BI3: 0.97 | BJ3: 24 | BK3: 0.01875 | BL3: 1207 | BM3: 0.99 | BN3: 10 | BO3: 0.011805556 | BP3: 1032 | BQ3: 0.97 | BR3: 27 | BS3: 0.022222222 | BT3: 985 | BU3: 0.99 | BV3: 9 | BW3: 0.011805556 | BX3: 823 | BY3: 0.98 | BZ3: 10 | CA3: 0.011111111 | CB3: 744 | CC3: 0.98 | CD3: 8 | CE3: 0.010416667 | CF3: 643 | CG3: 0.98 | CH3: 9 | CI3: 0.011111111 | CJ3: 966 | CK3: 0.98 | CL3: 12 | CM3: 0.019444444 | CN3: 1010 | CO3: 0.98 | CP3: 12 | CQ3: 0.010416667 | CR3: =VLOOKUP(E3,Sheet1!A:A,1,0) -> #N/A
A4: AP4122950038 | B4: BVT - 27/06/2024 | C4: Richmond | D4: CitiPower East | E4: 00:13:50:ff:fe:71:e9:a1 | F4: fd89:1e09:aa00:2ac:213:50ff:fe71:e9a1 | G4: 4.8.6002 | H4: =VLOOKUP(A4,'AP Read Performance'!A:K,11,0) -> 1354 | I4: =VLOOKUP(A4,'AP Read Performance'!A:D,4,0) -> 0.98 | J4: =VLOOKUP(A4,'AP Read Performance'!A:I,9,0) -> 21 | K4: =VLOOKUP(A4,'AP Read Performance'!A:N,14,0) -> 0.011805556 | L4: 1354 | M4: 0.98 | N4: 21 | O4: 0.011805556 | P4: 1306 | Q4: 0.98 | R4: 15 | S4: 0.011111111 | T4: 1469 | U4: 0.99 | V4: 14 | W4: 0.01875 | X4: 1405 | Y4: 0.98 | Z4: 18 | AA4: 0.011805556 | AB4: 1408 | AC4: 0.99 | AD4: 10 | AE4: 0.011111111 | AF4: 1439 | AG4: 0.99 | AH4: 12 | AI4: 0.011111111 | AJ4: 1547 | AK4: 0.99 | AL4: 11 | AM4: 0.010416667 | AN4: 1572 | AO4: 0.99 | AP4: 15 | AQ4: 0.0097222222 | AR4: 1465 | AS4: 0.98 | AT4: 25 | AU4: 0.010416667 | AV4: 1407 | AW4: 0.98 | AX4: 17 | AY4: 0.0097222222 | AZ4: 1479 | BA4: 0.98 | BB4: 16 | BC4: 0.015972222 | BD4: 1483 | BE4: 0.97 | BF4: 31 | BG4: 0.011805556 | BH4: 1468 | BI4: 0.98 | BJ4: 18 | BK4: 0.015972222 | BL4: 1439 | BM4: 0.98 | BN4: 23 | BO4: 0.016666667 | BP4: 1432 | BQ4: 0.98 | BR4: 18 | BS4: 0.0097222222 | BT4: 1422 | BU4: 0.98 | BV4: 24 | BW4: 0.010416667 | BX4: 1335 | BY4: 0.98 | BZ4: 17 | CA4: 0.015972222 | CB4: 1390 | CC4: 0.98 | CD4: 20 | CE4: 0.011111111 | CF4: 1250 | CG4: 0.98 | CH4: 21 | CI4: 0.0097222222 | CJ4: 1481 | CK4: 0.98 | CL4: 18 | CM4: 0.011111111 | CN4: 1475 | CO4: 0.98 | CP4: 18 | CQ4: 0.010416667 | CR4: =VLOOKUP(E4,Sheet1!A:A,1,0) -> #N/A
A5: AP3322951315 | B5: BVT - 27/06/2024 | C5: RICHMOND | D5: CitiPower East | E5: 00:13:50:ff:fe:71:cf:d2 | F5: fd89:1e09:aa00:27d:213:50ff:fe71:cfd2 | G5: 4.8.6002 | H5: =VLOOKUP(A5,'AP Read Performance'!A:K,11,0) -> 1884 | I5: =VLOOKUP(A5,'AP Read Performance'!A:D,4,0) -> 0.98 | J5: =VLOOKUP(A5,'AP Read Performance'!A:I,9,0) -> 25 | K5: =VLOOKUP(A5,'AP Read Performance'!A:N,14,0) -> 0.01875 | L5: 1884 | M5: 0.98 | N5: 25 | O5: 0.01875 | P5: 1644 | Q5: 0.99 | R5: 12 | S5: 0.013194444 | T5: 1927 | U5: 0.94 | V5: 113 | W5: 0.020138889 | X5: 1497 | Y5: 0.99 | Z5: 14 | AA5: 0.019444444 | AB5: 1507 | AC5: 0.98 | AD5: 17 | AE5: 0.015972222 | AF5: 1618 | AG5: 0.98 | AH5: 18 | AI5: 0.015972222 | AJ5: 1564 | AK5: 0.99 | AL5: 14 | AM5: 0.0125 | AN5: 1646 | AO5: 0.97 | AP5: 35 | AQ5: 0.018055556 | AR5: 1481 | AS5: 0.99 | AT5: 13 | AU5: 0.011805556 | AV5: 1623 | AW5: 0.98 | AX5: 26 | AY5: 0.015972222 | AZ5: 1742 | BA5: 0.98 | BB5: 19 | BC5: 0.016666667 | BD5: 1731 | BE5: 0.98 | BF5: 30 | BG5: 0.019444444 | BH5: 1736 | BI5: 0.97 | BJ5: 38 | BK5: 0.016666667 | BL5: 1827 | BM5: 0.98 | BN5: 23 | BO5: 0.022222222 | BP5: 2002 | BQ5: 0.98 | BR5: 26 | BS5: 0.019444444 | BT5: 1875 | BU5: 0.98 | BV5: 21 | BW5: 0.016666667 | BX5: 1620 | BY5: 0.98 | BZ5: 29 | CA5: 0.022916667 | CB5: 1589 | CC5: 0.97 | CD5: 42 | CE5: 0.023611111 | CF5: 1250 | CG5: 0.98 | CH5: 22 | CI5: 0.020138889 | CJ5: 1813 | CK5: 0.99 | CL5: 18 | CM5: 0.016666667 | CN5: 1820 | CO5: 0.98 | CP5: 23 | CQ5: 0.015972222 | CR5: =VLOOKUP(E5,Sheet1!A:A,1,0) -> #N/A
A6: AP3920950953 | B6: BVT - 27/06/2024 | C6: Richmond | D6: CitiPower East | E6: 00:13:50:ff:fe:70:fd:e1 | F6: fd89:1e09:aa00:133:213:50ff:fe70:fde1 | G6: 4.8.6002 | H6: =VLOOKUP(A6,'AP Read Performance'!A:K,11,0) -> 1815 | I6: =VLOOKUP(A6,'AP Read Performance'!A:D,4,0) -> 0.99 | J6: =VLOOKUP(A6,'AP Read Performance'!A:I,9,0) -> 17 | K6: =VLOOKUP(A6,'AP Read Performance'!A:N,14,0) -> 0.016666667 | L6: 1815 | M6: 0.99 | N6: 17 | O6: 0.016666667 | P6: 1775 | Q6: 0.99 | R6: 11 | S6: 0.015972222 | T6: 1754 | U6: 0.99 | V6: 17 | W6: 0.019444444 | X6: 1677 | Y6: 0.99 | Z6: 11 | AA6: 0.015972222 | AB6: 1656 | AC6: 0.99 | AD6: 7 | AE6: 0.011111111 | AF6: 1699 | AG6: 0.99 | AH6: 16 | AI6: 0.015972222 | AJ6: 1705 | AK6: 0.99 | AL6: 10 | AM6: 0.013194444 | AN6: 1772 | AO6: 0.99 | AP6: 4 | AQ6: 0.011805556 | AR6: 1702 | AS6: 0.99 | AT6: 12 | AU6: 0.011805556 | AV6: 1726 | AW6: 0.99 | AX6: 14 | AY6: 0.011805556 | AZ6: 1716 | BA6: 0.99 | BB6: 13 | BC6: 0.011111111 | BD6: 1655 | BE6: 0.98 | BF6: 22 | BG6: 0.023611111 | BH6: 1652 | BI6: 0.98 | BJ6: 24 | BK6: 0.011111111 | BL6: 1674 | BM6: 0.98 | BN6: 19 | BO6: 0.016666667 | BP6: 1612 | BQ6: 0.98 | BR6: 32 | BS6: 0.011111111 | BT6: 1618 | BU6: 0.99 | BV6: 16 | BW6: 0.0097222222 | BX6: 1538 | BY6: 0.98 | BZ6: 20 | CA6: 0.015277778 | CB6: 1507 | CC6: 0.99 | CD6: 13 | CE6: 0.011805556 | CF6: 1561 | CG6: 0.99 | CH6: 9 | CI6: 0.0090277778 | CJ6: 1719 | CK6: 0.99 | CL6: 10 | CM6: 0.015972222 | CN6: 1779 | CO6: 0.99 | CP6: 12 | CQ6: 0.016666667 | CR6: =VLOOKUP(E6,Sheet1!A:A,1,0) -> #N/A
A7: AP2322950383 | B7: BVT - 27/06/2024 | C7: Richmond | D7: CitiPower East | E7: 00:13:50:ff:fe:71:b4:e9 | F7: fd89:1e09:aa00:217:213:50ff:fe71:b4e9 | G7: 4.8.6002 | H7: =VLOOKUP(A7,'AP Read Performance'!A:K,11,0) -> 1761 | I7: =VLOOKUP(A7,'AP Read Performance'!A:D,4,0) -> 0.99 | J7: =VLOOKUP(A7,'AP Read Performance'!A:I,9,0) -> 15 | K7: =VLOOKUP(A7,'AP Read Performance'!A:N,14,0) -> 0.016666667 | L7: 1761 | M7: 0.99 | N7: 15 | O7: 0.016666667 | P7: 1751 | Q7: 0.98 | R7: 29 | S7: 0.016666667 | T7: 1649 | U7: 0.98 | V7: 28 | W7: 0.019444444 | X7: 1764 | Y7: 0.98 | Z7: 20 | AA7: 0.013194444 | AB7: 1714 | AC7: 0.98 | AD7: 22 | AE7: 0.020138889 | AF7: 1776 | AG7: 0.98 | AH7: 30 | AI7: 0.022222222 | AJ7: 1835 | AK7: 0.99 | AL7: 12 | AM7: 0.018055556 | AN7: 1970 | AO7: 0.98 | AP7: 27 | AQ7: 0.017361111 | AR7: 1963 | AS7: 0.99 | AT7: 18 | AU7: 0.017361111 | AV7: 2064 | AW7: 0.98 | AX7: 27 | AY7: 0.017361111 | AZ7: 2027 | BA7: 0.98 | BB7: 21 | BC7: 0.016666667 | BD7: 2156 | BE7: 0.98 | BF7: 40 | BG7: 0.019444444 | BH7: 2128 | BI7: 0.98 | BJ7: 32 | BK7: 0.017361111 | BL7: 2046 | BM7: 0.97 | BN7: 44 | BO7: 0.022916667 | BP7: 2063 | BQ7: 0.99 | BR7: 16 | BS7: 0.018055556 | BT7: 2039 | BU7: 0.98 | BV7: 22 | BW7: 0.018055556 | BX7: 1908 | BY7: 0.98 | BZ7: 34 | CA7: 0.024305556 | CB7: 1930 | CC7: 0.98 | CD7: 36 | CE7: 0.020138889 | CF7: 1667 | CG7: 0.97 | CH7: 34 | CI7: 0.015972222 | CJ7: 2133 | CK7: 0.98 | CL7: 23 | CM7: 0.017361111 | CN7: 2092 | CO7: 0.99 | CP7: 16 | CQ7: 0.017361111 | CR7: =VLOOKUP(E7,Sheet1!A:A,1,0) -> #N/A
A8: AP3322951383 | B8: BVT - 27/06/2024 | C8: RICHMOND | D8: CitiPower East | E8: 00:13:50:ff:fe:71:cf:ff | F8: fd89:1e09:aa00:264:213:50ff:fe71:cfff | G8: 4.8.6002 | H8: =VLOOKUP(A8,'AP Read Performance'!A:K,11,0) -> 2925 | I8: =VLOOKUP(A8,'AP Read Performance'!A:D,4,0) -> 0.99 | J8: =VLOOKUP(A8,'AP Read Performance'!A:I,9,0) -> 23 | K8: =VLOOKUP(A8,'AP Read Performance'!A:N,14,0) -> 0.020138889 | L8: 2925 | M8: 0.99 | N8: 23 | O8: 0.020138889 | P8: 2709 | Q8: 0.98 | R8: 30 | S8: 0.019444444 | T8: 2672 | U8: 0.99 | V8: 23 | W8: 0.01875 | X8: 2555 | Y8: 0.99 | Z8: 25 | AA8: 0.018055556 | AB8: 2586 | AC8: 0.99 | AD8: 21 | AE8: 0.017361111 | AF8: 2713 | AG8: 0.99 | AH8: 24 | AI8: 0.018055556 | AJ8: 1946 | AK8: 0.99 | AL8: 11 | AM8: 0.018055556 | AN8: 1929 | AO8: 0.99 | AP8: 16 | AQ8: 0.016666667 | AR8: 1919 | AS8: 0.99 | AT8: 9 | AU8: 0.018055556 | AV8: 1909 | AW8: 0.98 | AX8: 21 | AY8: 0.017361111 | AZ8: 1879 | BA8: 0.98 | BB8: 21 | BC8: 0.017361111 | BD8: 1997 | BE8: 0.98 | BF8: 29 | BG8: 0.01875 | BH8: 1953 | BI8: 0.98 | BJ8: 29 | BK8: 0.017361111 | BL8: 1961 | BM8: 0.98 | BN8: 20 | BO8: 0.01875 | BP8: 2036 | BQ8: 0.99 | BR8: 20 | BS8: 0.020138889 | BT8: 2015 | BU8: 0.98 | BV8: 24 | BW8: 0.016666667 | BX8: 2062 | BY8: 0.99 | BZ8: 11 | CA8: 0.017361111 | CB8: 2034 | CC8: 0.99 | CD8: 20 | CE8: 0.018055556 | CF8: 1587 | CG8: 0.98 | CH8: 21 | CI8: 0.015972222 | CJ8: 2437 | CK8: 0.99 | CL8: 17 | CM8: 0.018055556 | CN8: 2457 | CO8: 0.99 | CP8: 21 | CQ8: 0.017361111 | CR8: =VLOOKUP(E8,Sheet1!A:A,1,0) -> #N/A
A9: AP2220950311 | B9: BVT - 27/06/2024 | C9: RICHMOND | D9: CitiPower East | E9: 00:13:50:ff:fe:70:df:a9 | F9: fd89:1e09:aa00:10a:213:50ff:fe70:dfa9 | G9: 4.8.6002 | H9: =VLOOKUP(A9,'AP Read Performance'!A:K,11,0) -> 2333 | I9: =VLOOKUP(A9,'AP Read Performance'!A:D,4,0) -> 0.98 | J9: =VLOOKUP(A9,'AP Read Performance'!A:I,9,0) -> 46 | K9: =VLOOKUP(A9,'AP Read Performance'!A:N,14,0) -> 0.020138889 | L9: 2333 | M9: 0.98 | N9: 46 | O9: 0.020138889 | P9: 2222 | Q9: 0.97 | R9: 65 | S9: 0.019444444 | T9: 2081 | U9: 0.98 | V9: 34 | W9: 0.020138889 | X9: 2110 | Y9: 0.98 | Z9: 34 | AA9: 0.018055556 | AB9: 2079 | AC9: 0.98 | AD9: 31 | AE9: 0.015972222 | AF9: 2046 | AG9: 0.97 | AH9: 44 | AI9: 0.011111111 | AJ9: 2105 | AK9: 0.98 | AL9: 26 | AM9: 0.01875 | AN9: 2061 | AO9: 0.99 | AP9: 14 | AQ9: 0.019444444 | AR9: 2105 | AS9: 0.98 | AT9: 29 | AU9: 0.016666667 | AV9: 1988 | AW9: 0.98 | AX9: 22 | AY9: 0.017361111 | AZ9: 2172 | BA9: 0.99 | BB9: 21 | BC9: 0.020833333 | BD9: 2147 | BE9: 0.95 | BF9: 100 | BG9: 0.023611111 | BH9: 2152 | BI9: 0.98 | BJ9: 33 | BK9: 0.017361111 | BL9: 2133 | BM9: 0.98 | BN9: 23 | BO9: 0.016666667 | BP9: 2336 | BQ9: 0.98 | BR9: 39 | BS9: 0.020138889 | BT9: 2418 | BU9: 0.98 | BV9: 28 | BW9: 0.016666667 | BX9: 2067 | BY9: 0.98 | BZ9: 26 | CA9: 0.017361111 | CB9: 2061 | CC9: 0.98 | CD9: 28 | CE9: 0.016666667 | CF9: 1852 | CG9: 0.99 | CH9: 14 | CI9: 0.015972222 | CJ9: 2171 | CK9: 0.98 | CL9: 37 | CM9: 0.017361111 | CN9: 2194 | CO9: 0.98 | CP9: 24 | CQ9: 0.015972222 | CR9: =VLOOKUP(E9,Sheet1!A:A,1,0) -> #N/A
A10: AP2123950455 | B10: BVT - 27/06/2024 | C10: Richmond | D10: CitiPower East | E10: 00:13:50:ff:fe:72:3c:b3 | F10: fd89:1e09:aa00:646:213:50ff:fe72:3cb3 | G10: 5.4.6040 | H10: =VLOOKUP(A10,'AP Read Performance'!A:K,11,0) -> 2887 | I10: =VLOOKUP(A10,'AP Read Performance'!A:D,4,0) -> 0.98 | J10: =VLOOKUP(A10,'AP Read Performance'!A:I,9,0) -> 51 | K10: =VLOOKUP(A10,'AP Read Performance'!A:N,14,0) -> 0.022916667 | L10: 2887 | M10: 0.98 | N10: 51 | O10: 0.022916667 | P10: 2634 | Q10: 0.97 | R10: 58 | S10: 0.01875 | T10: 2799 | U10: 0.98 | V10: 32 | W10: 0.021527778 | X10: 2833 | Y10: 0.99 | Z10: 25 | AA10: 0.016666667 | AB10: 2935 | AC10: 0.97 | AD10: 77 | AE10: 0.021527778 | AF10: 2573 | AG10: 0.98 | AH10: 29 | AI10: 0.017361111 | AJ10: 2370 | AK10: 0.97 | AL10: 69 | AM10: 0.025694444 | AN10: 2480 | AO10: 0.98 | AP10: 27 | AQ10: 0.018055556 | AR10: 2471 | AS10: 0.98 | AT10: 29 | AU10: 0.01875 | AV10: 2519 | AW10: 0.98 | AX10: 42 | AY10: 0.017361111 | AZ10: 2315 | BA10: 0.96 | BB10: 71 | BC10: 0.024305556 | BD10: 2234 | BE10: 0.92 | BF10: 168 | BG10: 0.024305556 | BH10: 2250 | BI10: 0.96 | BJ10: 79 | BK10: 0.021527778 | BL10: 2429 | BM10: 0.99 | BN10: 24 | BO10: 0.017361111 | BP10: 2209 | BQ10: 0.98 | BR10: 34 | BS10: 0.019444444 | BT10: 2439 | BU10: 0.99 | BV10: 24 | BW10: 0.019444444 | BX10: 1886 | BY10: 0.97 | BZ10: 38 | CA10: 0.016666667 | CB10: 1885 | CC10: 0.98 | CD10: 28 | CE10: 0.015972222 | CF10: 1740 | CG10: 0.98 | CH10: 24 | CI10: 0.015972222 | CJ10: 2357 | CK10: 0.98 | CL10: 37 | CM10: 0.018055556 | CN10: 2333 | CO10: 0.98 | CP10: 24 | CQ10: 0.01875 | CR10: =VLOOKUP(E10,Sheet1!A:A,1,0) -> #N/A
A11: AP4122950098 | B11: BVT - 27/06/2024 | C11: RICHMOND | D11: CitiPower East | E11: 00:13:50:ff:fe:71:e9:2e | F11: fd89:1e09:aa00:2f4:213:50ff:fe71:e92e | G11: 4.8.6002 | H11: =VLOOKUP(A11,'AP Read Performance'!A:K,11,0) -> 2674 | I11: =VLOOKUP(A11,'AP Read Performance'!A:D,4,0) -> 0.98 | J11: =VLOOKUP(A11,'AP Read Performance'!A:I,9,0) -> 28 | K11: =VLOOKUP(A11,'AP Read Performance'!A:N,14,0) -> 0.020833333 | L11: 2674 | M11: 0.98 | N11: 28 | O11: 0.020833333 | P11: 2521 | Q11: 0.98 | R11: 27 | S11: 0.022222222 | T11: 2383 | U11: 0.98 | V11: 40 | W11: 0.019444444 | X11: 2630 | Y11: 0.98 | Z11: 27 | AA11: 0.022222222 | AB11: 2665 | AC11: 0.99 | AD11: 11 | AE11: 0.019444444 | AF11: 2547 | AG11: 0.99 | AH11: 11 | AI11: 0.018055556 | AJ11: 2672 | AK11: 0.99 | AL11: 15 | AM11: 0.011805556 | AN11: 2713 | AO11: 0.99 | AP11: 27 | AQ11: 0.01875 | AR11: 2827 | AS11: 0.99 | AT11: 15 | AU11: 0.019444444 | AV11: 2801 | AW11: 0.99 | AX11: 17 | AY11: 0.01875 | AZ11: 2606 | BA11: 0.99 | BB11: 14 | BC11: 0.01875 | BD11: 2795 | BE11: 0.99 | BF11: 13 | BG11: 0.020833333 | BH11: 2644 | BI11: 0.99 | BJ11: 20 | BK11: 0.016666667 | BL11: 2594 | BM11: 0.99 | BN11: 14 | BO11: 0.016666667 | BP11: 2937 | BQ11: 0.99 | BR11: 18 | BS11: 0.020138889 | BT11: 2929 | BU11: 0.99 | BV11: 17 | BW11: 0.01875 | BX11: 2538 | BY11: 0.99 | BZ11: 23 | CA11: 0.01875 | CB11: 2491 | CC11: 0.99 | CD11: 8 | CE11: 0.019444444 | CF11: 2025 | CG11: 0.99 | CH11: 11 | CI11: 0.016666667 | CJ11: 2774 | CK11: 0.99 | CL11: 23 | CM11: 0.01875 | CN11: 2771 | CO11: 0.98 | CP11: 38 | CQ11: 0.01875 | CR11: =VLOOKUP(E11,Sheet1!A:A,1,0) -> #N/A
A12: AP1223950064 | B12: BVT - 27/06/2024 | C12: RICHMOND | D12: CitiPower East | E12: 00:13:50:ff:fe:72:31:44 | F12: fd89:1e09:aa00:4b2:213:50ff:fe72:3144 | G12: 5.4.6040 | H12: =VLOOKUP(A12,'AP Read Performance'!A:K,11,0) -> 3524 | I12: =VLOOKUP(A12,'AP Read Performance'!A:D,4,0) -> 0.98 | J12: =VLOOKUP(A12,'AP Read Performance'!A:I,9,0) -> 36 | K12: =VLOOKUP(A12,'AP Read Performance'!A:N,14,0) -> 0.022222222 | L12: 3524 | M12: 0.98 | N12: 36 | O12: 0.022222222 | P12: 3404 | Q12: 0.98 | R12: 38 | S12: 0.020833333 | T12: 3380 | U12: 0.97 | V12: 81 | W12: 0.022916667 | X12: 3431 | Y12: 0.99 | Z12: 23 | AA12: 0.01875 | AB12: 3497 | AC12: 0.98 | AD12: 37 | AE12: 0.01875 | AF12: 3525 | AG12: 0.98 | AH12: 36 | AI12: 0.021527778 | AJ12: 3314 | AK12: 0.99 | AL12: 30 | AM12: 0.019444444 | AN12: 3399 | AO12: 0.99 | AP12: 27 | AQ12: 0.020833333 | AR12: 3174 | AS12: 0.99 | AT12: 28 | AU12: 0.019444444 | AV12: 3106 | AW12: 0.99 | AX12: 31 | AY12: 0.019444444 | AZ12: 2943 | BA12: 0.99 | BB12: 24 | BC12: 0.01875 | BD12: 3179 | BE12: 0.98 | BF12: 33 | BG12: 0.020138889 | BH12: 3364 | BI12: 0.98 | BJ12: 39 | BK12: 0.018055556 | BL12: 3268 | BM12: 0.98 | BN12: 48 | BO12: 0.023611111 | BP12: 3511 | BQ12: 0.99 | BR12: 27 | BS12: 0.021527778 | BT12: 3714 | BU12: 0.99 | BV12: 26 | BW12: 0.019444444 | BX12: 3197 | BY12: 0.98 | BZ12: 41 | CA12: 0.022916667 | CB12: 3059 | CC12: 0.98 | CD12: 35 | CE12: 0.022222222 | CF12: 2795 | CG12: 0.98 | CH12: 28 | CI12: 0.016666667 | CJ12: 2158 | CK12: 0.98 | CL12: 22 | CM12: 0.015972222 | CN12: 2051 | CO12: 0.99 | CP12: 13 | CQ12: 0.011111111 | CR12: =VLOOKUP(E12,Sheet1!A:A,1,0) -> #N/A
A13: AP3322951343 | B13: Stage 1 - 03/07/2024 | C13: PARKVILLE | D13: CitiPower North | E13: 00:13:50:ff:fe:71:d0:18 | F13: fd89:1e09:aa00:253:213:50ff:fe71:d018 | G13: 4.8.6002 | H13: =VLOOKUP(A13,'AP Read Performance'!A:K,11,0) -> 366 | I13: =VLOOKUP(A13,'AP Read Performance'!A:D,4,0) -> 0.99 | J13: =VLOOKUP(A13,'AP Read Performance'!A:I,9,0) -> 1 | K13: =VLOOKUP(A13,'AP Read Performance'!A:N,14,0) -> 0.0083333333 | L13: 366 | M13: 0.99 | N13: 1 | O13: 0.0083333333 | P13: 321 | Q13: 0.99 | R13: 2 | S13: 0.0083333333 | T13: 510 | U13: 0.89 | V13: 55 | W13: 0.011805556 | X13: 286 | Y13: 0.99 | Z13: 1 | AA13: 0.0076388889 | AB13: 276 | AC13: 0.98 | AD13: 3 | AE13: 0.0090277778 | AF13: 399 | AG13: 0.99 | AH13: 1 | AI13: 0.0090277778 | AJ13: 351 | AK13: 0.99 | AL13: 2 | AM13: 0.0090277778 | AN13: 314 | AO13: 1 | AP13: 0 | AQ13: 0.0076388889 | AR13: 350 | AS13: 0.99 | AT13: 3 | AU13: 0.0076388889 | AV13: 420 | AW13: 0.99 | AX13: 3 | AY13: 0.0090277778 | AZ13: 354 | BA13: 0.98 | BB13: 4 | BC13: 0.0083333333 | BD13: 431 | BE13: 0.98 | BF13: 6 | BG13: 0.0097222222 | BH13: 320 | BI13: 0.99 | BJ13: 1 | BK13: 0.0097222222 | BL13: 348 | BM13: 0.97 | BN13: 7 | BO13: 0.010416667 | BP13: 396 | BQ13: 0.99 | BR13: 2 | BS13: 0.0090277778 | BT13: 610 | BU13: 0.99 | BV13: 2 | BW13: 0.0090277778 | BX13: 347 | BY13: 0.99 | BZ13: 2 | CA13: 0.0090277778 | CB13: 302 | CC13: 1 | CD13: 0 | CE13: 0.0090277778 | CF13: 487 | CG13: 0.99 | CH13: 1 | CI13: 0.0097222222 | CJ13: 327 | CK13: 0.99 | CL13: 3 | CM13: 0.0090277778 | CN13: 327 | CO13: 0.99 | CP13: 2 | CQ13: 0.0125 | CR13: =VLOOKUP(E13,Sheet1!A:A,1,0) -> #N/A
A14: AP3322951329 | B14: Stage 1 - 03/07/2024 | C14: Docklands | D14: CitiPower North | E14: 00:13:50:ff:fe:71:cf:d7 | F14: fd89:1e09:aa00:278:213:50ff:fe71:cfd7 | G14: 4.8.6002 | H14: =VLOOKUP(A14,'AP Read Performance'!A:K,11,0) -> 404 | I14: =VLOOKUP(A14,'AP Read Performance'!A:D,4,0) -> 0.99 | J14: =VLOOKUP(A14,'AP Read Performance'!A:I,9,0) -> 3 | K14: =VLOOKUP(A14,'AP Read Performance'!A:N,14,0) -> 0.0097222222 | L14: 404 | M14: 0.99 | N14: 3 | O14: 0.0097222222 | P14: 409 | Q14: 0.98 | R14: 6 | S14: 0.011805556 | T14: 428 | U14: 0.98 | V14: 8 | W14: 0.011805556 | X14: 395 | Y14: 1 | Z14: 0 | AA14: 0.0097222222 | AB14: 379 | AC14: 0.98 | AD14: 5 | AE14: 0.010416667 | AF14: 385 | AG14: 1 | AH14: 0 | AI14: 0.0083333333 | AJ14: 423 | AK14: 0.98 | AL14: 7 | AM14: 0.011111111 | AN14: 409 | AO14: 0.98 | AP14: 6 | AQ14: 0.010416667 | AR14: 421 | AS14: 0.99 | AT14: 1 | AU14: 0.011111111 | AV14: 432 | AW14: 1 | AX14: 0 | AY14: 0.011111111 | AZ14: 448 | BA14: 0.99 | BB14: 4 | BC14: 0.0097222222 | BD14: 508 | BE14: 0.98 | BF14: 9 | BG14: 0.0097222222 | BH14: 444 | BI14: 0.99 | BJ14: 3 | BK14: 0.010416667 | BL14: 461 | BM14: 0.99 | BN14: 2 | BO14: 0.011111111 | BP14: 414 | BQ14: 0.99 | BR14: 3 | BS14: 0.0097222222 | BT14: 366 | BU14: 0.99 | BV14: 1 | BW14: 0.010416667 | BX14: 472 | BY14: 0.98 | BZ14: 5 | CA14: 0.010416667 | CB14: 397 | CC14: 0.98 | CD14: 4 | CE14: 0.010416667 | CF14: 396 | CG14: 0.99 | CH14: 3 | CI14: 0.0090277778 | CJ14: 439 | CK14: 0.92 | CL14: 35 | CM14: 0.011805556 | CN14: 407 | CO14: 0.99 | CP14: 3 | CQ14: 0.010416667 | CR14: =VLOOKUP(E14,Sheet1!A:A,1,0) -> #N/A
... A44: AP3920950905 | B44: Stage 1 - 03/07/2024 | C44: Corio | D44: Geelong | E44: 00:13:50:ff:fe:70:fd:c2 | F44: fd89:1e09:aa00:147:213:50ff:fe70:fdc2 | G44: 4.8.6002 | H44: =VLOOKUP(A44,'AP Read Performance'!A:K,11,0) -> 2103 | I44: =VLOOKUP(A44,'AP Read Performance'!A:D,4,0) -> 0.99 | J44: =VLOOKUP(A44,'AP Read Performance'!A:I,9,0) -> 16 | K44: =VLOOKUP(A44,'AP Read Performance'!A:N,14,0) -> 0.016666667 | L44: 2103 | M44: 0.99 | N44: 16 | O44: 0.016666667 | P44: 2006 | Q44: 0.99 | R44: 14 | S44: 0.016666667 | T44: 2006 | U44: 0.99 | V44: 13 | W44: 0.016666667 | X44: 2031 | Y44: 0.98 | Z44: 22 | AA44: 0.017361111 | AB44: 1908 | AC44: 0.99 | AD44: 7 | AE44: 0.016666667 | AF44: 1942 | AG44: 0.99 | AH44: 16 | AI44: 0.015277778 | AJ44: 1683 | AK44: 0.99 | AL44: 6 | AM44: 0.016666667 | AN44: 1659 | AO44: 0.99 | AP44: 10 | AQ44: 0.016666667 | AR44: 1611 | AS44: 0.98 | AT44: 18 | AU44: 0.011805556 | AV44: 1584 | AW44: 0.99 | AX44: 7 | AY44: 0.011805556 | AZ44: 1519 | BA44: 0.98 | BB44: 21 | BC44: 0.011111111 | BD44: 1426 | BE44: 0.98 | BF44: 24 | BG44: 0.0125 | BH44: 1363 | BI44: 0.98 | BJ44: 17 | BK44: 0.0125 | BL44: 1349 | BM44: 0.99 | BN44: 11 | BO44: 0.011805556 | BP44: 1212 | BQ44: 0.98 | BR44: 13 | BS44: 0.013194444 | BT44: 1205 | BU44: 0.99 | BV44: 7 | BW44: 0.011805556 | BX44: 1955 | BY44: 0.99 | BZ44: 11 | CA44: 0.016666667 | CB44: 1956 | CC44: 0.98 | CD44: 21 | CE44: 0.016666667 | CF44: 2012 | CG44: 0.99 | CH44: 9 | CI44: 0.016666667 | CJ44: 2009 | CK44: 0.99 | CL44: 15 | CM44: 0.018055556 | CN44: 2008 | CO44: 0.99 | CP44: 16 | CQ44: 0.019444444 | CR44: =VLOOKUP(E44,Sheet1!A:A,1,0) -> #N/A
A45: AP3621950949 | B45: Stage 1 - 03/07/2024 | C45: Tarneit | D45: Ardeer | E45: 00:13:50:ff:fe:71:60:80 | F45: fd89:1e09:aa00:16c:213:50ff:fe71:6080 | G45: 4.8.6002 | H45: =VLOOKUP(A45,'AP Read Performance'!A:K,11,0) -> #N/A | I45: =VLOOKUP(A45,'AP Read Performance'!A:D,4,0) -> #N/A | J45: =VLOOKUP(A45,'AP Read Performance'!A:I,9,0) -> #N/A | K45: =VLOOKUP(A45,'AP Read Performance'!A:N,14,0) -> #N/A | L45: #N/A | M45: #N/A | N45: #N/A | O45: #N/A | P45: #N/A | Q45: #N/A | R45: #N/A | S45: #N/A | T45: 1831 | U45: 0.99 | V45: 13 | W45: 0.016666667 | X45: 1837 | Y45: 0.99 | Z45: 16 | AA45: 0.010416667 | AB45: 1816 | AC45: 0.99 | AD45: 13 | AE45: 0.010416667 | AF45: 1803 | AG45: 0.99 | AH45: 15 | AI45: 0.015972222 | AJ45: 1687 | AK45: 0.99 | AL45: 10 | AM45: 0.013194444 | AN45: 1720 | AO45: 0.99 | AP45: 10 | AQ45: 0.011805556 | AR45: 1641 | AS45: 0.99 | AT45: 15 | AU45: 0.011805556 | AV45: 1647 | AW45: 0.99 | AX45: 8 | AY45: 0.011805556 | AZ45: 1489 | BA45: 0.99 | BB45: 13 | BC45: 0.020138889 | BD45: 1349 | BE45: 0.98 | BF45: 16 | BG45: 0.018055556 | BH45: 1090 | BI45: 0.97 | BJ45: 24 | BK45: 0.011805556 | BL45: 919 | BM45: 0.99 | BN45: 6 | BO45: 0.011805556 | BP45: 688 | BQ45: 0.99 | BR45: 6 | BS45: 0.011805556 | BT45: 546 | BU45: 0.98 | BV45: 9 | BW45: 0.0097222222 | BX45: 1059 | BY45: 0.99 | BZ45: 6 | CA45: 0.0125 | CB45: 1088 | CC45: 0.98 | CD45: 13 | CE45: 0.018055556 | CF45: 977 | CG45: 0.99 | CH45: 8 | CI45: 0.011805556 | CJ45: 969 | CK45: 0.99 | CL45: 3 | CM45: 0.011111111 | CN45: 874 | CO45: 0.99 | CP45: 6 | CQ45: 0.011111111 | CR45: =VLOOKUP(E45,Sheet1!A:A,1,0) -> #N/A
A46: AP4122950074 | B46: Stage 1 - 03/07/2024 | C46: CARLTON | D46: CitiPower North | E46: 00:13:50:ff:fe:71:e9:82 | F46: fd89:1e09:aa00:2c0:213:50ff:fe71:e982 | G46: 4.8.6002 | H46: =VLOOKUP(A46,'AP Read Performance'!A:K,11,0) -> 3024 | I46: =VLOOKUP(A46,'AP Read Performance'!A:D,4,0) -> 0.99 | J46: =VLOOKUP(A46,'AP Read Performance'!A:I,9,0) -> 27 | K46: =VLOOKUP(A46,'AP Read Performance'!A:N,14,0) -> 0.022222222 | L46: 3024 | M46: 0.99 | N46: 27 | O46: 0.022222222 | P46: 2285 | Q46: 0.98 | R46: 24 | S46: 0.016666667 | T46: 2347 | U46: 0.98 | V46: 37 | W46: 0.021527778 | X46: 2366 | Y46: 0.99 | Z46: 18 | AA46: 0.016666667 | AB46: 2351 | AC46: 0.99 | AD46: 19 | AE46: 0.01875 | AF46: 2308 | AG46: 0.99 | AH46: 12 | AI46: 0.018055556 | AJ46: 1720 | AK46: 0.99 | AL46: 10 | AM46: 0.017361111 | AN46: 1432 | AO46: 0.99 | AP46: 14 | AQ46: 0.011805556 | AR46: 1417 | AS46: 0.99 | AT46: 14 | AU46: 0.011805556 | AV46: 2220 | AW46: 0.98 | AX46: 25 | AY46: 0.017361111 | AZ46: 2134 | BA46: 0.99 | BB46: 13 | BC46: 0.016666667 | BD46: 2195 | BE46: 0.96 | BF46: 74 | BG46: 0.01875 | BH46: 1997 | BI46: 0.98 | BJ46: 21 | BK46: 0.017361111 | BL46: 1947 | BM46: 0.98 | BN46: 24 | BO46: 0.016666667 | BP46: 1650 | BQ46: 0.99 | BR46: 12 | BS46: 0.0125 | BT46: 1588 | BU46: 0.99 | BV46: 14 | BW46: 0.015972222 | BX46: 2442 | BY46: 0.99 | BZ46: 24 | CA46: 0.017361111 | CB46: 2413 | CC46: 0.98 | CD46: 27 | CE46: 0.01875 | CF46: 2336 | CG46: 0.99 | CH46: 17 | CI46: 0.018055556 | CJ46: 2357 | CK46: 0.99 | CL46: 20 | CM46: 0.017361111 | CN46: 2378 | CO46: 0.99 | CP46: 19 | CQ46: 0.017361111 | CR46: =VLOOKUP(E46,Sheet1!A:A,1,0) -> #N/A
A47: AP3920950952 | B47: Stage 1 - 03/07/2024 | C47: Melton South | D47: Ardeer | E47: 00:13:50:ff:fe:70:fd:e0 | F47: fd89:1e09:aa00:134:213:50ff:fe70:fde0 | G47: 4.8.6002 | H47: =VLOOKUP(A47,'AP Read Performance'!A:K,11,0) -> 2875 | I47: =VLOOKUP(A47,'AP Read Performance'!A:D,4,0) -> 0.99 | J47: =VLOOKUP(A47,'AP Read Performance'!A:I,9,0) -> 17 | K47: =VLOOKUP(A47,'AP Read Performance'!A:N,14,0) -> 0.01875 | L47: 2875 | M47: 0.99 | N47: 17 | O47: 0.01875 | P47: 1399 | Q47: 0.99 | R47: 7 | S47: 0.020138889 | T47: 1773 | U47: 0.98 | V47: 18 | W47: 0.015972222 | X47: 1698 | Y47: 0.99 | Z47: 15 | AA47: 0.013194444 | AB47: 1723 | AC47: 0.99 | AD47: 17 | AE47: 0.016666667 | AF47: 1762 | AG47: 0.98 | AH47: 19 | AI47: 0.018055556 | AJ47: 1770 | AK47: 0.98 | AL47: 21 | AM47: 0.0125 | AN47: 2079 | AO47: 0.99 | AP47: 13 | AQ47: 0.016666667 | AR47: 2064 | AS47: 0.99 | AT47: 13 | AU47: 0.01875 | AV47: 1782 | AW47: 0.97 | AX47: 37 | AY47: 0.011805556 | AZ47: 1735 | BA47: 0.98 | BB47: 26 | BC47: 0.020138889 | BD47: 1599 | BE47: 0.98 | BF47: 29 | BG47: 0.020138889 | BH47: 1717 | BI47: 0.98 | BJ47: 18 | BK47: 0.016666667 | BL47: 1660 | BM47: 0.98 | BN47: 17 | BO47: 0.015972222 | BP47: 1182 | BQ47: 0.99 | BR47: 10 | BS47: 0.0125 | BT47: 866 | BU47: 0.99 | BV47: 7 | BW47: 0.0125 | BX47: 2132 | BY47: 0.99 | BZ47: 21 | CA47: 0.020833333 | CB47: 2100 | CC47: 0.99 | CD47: 17 | CE47: 0.011111111 | CF47: 2126 | CG47: 0.99 | CH47: 15 | CI47: 0.018055556 | CJ47: 2017 | CK47: 0.99 | CL47: 13 | CM47: 0.01875 | CN47: 2044 | CO47: 0.98 | CP47: 22 | CQ47: 0.016666667 | CR47: =VLOOKUP(E47,Sheet1!A:A,1,0) -> #N/A
A48: AP3322951344 | B48: Stage 1 - 03/07/2024 | C48: ALBERT PARK | D48: CitiPower South | E48: 00:13:50:ff:fe:71:d0:48 | F48: fd89:1e09:aa00:237:213:50ff:fe71:d048 | G48: 4.8.6002 | H48: =VLOOKUP(A48,'AP Read Performance'!A:K,11,0) -> 2561 | I48: =VLOOKUP(A48,'AP Read Performance'!A:D,4,0) -> 0.99 | J48: =VLOOKUP(A48,'AP Read Performance'!A:I,9,0) -> 23 | K48: =VLOOKUP(A48,'AP Read Performance'!A:N,14,0) -> 0.021527778 | L48: 2561 | M48: 0.99 | N48: 23 | O48: 0.021527778 | P48: 2149 | Q48: 0.99 | R48: 15 | S48: 0.017361111 | T48: 2223 | U48: 0.99 | V48: 21 | W48: 0.019444444 | X48: 2172 | Y48: 0.99 | Z48: 18 | AA48: 0.01875 | AB48: 2161 | AC48: 0.99 | AD48: 17 | AE48: 0.016666667 | AF48: 2297 | AG48: 0.99 | AH48: 22 | AI48: 0.018055556 | AJ48: 1832 | AK48: 0.99 | AL48: 10 | AM48: 0.016666667 | AN48: 1846 | AO48: 0.99 | AP48: 11 | AQ48: 0.015972222 | AR48: 1647 | AS48: 0.99 | AT48: 10 | AU48: 0.010416667 | AV48: 2065 | AW48: 0.99 | AX48: 16 | AY48: 0.034722222 | AZ48: 2155 | BA48: 0.99 | BB48: 12 | BC48: 0.015972222 | BD48: 1999 | BE48: 0.98 | BF48: 21 | BG48: 0.01875 | BH48: 2186 | BI48: 0.98 | BJ48: 32 | BK48: 0.017361111 | BL48: 2105 | BM48: 0.99 | BN48: 14 | BO48: 0.016666667 | BP48: 1574 | BQ48: 0.98 | BR48: 16 | BS48: 0.0125 | BT48: 1508 | BU48: 0.99 | BV48: 14 | BW48: 0.015972222 | BX48: 2242 | BY48: 0.99 | BZ48: 14 | CA48: 0.01875 | CB48: 2213 | CC48: 0.99 | CD48: 19 | CE48: 0.041666667 | CF48: 2351 | CG48: 0.99 | CH48: 20 | CI48: 0.016666667 | CJ48: 2373 | CK48: 0.98 | CL48: 25 | CM48: 0.018055556 | CN48: 2315 | CO48: 0.99 | CP48: 11 | CQ48: 0.017361111 | CR48: =VLOOKUP(E48,Sheet1!A:A,1,0) -> #N/A
A49: AP3920950922 | B49: Stage 1 - 03/07/2024 | C49: Bell Park | D49: Geelong | E49: 00:13:50:ff:fe:70:fd:be | F49: fd89:1e09:aa00:14b:213:50ff:fe70:fdbe | G49: 4.8.6002 | H49: =VLOOKUP(A49,'AP Read Performance'!A:K,11,0) -> 1925 | I49: =VLOOKUP(A49,'AP Read Performance'!A:D,4,0) -> 0.98 | J49: =VLOOKUP(A49,'AP Read Performance'!A:I,9,0) -> 29 | K49: =VLOOKUP(A49,'AP Read Performance'!A:N,14,0) -> 0.020138889 | L49: 1925 | M49: 0.98 | N49: 29 | O49: 0.020138889 | P49: 1541 | Q49: 0.98 | R49: 30 | S49: 0.011805556 | T49: 1869 | U49: 0.98 | V49: 25 | W49: 0.020138889 | X49: 1931 | Y49: 0.98 | Z49: 29 | AA49: 0.01875 | AB49: 1981 | AC49: 0.98 | AD49: 34 | AE49: 0.016666667 | AF49: 1598 | AG49: 0.98 | AH49: 22 | AI49: 0.015972222 | AJ49: 1834 | AK49: 0.98 | AL49: 21 | AM49: 0.018055556 | AN49: 1851 | AO49: 0.98 | AP49: 24 | AQ49: 0.017361111 | AR49: 1900 | AS49: 0.98 | AT49: 29 | AU49: 0.017361111 | AV49: 1918 | AW49: 0.98 | AX49: 22 | AY49: 0.020138889 | AZ49: 1990 | BA49: 0.98 | BB49: 22 | BC49: 0.017361111 | BD49: 1976 | BE49: 0.97 | BF49: 44 | BG49: 0.023611111 | BH49: 2014 | BI49: 0.98 | BJ49: 31 | BK49: 0.021527778 | BL49: 1928 | BM49: 0.98 | BN49: 26 | BO49: 0.020138889 | BP49: 1715 | BQ49: 0.98 | BR49: 19 | BS49: 0.018055556 | BT49: 1591 | BU49: 0.96 | BV49: 53 | BW49: 0.019444444 | BX49: 1919 | BY49: 0.98 | BZ49: 28 | CA49: 0.017361111 | CB49: 1876 | CC49: 0.98 | CD49: 26 | CE49: 0.016666667 | CF49: 1798 | CG49: 0.99 | CH49: 16 | CI49: 0.01875 | CJ49: 1800 | CK49: 0.98 | CL49: 24 | CM49: 0.011111111 | CN49: 1787 | CO49: 0.98 | CP49: 31 | CQ49: 0.015972222 | CR49: =VLOOKUP(E49,Sheet1!A:A,1,0) -> #N/A
A50: AP3920950925 | B50: Stage 1 - 03/07/2024 | C50: Leopold | D50: Geelong | E50: 00:13:50:ff:fe:70:fd:cb | F50: fd89:1e09:aa00:143:213:50ff:fe70:fdcb | G50: 4.8.6002 | H50: =VLOOKUP(A50,'AP Read Performance'!A:K,11,0) -> 2602 | I50: =VLOOKUP(A50,'AP Read Performance'!A:D,4,0) -> 0.98 | J50: =VLOOKUP(A50,'AP Read Performance'!A:I,9,0) -> 35 | K50: =VLOOKUP(A50,'AP Read Performance'!A:N,14,0) -> 0.020138889 | L50: 2602 | M50: 0.98 | N50: 35 | O50: 0.020138889 | P50: 2144 | Q50: 0.97 | R50: 48 | S50: 0.019444444 | T50: 2462 | U50: 0.98 | V50: 25 | W50: 0.019444444 | X50: 2448 | Y50: 0.98 | Z50: 33 | AA50: 0.022222222 | AB50: 2339 | AC50: 0.98 | AD50: 25 | AE50: 0.020833333 | AF50: 2480 | AG50: 0.98 | AH50: 33 | AI50: 0.020138889 | AJ50: 1836 | AK50: 0.98 | AL50: 28 | AM50: 0.013194444 | AN50: 1826 | AO50: 0.99 | AP50: 15 | AQ50: 0.017361111 | AR50: 1848 | AS50: 0.98 | AT50: 21 | AU50: 0.020138889 | AV50: 2313 | AW50: 0.99 | AX50: 19 | AY50: 0.017361111 | AZ50: 2038 | BA50: 0.98 | BB50: 26 | BC50: 0.020833333 | BD50: 1998 | BE50: 0.98 | BF50: 38 | BG50: 0.018055556 | BH50: 1899 | BI50: 0.97 | BJ50: 38 | BK50: 0.015972222 | BL50: 1826 | BM50: 0.99 | BN50: 10 | BO50: 0.020138889 | BP50: 1349 | BQ50: 0.97 | BR50: 33 | BS50: 0.015972222 | BT50: 1251 | BU50: 0.98 | BV50: 14 | BW50: 0.0125 | BX50: 2066 | BY50: 0.98 | BZ50: 22 | CA50: 0.017361111 | CB50: 2009 | CC50: 0.98 | CD50: 31 | CE50: 0.018055556 | CF50: 2144 | CG50: 0.99 | CH50: 20 | CI50: 0.018055556 | CJ50: 2197 | CK50: 0.98 | CL50: 38 | CM50: 0.017361111 | CN50: 2170 | CO50: 0.99 | CP50: 19 | CQ50: 0.018055556 | CR50: =VLOOKUP(E50,Sheet1!A:A,1,0) -> #N/A
A51: AP2422950130 | B51: Stage 1 - 03/07/2024 | C51: Toorak | D51: CitiPower South | E51: 00:13:50:ff:fe:71:ba:47 | F51: fd89:1e09:aa00:1c8:213:50ff:fe71:ba47 | G51: 4.8.6002 | H51: =VLOOKUP(A51,'AP Read Performance'!A:K,11,0) -> 1993 | I51: =VLOOKUP(A51,'AP Read Performance'!A:D,4,0) -> 0.97 | J51: =VLOOKUP(A51,'AP Read Performance'!A:I,9,0) -> 53 | K51: =VLOOKUP(A51,'AP Read Performance'!A:N,14,0) -> 0.01875 | L51: 1993 | M51: 0.97 | N51: 53 | O51: 0.01875 | P51: 1700 | Q51: 0.95 | R51: 77 | S51: 0.025694444 | T51: 1811 | U51: 0.97 | V51: 40 | W51: 0.019444444 | X51: 1563 | Y51: 0.97 | Z51: 42 | AA51: 0.018055556 | AB51: 1620 | AC51: 0.97 | AD51: 40 | AE51: 0.013194444 | AF51: 1680 | AG51: 0.94 | AH51: 88 | AI51: 0.01875 | AJ51: 1839 | AK51: 0.98 | AL51: 25 | AM51: 0.022222222 | AN51: 1823 | AO51: 0.96 | AP51: 65 | AQ51: 0.022916667 | AR51: 1832 | AS51: 0.98 | AT51: 19 | AU51: 0.019444444 | AV51: 1969 | AW51: 0.99 | AX51: 18 | AY51: 0.017361111 | AZ51: 2263 | BA51: 0.98 | BB51: 32 | BC51: 0.017361111 | BD51: 1778 | BE51: 0.96 | BF51: 54 | BG51: 0.019444444 | BH51: 1742 | BI51: 0.97 | BJ51: 36 | BK51: 0.015972222 | BL51: 1661 | BM51: 0.98 | BN51: 22 | BO51: 0.0125 | BP51: 1400 | BQ51: 0.98 | BR51: 17 | BS51: 0.020833333 | BT51: 1184 | BU51: 0.98 | BV51: 14 | BW51: 0.019444444 | BX51: 1823 | BY51: 0.98 | BZ51: 30 | CA51: 0.015972222 | CB51: 1804 | CC51: 0.97 | CD51: 45 | CE51: 0.020138889 | CF51: 2048 | CG51: 0.98 | CH51: 36 | CI51: 0.016666667 | CJ51: 1658 | CK51: 0.98 | CL51: 29 | CM51: 0.013888889 | CN51: 1560 | CO51: 0.98 | CP51: 21 | CQ51: 0.0125 | CR51: =VLOOKUP(E51,Sheet1!A:A,1,0) -> #N/A
A52: AP1223950235 | B52: Stage 1 - 03/07/2024 | C52: BALWYN NORTH | D52: CitiPower East | E52: 00:13:50:ff:fe:72:28:d9 | F52: fd89:1e09:aa00:59e:213:50ff:fe72:28d9 | G52: 5.4.6040 | H52: =VLOOKUP(A52,'AP Read Performance'!A:K,11,0) -> 1931 | I52: =VLOOKUP(A52,'AP Read Performance'!A:D,4,0) -> 0.98 | J52: =VLOOKUP(A52,'AP Read Performance'!A:I,9,0) -> 26 | K52: =VLOOKUP(A52,'AP Read Performance'!A:N,14,0) -> 0.016666667 | L52: 1931 | M52: 0.98 | N52: 26 | O52: 0.016666667 | P52: 1745 | Q52: 0.98 | R52: 25 | S52: 0.016666667 | T52: 1812 | U52: 0.99 | V52: 17 | W52: 0.01875 | X52: 1785 | Y52: 0.98 | Z52: 21 | AA52: 0.016666667 | AB52: 1865 | AC52: 0.98 | AD52: 24 | AE52: 0.016666667 | AF52: 1843 | AG52: 0.98 | AH52: 19 | AI52: 0.016666667 | AJ52: 1841 | AK52: 0.98 | AL52: 21 | AM52: 0.019444444 | AN52: 1829 | AO52: 0.98 | AP52: 32 | AQ52: 0.01875 | AR52: 1904 | AS52: 0.98 | AT52: 33 | AU52: 0.01875 | AV52: 1793 | AW52: 0.98 | AX52: 33 | AY52: 0.011111111 | AZ52: 1785 | BA52: 0.97 | BB52: 36 | BC52: 0.01875 | BD52: 1836 | BE52: 0.98 | BF52: 33 | BG52: 0.018055556 | BH52: 1672 | BI52: 0.97 | BJ52: 38 | BK52: 0.01875 | BL52: 1789 | BM52: 0.98 | BN52: 28 | BO52: 0.015972222 | BP52: 1767 | BQ52: 0.98 | BR52: 26 | BS52: 0.019444444 | BT52: 1818 | BU52: 0.98 | BV52: 35 | BW52: 0.017361111 | BX52: 1844 | BY52: 0.98 | BZ52: 23 | CA52: 0.01875 | CB52: 1823 | CC52: 0.98 | CD52: 30 | CE52: 0.019444444 | CF52: 1821 | CG52: 0.99 | CH52: 13 | CI52: 0.018055556 | CJ52: 1829 | CK52: 0.98 | CL52: 24 | CM52: 0.016666667 | CN52: 1796 | CO52: 0.98 | CP52: 25 | CQ52: 0.016666667 | CR52: =VLOOKUP(E52,Sheet1!A:A,1,0) -> #N/A
A53: AP4122950087 | B53: Stage 1 - 03/07/2024 | C53: Caulfield North | D53: CitiPower South | E53: 00:13:50:ff:fe:71:e9:39 | F53: fd89:1e09:aa00:2f1:213:50ff:fe71:e939 | G53: 4.8.6002 | H53: =VLOOKUP(A53,'AP Read Performance'!A:K,11,0) -> 2298 | I53: =VLOOKUP(A53,'AP Read Performance'!A:D,4,0) -> 0.98 | J53: =VLOOKUP(A53,'AP Read Performance'!A:I,9,0) -> 34 | K53: =VLOOKUP(A53,'AP Read Performance'!A:N,14,0) -> 0.020833333 | L53: 2298 | M53: 0.98 | N53: 34 | O53: 0.020833333 | P53: 1856 | Q53: 0.98 | R53: 26 | S53: 0.018055556 | T53: 1937 | U53: 0.98 | V53: 27 | W53: 0.0097222222 | X53: 1870 | Y53: 0.99 | Z53: 9 | AA53: 0.016666667 | AB53: 1876 | AC53: 0.99 | AD53: 17 | AE53: 0.017361111 | AF53: 1877 | AG53: 0.98 | AH53: 23 | AI53: 0.021527778 | AJ53: 1845 | AK53: 0.98 | AL53: 28 | AM53: 0.016666667 | AN53: 1909 | AO53: 0.99 | AP53: 19 | AQ53: 0.0097222222 | AR53: 2041 | AS53: 0.99 | AT53: 11 | AU53: 0.015972222 | AV53: 1969 | AW53: 0.98 | AX53: 22 | AY53: 0.018055556 | AZ53: 1947 | BA53: 0.99 | BB53: 14 | BC53: 0.016666667 | BD53: 1919 | BE53: 0.99 | BF53: 16 | BG53: 0.015972222 | BH53: 1819 | BI53: 0.98 | BJ53: 31 | BK53: 0.018055556 | BL53: 1769 | BM53: 0.99 | BN53: 11 | BO53: 0.011111111 | BP53: 1521 | BQ53: 0.99 | BR53: 14 | BS53: 0.010416667 | BT53: 1375 | BU53: 0.99 | BV53: 12 | BW53: 0.0090277778 | BX53: 1867 | BY53: 0.96 | BZ53: 57 | CA53: 0.01875 | CB53: 1827 | CC53: 0.99 | CD53: 12 | CE53: 0.015972222 | CF53: 1934 | CG53: 0.96 | CH53: 67 | CI53: 0.016666667 | CJ53: 1883 | CK53: 0.99 | CL53: 18 | CM53: 0.016666667 | CN53: 1922 | CO53: 0.99 | CP53: 17 | CQ53: 0.0097222222 | CR53: =VLOOKUP(E53,Sheet1!A:A,1,0) -> #N/A
A54: AP4122950039 | B54: Stage 1 - 03/07/2024 | C54: ALBERT PARK | D54: CitiPower South | E54: 00:13:50:ff:fe:71:e9:c0 | F54: fd89:1e09:aa00:294:213:50ff:fe71:e9c0 | G54: 4.8.6002 | H54: =VLOOKUP(A54,'AP Read Performance'!A:K,11,0) -> 2183 | I54: =VLOOKUP(A54,'AP Read Performance'!A:D,4,0) -> 0.98 | J54: =VLOOKUP(A54,'AP Read Performance'!A:I,9,0) -> 28 | K54: =VLOOKUP(A54,'AP Read Performance'!A:N,14,0) -> 0.01875 | L54: 2183 | M54: 0.98 | N54: 28 | O54: 0.01875 | P54: 1740 | Q54: 0.98 | R54: 19 | S54: 0.015972222 | T54: 1643 | U54: 0.98 | V54: 19 | W54: 0.019444444 | X54: 2000 | Y54: 0.98 | Z54: 21 | AA54: 0.017361111 | AB54: 2005 | AC54: 0.98 | AD54: 25 | AE54: 0.017361111 | AF54: 2031 | AG54: 0.98 | AH54: 34 | AI54: 0.01875 | AJ54: 1861 | AK54: 0.98 | AL54: 23 | AM54: 0.017361111 | AN54: 1786 | AO54: 0.97 | AP54: 47 | AQ54: 0.01875 | AR54: 1687 | AS54: 0.98 | AT54: 22 | AU54: 0.010416667 | AV54: 1559 | AW54: 0.99 | AX54: 14 | AY54: 0.010416667 | AZ54: 1303 | BA54: 0.98 | BB54: 17 | BC54: 0.0097222222 | BD54: 1623 | BE54: 0.98 | BF54: 25 | BG54: 0.019444444 | BH54: 1619 | BI54: 0.98 | BJ54: 23 | BK54: 0.017361111 | BL54: 1605 | BM54: 0.98 | BN54: 18 | BO54: 0.013194444 | BP54: 1831 | BQ54: 0.98 | BR54: 23 | BS54: 0.016666667 | BT54: 1757 | BU54: 0.99 | BV54: 17 | BW54: 0.0097222222 | BX54: 1797 | BY54: 0.98 | BZ54: 18 | CA54: 0.016666667 | CB54: 1758 | CC54: 0.98 | CD54: 20 | CE54: 0.016666667 | CF54: 1532 | CG54: 0.99 | CH54: 8 | CI54: 0.011111111 | CJ54: 1557 | CK54: 0.98 | CL54: 20 | CM54: 0.011111111 | CN54: 1541 | CO54: 0.98 | CP54: 21 | CQ54: 0.010416667 | CR54: =VLOOKUP(E54,Sheet1!A:A,1,0) -> #N/A
A55: AP0222950044 | B55: Stage 1 - 03/07/2024 | C55: Highton | D55: Geelong | E55: 00:13:50:ff:fe:71:91:ab | F55: fd89:1e09:aa00:193:213:50ff:fe71:91ab | G55: 4.8.6002 | H55: =VLOOKUP(A55,'AP Read Performance'!A:K,11,0) -> 2250 | I55: =VLOOKUP(A55,'AP Read Performance'!A:D,4,0) -> 0.98 | J55: =VLOOKUP(A55,'AP Read Performance'!A:I,9,0) -> 40 | K55: =VLOOKUP(A55,'AP Read Performance'!A:N,14,0) -> 0.018055556 | L55: 2250 | M55: 0.98 | N55: 40 | O55: 0.018055556 | P55: 2215 | Q55: 0.98 | R55: 27 | S55: 0.018055556 | T55: 2297 | U55: 0.98 | V55: 29 | W55: 0.019444444 | X55: 2100 | Y55: 0.98 | Z55: 38 | AA55: 0.016666667 | AB55: 2103 | AC55: 0.98 | AD55: 24 | AE55: 0.018055556 | AF55: 2105 | AG55: 0.98 | AH55: 23 | AI55: 0.020833333 | AJ55: 1872 | AK55: 0.98 | AL55: 25 | AM55: 0.019444444 | AN55: 1816 | AO55: 0.98 | AP55: 28 | AQ55: 0.017361111 | AR55: 1886 | AS55: 0.98 | AT55: 30 | AU55: 0.018055556 | AV55: 1825 | AW55: 0.99 | AX55: 13 | AY55: 0.021527778 | AZ55: 1816 | BA55: 0.98 | BB55: 26 | BC55: 0.016666667 | BD55: 1602 | BE55: 0.97 | BF55: 33 | BG55: 0.016666667 | BH55: 1553 | BI55: 0.97 | BJ55: 41 | BK55: 0.016666667 | BL55: 1433 | BM55: 0.99 | BN55: 12 | BO55: 0.015972222 | BP55: 950 | BQ55: 0.98 | BR55: 18 | BS55: 0.022916667 | BT55: 724 | BU55: 0.96 | BV55: 22 | BW55: 0.020833333 | BX55: 2169 | BY55: 0.99 | BZ55: 12 | CA55: 0.018055556 | CB55: 2120 | CC55: 0.99 | CD55: 18 | CE55: 0.016666667 | CF55: 2136 | CG55: 0.99 | CH55: 20 | CI55: 0.018055556 | CJ55: 2120 | CK55: 0.98 | CL55: 24 | CM55: 0.019444444 | CN55: 2128 | CO55: 0.98 | CP55: 26 | CQ55: 0.017361111 | CR55: =VLOOKUP(E55,Sheet1!A:A,1,0) -> #N/A
A56: AP3920950928 | B56: Stage 1 - 03/07/2024 | C56: St Albans Park | D56: Geelong | E56: 00:13:50:ff:fe:70:fd:cf | F56: fd89:1e09:aa00:140:213:50ff:fe70:fdcf | G56: 4.8.6002 | H56: =VLOOKUP(A56,'AP Read Performance'!A:K,11,0) -> 2396 | I56: =VLOOKUP(A56,'AP Read Performance'!A:D,4,0) -> 0.99 | J56: =VLOOKUP(A56,'AP Read Performance'!A:I,9,0) -> 10 | K56: =VLOOKUP(A56,'AP Read Performance'!A:N,14,0) -> 0.018055556 | L56: 2396 | M56: 0.99 | N56: 10 | O56: 0.018055556 | P56: 1802 | Q56: 0.98 | R56: 19 | S56: 0.016666667 | T56: 2453 | U56: 0.98 | V56: 29 | W56: 0.019444444 | X56: 2372 | Y56: 0.99 | Z56: 17 | AA56: 0.017361111 | AB56: 2372 | AC56: 0.98 | AD56: 24 | AE56: 0.018055556 | AF56: 2257 | AG56: 0.99 | AH56: 21 | AI56: 0.018055556 | AJ56: 1878 | AK56: 0.99 | AL56: 15 | AM56: 0.017361111 | AN56: 1740 | AO56: 0.99 | AP56: 13 | AQ56: 0.016666667 | AR56: 1735 | AS56: 0.99 | AT56: 13 | AU56: 0.016666667 | AV56: 1681 | AW56: 0.99 | AX56: 10 | AY56: 0.0097222222 | AZ56: 1780 | BA56: 0.99 | BB56: 16 | BC56: 0.016666667 | BD56: 1695 | BE56: 0.98 | BF56: 19 | BG56: 0.016666667 | BH56: 1680 | BI56: 0.98 | BJ56: 21 | BK56: 0.016666667 | BL56: 1639 | BM56: 0.99 | BN56: 11 | BO56: 0.017361111 | BP56: 1430 | BQ56: 0.97 | BR56: 31 | BS56: 0.016666667 | BT56: 1265 | BU56: 0.99 | BV56: 10 | BW56: 0.011111111 | BX56: 2110 | BY56: 0.99 | BZ56: 15 | CA56: 0.016666667 | CB56: 2110 | CC56: 0.98 | CD56: 26 | CE56: 0.017361111 | CF56: 2042 | CG56: 0.98 | CH56: 28 | CI56: 0.018055556 | CJ56: 2096 | CK56: 0.98 | CL56: 21 | CM56: 0.017361111 | CN56: 2177 | CO56: 0.99 | CP56: 14 | CQ56: 0.017361111 | CR56: =VLOOKUP(E56,Sheet1!A:A,1,0) -> #N/A
A57: AP4122950114 | B57: Stage 1 - 03/07/2024 | C57: Port Melbourne | D57: CitiPower South | E57: 00:13:50:ff:fe:71:e9:9b | F57: fd89:1e09:aa00:2b0:213:50ff:fe71:e99b | G57: 4.8.6002 | H57: =VLOOKUP(A57,'AP Read Performance'!A:K,11,0) -> 1799 | I57: =VLOOKUP(A57,'AP Read Performance'!A:D,4,0) -> 0.98 | J57: =VLOOKUP(A57,'AP Read Performance'!A:I,9,0) -> 29 | K57: =VLOOKUP(A57,'AP Read Performance'!A:N,14,0) -> 0.019444444 | L57: 1799 | M57: 0.98 | N57: 29 | O57: 0.019444444 | P57: 1697 | Q57: 0.98 | R57: 18 | S57: 0.016666667 | T57: 1812 | U57: 0.99 | V57: 8 | W57: 0.017361111 | X57: 1804 | Y57: 0.98 | Z57: 24 | AA57: 0.016666667 | AB57: 1825 | AC57: 0.99 | AD57: 7 | AE57: 0.015972222 | AF57: 1801 | AG57: 0.97 | AH57: 42 | AI57: 0.01875 | AJ57: 1879 | AK57: 0.97 | AL57: 51 | AM57: 0.01875 | AN57: 1824 | AO57: 0.98 | AP57: 35 | AQ57: 0.020138889 | AR57: 1798 | AS57: 0.97 | AT57: 37 | AU57: 0.019444444 | AV57: 1884 | AW57: 0.98 | AX57: 19 | AY57: 0.016666667 | AZ57: 1761 | BA57: 0.98 | BB57: 22 | BC57: 0.016666667 | BD57: 1919 | BE57: 0.97 | BF57: 43 | BG57: 0.022222222 | BH57: 1936 | BI57: 0.97 | BJ57: 44 | BK57: 0.01875 | BL57: 1988 | BM57: 0.97 | BN57: 50 | BO57: 0.01875 | BP57: 2012 | BQ57: 0.98 | BR57: 35 | BS57: 0.016666667 | BT57: 1826 | BU57: 0.98 | BV57: 21 | BW57: 0.015972222 | BX57: 2105 | BY57: 0.99 | BZ57: 17 | CA57: 0.018055556 | CB57: 2137 | CC57: 0.99 | CD57: 11 | CE57: 0.016666667 | CF57: 2101 | CG57: 0.99 | CH57: 18 | CI57: 0.016666667 | CJ57: 2066 | CK57: 0.98 | CL57: 23 | CM57: 0.016666667 | CN57: 2021 | CO57: 0.98 | CP57: 22 | CQ57: 0.01875 | CR57: =VLOOKUP(E57,Sheet1!A:A,1,0) -> #N/A
... A230: AP3322951323 | B230: Stage 2c - 2024/11/18 | C230: ULTIMA | D230: Swan Hill | E230: 00:13:50:ff:fe:71:d0:2e | F230: fd89:1e09:aa00:24a:213:50ff:fe71:d02e | G230: 4.8.6002 | H230: =VLOOKUP(A230,'AP Read Performance'!A:K,11,0) -> 239 | I230: =VLOOKUP(A230,'AP Read Performance'!A:D,4,0) -> 0.91 | J230: =VLOOKUP(A230,'AP Read Performance'!A:I,9,0) -> 20 | K230: =VLOOKUP(A230,'AP Read Performance'!A:N,14,0) -> 0.010416667 | L230: 239 | M230: 0.91 | N230: 20 | O230: 0.010416667 | P230: 242 | Q230: 0.91 | R230: 21 | S230: 0.018055556 | T230: 343 | U230: 0.97 | V230: 10 | W230: 0.0090277778 | X230: 206 | Y230: 0.96 | Z230: 7 | AA230: 0.0090277778 | AB230: 235 | AC230: 0.97 | AD230: 5 | AE230: 0.010416667 | AF230: 221 | AG230: 0.98 | AH230: 4 | AI230: 0.0090277778 | AJ230: 242 | AK230: 0.98 | AL230: 3 | AM230: 0.0090277778 | AN230: 229 | AO230: 0.99 | AP230: 2 | AQ230: 0.0090277778 | AR230: 250 | AS230: 0.96 | AT230: 9 | AU230: 0.010416667 | AV230: 297 | AW230: 0.98 | AX230: 5 | AY230: 0.0090277778 | AZ230: 258 | BA230: 0.97 | BB230: 7 | BC230: 0.0090277778 | BD230: 256 | BE230: 0.98 | BF230: 4 | BG230: 0.0083333333 | BH230: 218 | BI230: 0.98 | BJ230: 3 | BK230: 0.0097222222 | BL230: 216 | BM230: 0.98 | BN230: 3 | BO230: 0.0090277778 | BP230: 210 | BQ230: 0.99 | BR230: 1 | BS230: 0.0083333333 | BT230: 205 | BU230: 1 | BV230: 0 | BW230: 0.0090277778 | BX230: 231 | BY230: 0.98 | BZ230: 3 | CA230: 0.0090277778 | CB230: 217 | CC230: 0.98 | CD230: 4 | CE230: 0.0090277778 | CF230: 229 | CG230: 0.98 | CH230: 3 | CI230: 0.010416667 | CJ230: 205 | CK230: 0.98 | CL230: 3 | CM230: 0.0083333333 | CN230: 219 | CO230: 0.94 | CP230: 11 | CQ230: 0.011111111 | CR230: =VLOOKUP(E230,Sheet1!A:A,1,0) -> #N/A
A231: AP5222950123 | B231: Stage 2c - 2024/11/18 | C231: Barmah | D231: Echuca | E231: 00:13:50:ff:fe:71:fb:fc | F231: fd89:1e09:aa00:412:213:50ff:fe71:fbfc | G231: 5.4.6040 | H231: =VLOOKUP(A231,'AP Read Performance'!A:K,11,0) -> #N/A | I231: =VLOOKUP(A231,'AP Read Performance'!A:D,4,0) -> #N/A | J231: =VLOOKUP(A231,'AP Read Performance'!A:I,9,0) -> #N/A | K231: =VLOOKUP(A231,'AP Read Performance'!A:N,14,0) -> #N/A | L231: #N/A | M231: #N/A | N231: #N/A | O231: #N/A | P231: 173 | Q231: 1 | R231: 0 | S231: 0.0083333333 | T231: 183 | U231: 1 | V231: 0 | W231: 0.0020833333 | X231: 187 | Y231: 0.93 | Z231: 13 | AA231: 0.0097222222 | AB231: 183 | AC231: 1 | AD231: 0 | AE231: 0.0020833333 | AF231: 231 | AG231: 0.87 | AH231: 28 | AI231: 0.0090277778 | AJ231: 244 | AK231: 1 | AL231: 0 | AM231: 0.0020833333 | AN231: 183 | AO231: 1 | AP231: 0 | AQ231: 0.0076388889 | AR231: 222 | AS231: 1 | AT231: 0 | AU231: 0.0076388889 | AV231: 209 | AW231: 1 | AX231: 0 | AY231: 0.0076388889 | AZ231: 216 | BA231: 0.97 | BB231: 6 | BC231: 0.0083333333 | BD231: 211 | BE231: 0.98 | BF231: 3 | BG231: 0.0083333333 | BH231: 201 | BI231: 0.98 | BJ231: 4 | BK231: 0.0083333333 | BL231: 183 | BM231: 1 | BN231: 0 | BO231: 0.0083333333 | BP231: 180 | BQ231: 0.98 | BR231: 3 | BS231: 0.0076388889 | BT231: 170 | BU231: 0.99 | BV231: 1 | BW231: 0.0076388889 | BX231: 194 | BY231: 0.98 | BZ231: 3 | CA231: 0.0083333333 | CB231: 186 | CC231: 1 | CD231: 0 | CE231: 0.0083333333 | CF231: 205 | CG231: 0.98 | CH231: 3 | CI231: 0.0083333333 | CJ231: 195 | CK231: 0.97 | CL231: 5 | CM231: 0.0090277778 | CN231: 198 | CO231: 0.99 | CP231: 1 | CQ231: 0.0076388889 | CR231: =VLOOKUP(E231,Sheet1!A:A,1,0) -> #N/A
A232: AP3322951384 | B232: Stage 2c - 2024/11/18 | C232: Landsborough | D232: Ararat | E232: 00:13:50:ff:fe:71:d0:4d | F232: fd89:1e09:aa00:233:213:50ff:fe71:d04d | G232: 4.8.6002 | H232: =VLOOKUP(A232,'AP Read Performance'!A:K,11,0) -> 199 | I232: =VLOOKUP(A232,'AP Read Performance'!A:D,4,0) -> 0.96 | J232: =VLOOKUP(A232,'AP Read Performance'!A:I,9,0) -> 7 | K232: =VLOOKUP(A232,'AP Read Performance'!A:N,14,0) -> 0.0090277778 | L232: 199 | M232: 0.96 | N232: 7 | O232: 0.0090277778 | P232: 175 | Q232: 0.95 | R232: 8 | S232: 0.0090277778 | T232: 186 | U232: 0.95 | V232: 8 | W232: 0.0090277778 | X232: 195 | Y232: 0.98 | Z232: 3 | AA232: 0.0090277778 | AB232: 183 | AC232: 0.98 | AD232: 2 | AE232: 0.0090277778 | AF232: 148 | AG232: 0.96 | AH232: 5 | AI232: 0.0097222222 | AJ232: 248 | AK232: 0.97 | AL232: 5 | AM232: 0.0097222222 | AN232: 183 | AO232: 0.96 | AP232: 7 | AQ232: 0.0083333333 | AR232: 198 | AS232: 0.95 | AT232: 8 | AU232: 0.0090277778 | AV232: 177 | AW232: 0.97 | AX232: 4 | AY232: 0.0083333333 | AZ232: 175 | BA232: 0.97 | BB232: 5 | BC232: 0.0090277778 | BD232: 210 | BE232: 0.95 | BF232: 9 | BG232: 0.0097222222 | BH232: 144 | BI232: 0.99 | BJ232: 1 | BK232: 0.0097222222 | BL232: 189 | BM232: 0.98 | BN232: 2 | BO232: 0.0083333333 | BP232: 168 | BQ232: 0.95 | BR232: 7 | BS232: 0.0097222222 | BT232: 147 | BU232: 0.98 | BV232: 2 | BW232: 0.0090277778 | BX232: 166 | BY232: 0.92 | BZ232: 12 | CA232: 0.0090277778 | CB232: 157 | CC232: 0.98 | CD232: 3 | CE232: 0.0090277778 | CF232: 196 | CG232: 0.98 | CH232: 3 | CI232: 0.0090277778 | CJ232: 204 | CK232: 0.97 | CL232: 5 | CM232: 0.0090277778 | CN232: 220 | CO232: 0.96 | CP232: 7 | CQ232: 0.0083333333 | CR232: =VLOOKUP(E232,Sheet1!A:A,1,0) -> #N/A
A233: AP2422950075 | B233: Stage 2c - 2024/11/18 | C233: Mafeking | D233: Ararat | E233: 00:13:50:ff:fe:71:b5:37 | F233: fd89:1e09:aa00:1cc:213:50ff:fe71:b537 | G233: 4.8.6002 | H233: =VLOOKUP(A233,'AP Read Performance'!A:K,11,0) -> 255 | I233: =VLOOKUP(A233,'AP Read Performance'!A:D,4,0) -> 0.99 | J233: =VLOOKUP(A233,'AP Read Performance'!A:I,9,0) -> 2 | K233: =VLOOKUP(A233,'AP Read Performance'!A:N,14,0) -> 0.0097222222 | L233: 255 | M233: 0.99 | N233: 2 | O233: 0.0097222222 | P233: 207 | Q233: 0.99 | R233: 1 | S233: 0.0076388889 | T233: 160 | U233: 1 | V233: 0 | W233: 0.0090277778 | X233: 143 | Y233: 0.97 | Z233: 3 | AA233: 0.0027777778 | AB233: 243 | AC233: 0.98 | AD233: 3 | AE233: 0.0090277778 | AF233: 188 | AG233: 0.98 | AH233: 2 | AI233: 0.0041666667 | AJ233: 248 | AK233: 0.97 | AL233: 5 | AM233: 0.0097222222 | AN233: 249 | AO233: 0.98 | AP233: 4 | AQ233: 0.0090277778 | AR233: 245 | AS233: 0.98 | AT233: 3 | AU233: 0.0076388889 | AV233: 293 | AW233: 0.96 | AX233: 10 | AY233: 0.0076388889 | AZ233: 237 | BA233: 0.94 | BB233: 12 | BC233: 0.0090277778 | BD233: 197 | BE233: 0.95 | BF233: 9 | BG233: 0.0097222222 | BH233: 206 | BI233: 0.96 | BJ233: 7 | BK233: 0.0090277778 | BL233: 200 | BM233: 0.97 | BN233: 6 | BO233: 0.0090277778 | BP233: 218 | BQ233: 0.97 | BR233: 5 | BS233: 0.0083333333 | BT233: 210 | BU233: 0.98 | BV233: 4 | BW233: 0.0090277778 | BX233: 205 | BY233: 0.99 | BZ233: 2 | CA233: 0.0090277778 | CB233: 203 | CC233: 1 | CD233: 0 | CE233: 0.0083333333 | CF233: 246 | CG233: 0.97 | CH233: 5 | CI233: 0.0090277778 | CJ233: 227 | CK233: 0.99 | CL233: 2 | CM233: 0.0083333333 | CN233: 220 | CO233: 0.99 | CP233: 1 | CQ233: 0.0076388889 | CR233: =VLOOKUP(E233,Sheet1!A:A,1,0) -> #N/A
A234: AP5222950158 | B234: Stage 2c - 2024/11/18 | C234: Moyston | D234: Ararat | E234: 00:13:50:ff:fe:71:fc:13 | F234: fd89:1e09:aa00:404:213:50ff:fe71:fc13 | G234: 5.4.6040 | H234: =VLOOKUP(A234,'AP Read Performance'!A:K,11,0) -> 175 | I234: =VLOOKUP(A234,'AP Read Performance'!A:D,4,0) -> 0.94 | J234: =VLOOKUP(A234,'AP Read Performance'!A:I,9,0) -> 9 | K234: =VLOOKUP(A234,'AP Read Performance'!A:N,14,0) -> 0.015972222 | L234: 175 | M234: 0.94 | N234: 9 | O234: 0.015972222 | P234: 155 | Q234: 1 | R234: 0 | S234: 0.0020833333 | T234: 463 | U234: 0.99 | V234: 2 | W234: 0.0090277778 | X234: 198 | Y234: 0.97 | Z234: 4 | AA234: 0.01875 | AB234: 205 | AC234: 0.98 | AD234: 3 | AE234: 0.0097222222 | AF234: 190 | AG234: 0.97 | AH234: 5 | AI234: 0.0125 | AJ234: 251 | AK234: 0.98 | AL234: 3 | AM234: 0.0097222222 | AN234: 231 | AO234: 0.98 | AP234: 4 | AQ234: 0.011805556 | AR234: 240 | AS234: 0.98 | AT234: 4 | AU234: 0.01875 | AV234: 214 | AW234: 0.99 | AX234: 2 | AY234: 0.011111111 | AZ234: 197 | BA234: 0.98 | BB234: 2 | BC234: 0.010416667 | BD234: 252 | BE234: 0.98 | BF234: 5 | BG234: 0.0097222222 | BH234: 221 | BI234: 0.99 | BJ234: 1 | BK234: 0.0090277778 | BL234: 220 | BM234: 0.99 | BN234: 1 | BO234: 0.010416667 | BP234: 221 | BQ234: 1 | BR234: 0 | BS234: 0.0076388889 | BT234: 234 | BU234: 0.98 | BV234: 3 | BW234: 0.0090277778 | BX234: 236 | BY234: 0.98 | BZ234: 3 | CA234: 0.011111111 | CB234: 246 | CC234: 0.97 | CD234: 6 | CE234: 0.01875 | CF234: 222 | CG234: 0.99 | CH234: 2 | CI234: 0.0083333333 | CJ234: 213 | CK234: 0.99 | CL234: 1 | CM234: 0.0020833333 | CN234: 229 | CO234: 1 | CP234: 0 | CQ234: 0.0090277778 | CR234: =VLOOKUP(E234,Sheet1!A:A,1,0) -> #N/A
A235: AP3322951398 | B235: Stage 2c - 2024/11/18 | C235: PIANGIL | D235: Swan Hill | E235: 00:13:50:ff:fe:71:d0:0c | F235: fd89:1e09:aa00:25b:213:50ff:fe71:d00c | G235: 4.8.6002 | H235: =VLOOKUP(A235,'AP Read Performance'!A:K,11,0) -> 176 | I235: =VLOOKUP(A235,'AP Read Performance'!A:D,4,0) -> 0.99 | J235: =VLOOKUP(A235,'AP Read Performance'!A:I,9,0) -> 1 | K235: =VLOOKUP(A235,'AP Read Performance'!A:N,14,0) -> 0.0076388889 | L235: 176 | M235: 0.99 | N235: 1 | O235: 0.0076388889 | P235: 183 | Q235: 0.98 | R235: 3 | S235: 0.0090277778 | T235: 248 | U235: 0.99 | V235: 2 | W235: 0.0083333333 | X235: 195 | Y235: 0.98 | Z235: 2 | AA235: 0.010416667 | AB235: 254 | AC235: 0.96 | AD235: 9 | AE235: 0.0090277778 | AF235: 251 | AG235: 1 | AH235: 0 | AI235: 0.0076388889 | AJ235: 252 | AK235: 0.99 | AL235: 1 | AM235: 0.0097222222 | AN235: 217 | AO235: 0.98 | AP235: 4 | AQ235: 0.0083333333 | AR235: 184 | AS235: 1 | AT235: 0 | AU235: 0.00625 | AV235: 229 | AW235: 0.99 | AX235: 1 | AY235: 0.0076388889 | AZ235: 256 | BA235: 0.97 | BB235: 7 | BC235: 0.0090277778 | BD235: 259 | BE235: 1 | BF235: 0 | BG235: 0.0076388889 | BH235: 235 | BI235: 0.97 | BJ235: 6 | BK235: 0.0097222222 | BL235: 192 | BM235: 0.98 | BN235: 3 | BO235: 0.0090277778 | BP235: 188 | BQ235: 0.99 | BR235: 1 | BS235: 0.0090277778 | BT235: 231 | BU235: 0.99 | BV235: 1 | BW235: 0.0083333333 | BX235: 227 | BY235: 0.71 | BZ235: 65 | CA235: 0.0097222222 | CB235: 248 | CC235: 0.99 | CD235: 2 | CE235: 0.0083333333 | CF235: 225 | CG235: 0.98 | CH235: 4 | CI235: 0.0090277778 | CJ235: 232 | CK235: 0.98 | CL235: 3 | CM235: 0.0090277778 | CN235: 221 | CO235: 0.98 | CP235: 3 | CQ235: 0.0090277778 | CR235: =VLOOKUP(E235,Sheet1!A:A,1,0) -> #N/A
A236: AP5222950181 | B236: Stage 2c - 2024/11/18 | C236: IRAAK | D236: Mildura | E236: 00:13:50:ff:fe:71:fc:54 | F236: fd89:1e09:aa00:3cd:213:50ff:fe71:fc54 | G236: 5.4.6040 | H236: =VLOOKUP(A236,'AP Read Performance'!A:K,11,0) -> 182 | I236: =VLOOKUP(A236,'AP Read Performance'!A:D,4,0) -> 0.55 | J236: =VLOOKUP(A236,'AP Read Performance'!A:I,9,0) -> 81 | K236: =VLOOKUP(A236,'AP Read Performance'!A:N,14,0) -> 0.0097222222 | L236: 182 | M236: 0.55 | N236: 81 | O236: 0.0097222222 | P236: 213 | Q236: 0.95 | R236: 9 | S236: 0.0090277778 | T236: 383 | U236: 0.99 | V236: 3 | W236: 0.013194444 | X236: 275 | Y236: 0.98 | Z236: 4 | AA236: 0.019444444 | AB236: 279 | AC236: 0.98 | AD236: 4 | AE236: 0.013194444 | AF236: 234 | AG236: 0.97 | AH236: 5 | AI236: 0.0097222222 | AJ236: 261 | AK236: 0.98 | AL236: 4 | AM236: 0.0090277778 | AN236: 188 | AO236: 0.98 | AP236: 2 | AQ236: 0.0076388889 | AR236: 380 | AS236: 0.99 | AT236: 2 | AU236: 0.010416667 | AV236: 291 | AW236: 0.98 | AX236: 5 | AY236: 0.0090277778 | AZ236: 313 | BA236: 0.91 | BB236: 26 | BC236: 0.011805556 | BD236: 277 | BE236: 0.98 | BF236: 3 | BG236: 0.0125 | BH236: 212 | BI236: 0.95 | BJ236: 10 | BK236: 0.0125 | BL236: 239 | BM236: 0.95 | BN236: 10 | BO236: 0.0090277778 | BP236: 772 | BQ236: 0.85 | BR236: 115 | BS236: 0.020138889 | BT236: 251 | BU236: 0.99 | BV236: 1 | BW236: 0.011111111 | BX236: 202 | BY236: 0.98 | BZ236: 4 | CA236: 0.0090277778 | CB236: 211 | CC236: 1 | CD236: 0 | CE236: 0.0076388889 | CF236: 232 | CG236: 0.98 | CH236: 3 | CI236: 0.0090277778 | CJ236: 242 | CK236: 0.99 | CL236: 2 | CM236: 0.0090277778 | CN236: 246 | CO236: 0.98 | CP236: 4 | CQ236: 0.0090277778 | CR236: =VLOOKUP(E236,Sheet1!A:A,1,0) -> #N/A
A237: AP5222950291 | B237: Stage 2c - 2024/11/18 | C237: Pimpinio | D237: Horsham | E237: 00:13:50:ff:fe:71:fc:1f | F237: fd89:1e09:aa00:3fd:213:50ff:fe71:fc1f | G237: 5.4.6040 | H237: =VLOOKUP(A237,'AP Read Performance'!A:K,11,0) -> 180 | I237: =VLOOKUP(A237,'AP Read Performance'!A:D,4,0) -> 0.98 | J237: =VLOOKUP(A237,'AP Read Performance'!A:I,9,0) -> 3 | K237: =VLOOKUP(A237,'AP Read Performance'!A:N,14,0) -> 0.0090277778 | L237: 180 | M237: 0.98 | N237: 3 | O237: 0.0090277778 | P237: 211 | Q237: 0.98 | R237: 3 | S237: 0.0090277778 | T237: 159 | U237: 0.96 | V237: 6 | W237: 0.0090277778 | X237: 154 | Y237: 1 | Z237: 0 | AA237: 0.0076388889 | AB237: 169 | AC237: 1 | AD237: 0 | AE237: 0.0076388889 | AF237: 163 | AG237: 0.99 | AH237: 1 | AI237: 0.0076388889 | AJ237: 264 | AK237: 0.98 | AL237: 3 | AM237: 0.011111111 | AN237: 152 | AO237: 0.98 | AP237: 2 | AQ237: 0.010416667 | AR237: 148 | AS237: 0.95 | AT237: 7 | AU237: 0.011111111 | AV237: 156 | AW237: 0.98 | AX237: 2 | AY237: 0.0090277778 | AZ237: 160 | BA237: 0.98 | BB237: 2 | BC237: 0.0090277778 | BD237: 184 | BE237: 0.98 | BF237: 3 | BG237: 0.0083333333 | BH237: 186 | BI237: 0.93 | BJ237: 13 | BK237: 0.0090277778 | BL237: 142 | BM237: 0.96 | BN237: 5 | BO237: 0.0090277778 | BP237: 217 | BQ237: 0.97 | BR237: 5 | BS237: 0.011111111 | BT237: 199 | BU237: 0.97 | BV237: 5 | BW237: 0.0090277778 | BX237: 168 | BY237: 0.97 | BZ237: 5 | CA237: 0.0090277778 | CB237: 150 | CC237: 0.96 | CD237: 5 | CE237: 0.0090277778 | CF237: 23 | CG237: 0 | CH237: 23 | CI237: 0.010416667 | CJ237: 142 | CK237: 0.95 | CL237: 6 | CM237: 0.0090277778 | CN237: 183 | CO237: 0.96 | CP237: 6 | CQ237: 0.0097222222 | CR237: =VLOOKUP(E237,Sheet1!A:A,1,0) -> #N/A
A238: AP5222950382 | B238: Stage 2c - 2024/11/18 | C238: TORRUMBARRY | D238: Cohuna | E238: 00:13:50:ff:fe:72:0e:51 | F238: fd89:1e09:aa00:329:213:50ff:fe72:e51 | G238: 5.4.6040 | H238: =VLOOKUP(A238,'AP Read Performance'!A:K,11,0) -> 259 | I238: =VLOOKUP(A238,'AP Read Performance'!A:D,4,0) -> 0.97 | J238: =VLOOKUP(A238,'AP Read Performance'!A:I,9,0) -> 6 | K238: =VLOOKUP(A238,'AP Read Performance'!A:N,14,0) -> 0.0090277778 | L238: 259 | M238: 0.97 | N238: 6 | O238: 0.0090277778 | P238: 235 | Q238: 0.97 | R238: 7 | S238: 0.0090277778 | T238: 260 | U238: 0.97 | V238: 6 | W238: 0.0090277778 | X238: 288 | Y238: 0.99 | Z238: 2 | AA238: 0.0090277778 | AB238: 251 | AC238: 0.98 | AD238: 3 | AE238: 0.0090277778 | AF238: 242 | AG238: 0.99 | AH238: 1 | AI238: 0.0076388889 | AJ238: 269 | AK238: 0.98 | AL238: 4 | AM238: 0.0097222222 | AN238: 233 | AO238: 0.98 | AP238: 3 | AQ238: 0.0020833333 | AR238: 240 | AS238: 0.97 | AT238: 7 | AU238: 0.0090277778 | AV238: 213 | AW238: 0.98 | AX238: 3 | AY238: 0.0083333333 | AZ238: 226 | BA238: 0.99 | BB238: 2 | BC238: 0.0083333333 | BD238: 244 | BE238: 0.98 | BF238: 3 | BG238: 0.0076388889 | BH238: 222 | BI238: 0.98 | BJ238: 4 | BK238: 0.0090277778 | BL238: 235 | BM238: 0.99 | BN238: 2 | BO238: 0.0090277778 | BP238: 241 | BQ238: 0.98 | BR238: 3 | BS238: 0.0076388889 | BT238: 242 | BU238: 0.98 | BV238: 4 | BW238: 0.0090277778 | BX238: 223 | BY238: 0.98 | BZ238: 3 | CA238: 0.0090277778 | CB238: 237 | CC238: 1 | CD238: 0 | CE238: 0.0034722222 | CF238: 242 | CG238: 0.98 | CH238: 4 | CI238: 0.0090277778 | CJ238: 227 | CK238: 0.97 | CL238: 5 | CM238: 0.0090277778 | CN238: 228 | CO238: 0.98 | CP238: 4 | CQ238: 0.0097222222 | CR238: =VLOOKUP(E238,Sheet1!A:A,1,0) -> #N/A
A239: AP5222950163 | B239: Stage 2c - 2024/11/18 | C239: GELLIBRAND | D239: Colac | E239: 00:13:50:ff:fe:71:fb:b8 | F239: fd89:1e09:aa00:445:213:50ff:fe71:fbb8 | G239: 5.4.6040 | H239: =VLOOKUP(A239,'AP Read Performance'!A:K,11,0) -> 258 | I239: =VLOOKUP(A239,'AP Read Performance'!A:D,4,0) -> 0.99 | J239: =VLOOKUP(A239,'AP Read Performance'!A:I,9,0) -> 1 | K239: =VLOOKUP(A239,'AP Read Performance'!A:N,14,0) -> 0.0027777778 | L239: 258 | M239: 0.99 | N239: 1 | O239: 0.0027777778 | P239: 252 | Q239: 0.99 | R239: 2 | S239: 0.0090277778 | T239: 232 | U239: 0.98 | V239: 3 | W239: 0.0090277778 | X239: 286 | Y239: 0.98 | Z239: 5 | AA239: 0.0083333333 | AB239: 278 | AC239: 1 | AD239: 0 | AE239: 0.0083333333 | AF239: 342 | AG239: 0.95 | AH239: 14 | AI239: 0.0090277778 | AJ239: 283 | AK239: 1 | AL239: 0 | AM239: 0.0076388889 | AN239: 295 | AO239: 0.99 | AP239: 2 | AQ239: 0.0083333333 | AR239: 297 | AS239: 0.98 | AT239: 4 | AU239: 0.0083333333 | AV239: 255 | AW239: 0.99 | AX239: 2 | AY239: 0.0083333333 | AZ239: 309 | BA239: 0.95 | BB239: 14 | BC239: 0.0097222222 | BD239: 293 | BE239: 0.99 | BF239: 1 | BG239: 0.0076388889 | BH239: 284 | BI239: 0.98 | BJ239: 5 | BK239: 0.0090277778 | BL239: 278 | BM239: 0.98 | BN239: 3 | BO239: 0.0083333333 | BP239: 332 | BQ239: 0.98 | BR239: 5 | BS239: 0.0090277778 | BT239: 269 | BU239: 0.99 | BV239: 2 | BW239: 0.0083333333 | BX239: 282 | BY239: 0.99 | BZ239: 1 | CA239: 0.0090277778 | CB239: 291 | CC239: 0.98 | CD239: 5 | CE239: 0.0090277778 | CF239: 268 | CG239: 0.99 | CH239: 2 | CI239: 0.0090277778 | CJ239: 262 | CK239: 0.98 | CL239: 5 | CM239: 0.0083333333 | CN239: 268 | CO239: 0.98 | CP239: 5 | CQ239: 0.0090277778 | CR239: =VLOOKUP(E239,Sheet1!A:A,1,0) -> #N/A
A240: AP5222950139 | B240: Stage 2c - 2024/11/18 | C240: Tungamah | D240: Cobram | E240: 00:13:50:ff:fe:71:fb:dc | F240: fd89:1e09:aa00:429:213:50ff:fe71:fbdc | G240: 5.4.6040 | H240: =VLOOKUP(A240,'AP Read Performance'!A:K,11,0) -> 230 | I240: =VLOOKUP(A240,'AP Read Performance'!A:D,4,0) -> 0.99 | J240: =VLOOKUP(A240,'AP Read Performance'!A:I,9,0) -> 1 | K240: =VLOOKUP(A240,'AP Read Performance'!A:N,14,0) -> 0.0083333333 | L240: 230 | M240: 0.99 | N240: 1 | O240: 0.0083333333 | P240: 239 | Q240: 1 | R240: 0 | S240: 0.0034722222 | T240: 279 | U240: 0.98 | V240: 4 | W240: 0.0090277778 | X240: 280 | Y240: 0.99 | Z240: 2 | AA240: 0.0090277778 | AB240: 251 | AC240: 1 | AD240: 0 | AE240: 0.0076388889 | AF240: 264 | AG240: 0.98 | AH240: 3 | AI240: 0.0076388889 | AJ240: 285 | AK240: 0.97 | AL240: 6 | AM240: 0.0097222222 | AN240: 259 | AO240: 0.99 | AP240: 2 | AQ240: 0.0027777778 | AR240: 283 | AS240: 0.98 | AT240: 3 | AU240: 0.0083333333 | AV240: 248 | AW240: 0.98 | AX240: 3 | AY240: 0.0034722222 | AZ240: 233 | BA240: 1 | BB240: 0 | BC240: 0.0083333333 | BD240: 260 | BE240: 1 | BF240: 0 | BG240: 0.0076388889 | BH240: 247 | BI240: 1 | BJ240: 0 | BK240: 0.0097222222 | BL240: 238 | BM240: 1 | BN240: 0 | BO240: 0.0076388889 | BP240: 247 | BQ240: 1 | BR240: 0 | BS240: 0.0076388889 | BT240: 247 | BU240: 0.99 | BV240: 1 | BW240: 0.0083333333 | BX240: 253 | BY240: 0.99 | BZ240: 1 | CA240: 0.0083333333 | CB240: 256 | CC240: 0.98 | CD240: 4 | CE240: 0.0090277778 | CF240: 261 | CG240: 0.98 | CH240: 5 | CI240: 0.0090277778 | CJ240: 248 | CK240: 0.97 | CL240: 5 | CM240: 0.0090277778 | CN240: 258 | CO240: 0.98 | CP240: 3 | CQ240: 0.0090277778 | CR240: =VLOOKUP(E240,Sheet1!A:A,1,0) -> #N/A
A241: AP3621950931 | B241: Stage 2c - 2024/11/18 | C241: QUAMBATOOK | D241: Cohuna | E241: 00:13:50:ff:fe:71:60:9d | F241: fd89:1e09:aa00:15b:213:50ff:fe71:609d | G241: 4.8.6002 | H241: =VLOOKUP(A241,'AP Read Performance'!A:K,11,0) -> 273 | I241: =VLOOKUP(A241,'AP Read Performance'!A:D,4,0) -> 0.99 | J241: =VLOOKUP(A241,'AP Read Performance'!A:I,9,0) -> 2 | K241: =VLOOKUP(A241,'AP Read Performance'!A:N,14,0) -> 0.0083333333 | L241: 273 | M241: 0.99 | N241: 2 | O241: 0.0083333333 | P241: 2 | Q241: 0 | R241: 2 | S241: 0.0097222222 | T241: 251 | U241: 0.98 | V241: 3 | W241: 0.0090277778 | X241: 254 | Y241: 0.98 | Z241: 4 | AA241: 0.0097222222 | AB241: 265 | AC241: 0.97 | AD241: 6 | AE241: 0.0090277778 | AF241: 262 | AG241: 0.99 | AH241: 2 | AI241: 0.0090277778 | AJ241: 294 | AK241: 0.99 | AL241: 2 | AM241: 0.0097222222 | AN241: 275 | AO241: 0.98 | AP241: 3 | AQ241: 0.0090277778 | AR241: 298 | AS241: 0.98 | AT241: 5 | AU241: 0.0090277778 | AV241: 259 | AW241: 0.99 | AX241: 1 | AY241: 0.0090277778 | AZ241: 271 | BA241: 0.98 | BB241: 3 | BC241: 0.0090277778 | BD241: 260 | BE241: 0.98 | BF241: 4 | BG241: 0.0090277778 | BH241: 270 | BI241: 0.98 | BJ241: 5 | BK241: 0.0090277778 | BL241: 271 | BM241: 0.99 | BN241: 1 | BO241: 0.0034722222 | BP241: 271 | BQ241: 0.98 | BR241: 3 | BS241: 0.0097222222 | BT241: 278 | BU241: 0.98 | BV241: 5 | BW241: 0.0090277778 | BX241: 314 | BY241: 0.98 | BZ241: 4 | CA241: 0.0090277778 | CB241: 306 | CC241: 0.98 | CD241: 6 | CE241: 0.0090277778 | CF241: 303 | CG241: 0.99 | CH241: 2 | CI241: 0.0097222222 | CJ241: 289 | CK241: 0.92 | CL241: 21 | CM241: 0.0097222222 | CN241: 272 | CO241: 0.98 | CP241: 3 | CQ241: 0.0090277778 | CR241: =VLOOKUP(E241,Sheet1!A:A,1,0) -> #N/A
A242: AP3322951354 | B242: Stage 2c - 2024/11/18 | C242: WAREEK | D242: Maryborough | E242: 00:13:50:ff:fe:71:cf:ed | F242: fd89:1e09:aa00:26f:213:50ff:fe71:cfed | G242: 4.8.6002 | H242: =VLOOKUP(A242,'AP Read Performance'!A:K,11,0) -> 200 | I242: =VLOOKUP(A242,'AP Read Performance'!A:D,4,0) -> 0.94 | J242: =VLOOKUP(A242,'AP Read Performance'!A:I,9,0) -> 12 | K242: =VLOOKUP(A242,'AP Read Performance'!A:N,14,0) -> 0.020833333 | L242: 200 | M242: 0.94 | N242: 12 | O242: 0.020833333 | P242: 216 | Q242: 0.96 | R242: 7 | S242: 0.0090277778 | T242: 204 | U242: 0.97 | V242: 6 | W242: 0.0097222222 | X242: 210 | Y242: 0.99 | Z242: 1 | AA242: 0.0076388889 | AB242: 206 | AC242: 0.99 | AD242: 1 | AE242: 0.0090277778 | AF242: 286 | AG242: 0.96 | AH242: 9 | AI242: 0.0083333333 | AJ242: 295 | AK242: 0.97 | AL242: 6 | AM242: 0.011805556 | AN242: 241 | AO242: 0.98 | AP242: 3 | AQ242: 0.0090277778 | AR242: 310 | AS242: 0.95 | AT242: 15 | AU242: 0.011111111 | AV242: 228 | AW242: 1 | AX242: 0 | AY242: 0.0090277778 | AZ242: 348 | BA242: 1 | BB242: 0 | BC242: 0.0083333333 | BD242: 350 | BE242: 0.98 | BF242: 5 | BG242: 0.0083333333 | BH242: 373 | BI242: 0.98 | BJ242: 7 | BK242: 0.0097222222 | BL242: 252 | BM242: 0.98 | BN242: 4 | BO242: 0.0090277778 | BP242: 230 | BQ242: 0.97 | BR242: 6 | BS242: 0.0083333333 | BT242: 249 | BU242: 0.98 | BV242: 4 | BW242: 0.0090277778 | BX242: 266 | BY242: 0.97 | BZ242: 6 | CA242: 0.0090277778 | CB242: 236 | CC242: 0.99 | CD242: 2 | CE242: 0.0083333333 | CF242: 291 | CG242: 0.98 | CH242: 4 | CI242: 0.0090277778 | CJ242: 313 | CK242: 0.96 | CL242: 11 | CM242: 0.0083333333 | CN242: 306 | CO242: 0.98 | CP242: 5 | CQ242: 0.0090277778 | CR242: =VLOOKUP(E242,Sheet1!A:A,1,0) -> #N/A
A243: AP1223950378 | B243: Stage 2c - 2024/11/18 | C243: YEODENE | D243: Colac | E243: 00:13:50:ff:fe:72:29:c8 | F243: fd89:1e09:aa00:505:213:50ff:fe72:29c8 | G243: 5.4.6040 | H243: =VLOOKUP(A243,'AP Read Performance'!A:K,11,0) -> 353 | I243: =VLOOKUP(A243,'AP Read Performance'!A:D,4,0) -> 0.97 | J243: =VLOOKUP(A243,'AP Read Performance'!A:I,9,0) -> 10 | K243: =VLOOKUP(A243,'AP Read Performance'!A:N,14,0) -> 0.0097222222 | L243: 353 | M243: 0.97 | N243: 10 | O243: 0.0097222222 | P243: 318 | Q243: 0.98 | R243: 6 | S243: 0.010416667 | T243: 355 | U243: 1 | V243: 0 | W243: 0.0090277778 | X243: 233 | Y243: 0.98 | Z243: 4 | AA243: 0.0097222222 | AB243: 265 | AC243: 0.98 | AD243: 5 | AE243: 0.0090277778 | AF243: 311 | AG243: 0.99 | AH243: 3 | AI243: 0.0090277778 | AJ243: 300 | AK243: 0.96 | AL243: 10 | AM243: 0.0125 | AN243: 300 | AO243: 0.99 | AP243: 3 | AQ243: 0.0125 | AR243: 259 | AS243: 0.99 | AT243: 1 | AU243: 0.0090277778 | AV243: 286 | AW243: 0.97 | AX243: 8 | AY243: 0.011111111 | AZ243: 260 | BA243: 0.99 | BB243: 1 | BC243: 0.010416667 | BD243: 235 | BE243: 0.98 | BF243: 3 | BG243: 0.0097222222 | BH243: 169 | BI243: 0.99 | BJ243: 1 | BK243: 0.0090277778 | BL243: 298 | BM243: 0.97 | BN243: 6 | BO243: 0.0090277778 | BP243: 278 | BQ243: 1 | BR243: 0 | BS243: 0.0090277778 | BT243: 291 | BU243: 1 | BV243: 0 | BW243: 0.0083333333 | BX243: 230 | BY243: 0.99 | BZ243: 2 | CA243: 0.0090277778 | CB243: 165 | CC243: 0.98 | CD243: 2 | CE243: 0.0090277778 | CF243: 253 | CG243: 0.98 | CH243: 3 | CI243: 0.0090277778 | CJ243: 217 | CK243: 0.98 | CL243: 4 | CM243: 0.0090277778 | CN243: 199 | CO243: 0.99 | CP243: 1 | CQ243: 0.0090277778 | CR243: =VLOOKUP(E243,Sheet1!A:A,1,0) -> #N/A
... A257: AP2422950018 | B257: Stage 2c - 2024/11/18 | C257: WOOMELANG | D257: Swan Hill | E257: 00:13:50:ff:fe:71:b5:38 | F257: fd89:1e09:aa00:1cb:213:50ff:fe71:b538 | G257: 4.8.6002 | H257: =VLOOKUP(A257,'AP Read Performance'!A:K,11,0) -> 419 | I257: =VLOOKUP(A257,'AP Read Performance'!A:D,4,0) -> 0.97 | J257: =VLOOKUP(A257,'AP Read Performance'!A:I,9,0) -> 9 | K257: =VLOOKUP(A257,'AP Read Performance'!A:N,14,0) -> 0.0090277778 | L257: 419 | M257: 0.97 | N257: 9 | O257: 0.0090277778 | P257: 326 | Q257: 0.97 | R257: 9 | S257: 0.0090277778 | T257: 264 | U257: 0.98 | V257: 5 | W257: 0.0090277778 | X257: 255 | Y257: 0.96 | Z257: 10 | AA257: 0.010416667 | AB257: 311 | AC257: 0.98 | AD257: 4 | AE257: 0.0090277778 | AF257: 336 | AG257: 0.98 | AH257: 5 | AI257: 0.0090277778 | AJ257: 353 | AK257: 0.98 | AL257: 7 | AM257: 0.0097222222 | AN257: 394 | AO257: 0.95 | AP257: 16 | AQ257: 0.0090277778 | AR257: 304 | AS257: 0.96 | AT257: 12 | AU257: 0.0090277778 | AV257: 327 | AW257: 0.96 | AX257: 10 | AY257: 0.0090277778 | AZ257: 313 | BA257: 0.96 | BB257: 10 | BC257: 0.0097222222 | BD257: 408 | BE257: 0.97 | BF257: 9 | BG257: 0.0090277778 | BH257: 376 | BI257: 0.97 | BJ257: 8 | BK257: 0.0090277778 | BL257: 370 | BM257: 0.95 | BN257: 15 | BO257: 0.0090277778 | BP257: 408 | BQ257: 0.96 | BR257: 14 | BS257: 0.0090277778 | BT257: 373 | BU257: 0.97 | BV257: 8 | BW257: 0.0090277778 | BX257: 431 | BY257: 0.98 | BZ257: 8 | CA257: 0.0090277778 | CB257: 353 | CC257: 0.97 | CD257: 10 | CE257: 0.0090277778 | CF257: 334 | CG257: 0.98 | CH257: 5 | CI257: 0.0090277778 | CJ257: 349 | CK257: 0.95 | CL257: 16 | CM257: 0.0090277778 | CN257: 331 | CO257: 0.94 | CP257: 19 | CQ257: 0.0090277778 | CR257: =VLOOKUP(E257,Sheet1!A:A,1,0) -> #N/A
A258: AP3322951340 | B258: Stage 3 - 28/11/2024 | C258: MURRABIT | D258: Cohuna | E258: 00:13:50:ff:fe:71:d0:7f | F258: fd89:1e09:aa00:222:213:50ff:fe71:d07f | G258: 4.8.6002 | H258: =VLOOKUP(A258,'AP Read Performance'!A:K,11,0) -> 276 | I258: =VLOOKUP(A258,'AP Read Performance'!A:D,4,0) -> 0.99 | J258: =VLOOKUP(A258,'AP Read Performance'!A:I,9,0) -> 1 | K258: =VLOOKUP(A258,'AP Read Performance'!A:N,14,0) -> 0.020833333 | L258: 276 | M258: 0.99 | N258: 1 | O258: 0.020833333 | P258: #N/A | Q258: #N/A | R258: #N/A | S258: #N/A | T258: #N/A | U258: #N/A | V258: #N/A | W258: #N/A | X258: #N/A | Y258: #N/A | Z258: #N/A | AA258: #N/A | AB258: #N/A | AC258: #N/A | AD258: #N/A | AE258: #N/A | AF258: #N/A | AG258: #N/A | AH258: #N/A | AI258: #N/A | AJ258: 357 | AK258: 0.99 | AL258: 1 | AM258: 0.0097222222 | AN258: 342 | AO258: 1 | AP258: 0 | AQ258: 0.0076388889 | AR258: 360 | AS258: 0.98 | AT258: 5 | AU258: 0.0090277778 | AV258: 296 | AW258: 0.99 | AX258: 2 | AY258: 0.0090277778 | AZ258: 317 | BA258: 0.95 | BB258: 13 | BC258: 0.010416667 | BD258: 355 | BE258: 0.97 | BF258: 9 | BG258: 0.011805556 | BH258: 345 | BI258: 0.99 | BJ258: 1 | BK258: 0.011111111 | BL258: 319 | BM258: 0.98 | BN258: 6 | BO258: 0.011805556 | BP258: 321 | BQ258: 0.99 | BR258: 3 | BS258: 0.0090277778 | BT258: 318 | BU258: 1 | BV258: 0 | BW258: 0.0034722222 | BX258: 335 | BY258: 0.98 | BZ258: 4 | CA258: 0.0090277778 | CB258: 319 | CC258: 0.99 | CD258: 3 | CE258: 0.011805556 | CF258: 333 | CG258: 0.98 | CH258: 4 | CI258: 0.0090277778 | CJ258: 325 | CK258: 0.98 | CL258: 4 | CM258: 0.0097222222 | CN258: 327 | CO258: 0.98 | CP258: 6 | CQ258: 0.011805556 | CR258: =VLOOKUP(E258,Sheet1!A:A,1,0) -> #N/A
A259: AP3322951317 | B259: Stage 2c - 2024/11/18 | C259: Bet Bet | D259: Maryborough | E259: 00:13:50:ff:fe:71:cf:f2 | F259: fd89:1e09:aa00:26a:213:50ff:fe71:cff2 | G259: 4.8.6002 | H259: =VLOOKUP(A259,'AP Read Performance'!A:K,11,0) -> 259 | I259: =VLOOKUP(A259,'AP Read Performance'!A:D,4,0) -> 0.95 | J259: =VLOOKUP(A259,'AP Read Performance'!A:I,9,0) -> 11 | K259: =VLOOKUP(A259,'AP Read Performance'!A:N,14,0) -> 0.0125 | L259: 259 | M259: 0.95 | N259: 11 | O259: 0.0125 | P259: 260 | Q259: 0.99 | R259: 2 | S259: 0.0097222222 | T259: 413 | U259: 0.98 | V259: 6 | W259: 0.016666667 | X259: 350 | Y259: 0.98 | Z259: 5 | AA259: 0.0083333333 | AB259: 355 | AC259: 0.98 | AD259: 4 | AE259: 0.0083333333 | AF259: 347 | AG259: 0.96 | AH259: 12 | AI259: 0.0090277778 | AJ259: 361 | AK259: 0.97 | AL259: 8 | AM259: 0.0090277778 | AN259: 419 | AO259: 0.97 | AP259: 10 | AQ259: 0.010416667 | AR259: 304 | AS259: 0.95 | AT259: 13 | AU259: 0.0090277778 | AV259: 324 | AW259: 0.96 | AX259: 12 | AY259: 0.0090277778 | AZ259: 247 | BA259: 0.99 | BB259: 2 | BC259: 0.0097222222 | BD259: 330 | BE259: 0.94 | BF259: 17 | BG259: 0.0097222222 | BH259: 313 | BI259: 0.93 | BJ259: 20 | BK259: 0.0097222222 | BL259: 363 | BM259: 0.98 | BN259: 6 | BO259: 0.010416667 | BP259: 317 | BQ259: 0.96 | BR259: 12 | BS259: 0.010416667 | BT259: 345 | BU259: 0.98 | BV259: 4 | BW259: 0.0083333333 | BX259: 347 | BY259: 0.97 | BZ259: 8 | CA259: 0.0090277778 | CB259: 318 | CC259: 0.98 | CD259: 6 | CE259: 0.0083333333 | CF259: 363 | CG259: 0.97 | CH259: 10 | CI259: 0.0090277778 | CJ259: 343 | CK259: 0.97 | CL259: 9 | CM259: 0.0090277778 | CN259: 338 | CO259: 0.98 | CP259: 6 | CQ259: 0.0090277778 | CR259: =VLOOKUP(E259,Sheet1!A:A,1,0) -> #N/A
A260: AP5222950118 | B260: Stage 2c - 2024/11/18 | C260: Toolamba | D260: Shepparton | E260: 00:13:50:ff:fe:71:fc:05 | F260: fd89:1e09:aa00:40e:213:50ff:fe71:fc05 | G260: 5.4.6040 | H260: =VLOOKUP(A260,'AP Read Performance'!A:K,11,0) -> 476 | I260: =VLOOKUP(A260,'AP Read Performance'!A:D,4,0) -> 0.98 | J260: =VLOOKUP(A260,'AP Read Performance'!A:I,9,0) -> 6 | K260: =VLOOKUP(A260,'AP Read Performance'!A:N,14,0) -> 0.0090277778 | L260: 476 | M260: 0.98 | N260: 6 | O260: 0.0090277778 | P260: 368 | Q260: 0.98 | R260: 5 | S260: 0.0090277778 | T260: 332 | U260: 1 | V260: 0 | W260: 0.0048611111 | X260: 340 | Y260: 0.99 | Z260: 3 | AA260: 0.0076388889 | AB260: 351 | AC260: 0.99 | AD260: 1 | AE260: 0.0090277778 | AF260: 373 | AG260: 0.99 | AH260: 2 | AI260: 0.0083333333 | AJ260: 365 | AK260: 0.98 | AL260: 4 | AM260: 0.0090277778 | AN260: 380 | AO260: 0.99 | AP260: 2 | AQ260: 0.0083333333 | AR260: 379 | AS260: 0.98 | AT260: 6 | AU260: 0.0097222222 | AV260: 356 | AW260: 0.98 | AX260: 4 | AY260: 0.0097222222 | AZ260: 370 | BA260: 0.99 | BB260: 3 | BC260: 0.0083333333 | BD260: 412 | BE260: 0.99 | BF260: 1 | BG260: 0.0097222222 | BH260: 363 | BI260: 0.98 | BJ260: 7 | BK260: 0.010416667 | BL260: 357 | BM260: 0.99 | BN260: 1 | BO260: 0.0083333333 | BP260: 408 | BQ260: 0.98 | BR260: 6 | BS260: 0.0097222222 | BT260: 372 | BU260: 0.98 | BV260: 4 | BW260: 0.0083333333 | BX260: 422 | BY260: 0.99 | BZ260: 3 | CA260: 0.0097222222 | CB260: 427 | CC260: 0.98 | CD260: 7 | CE260: 0.011111111 | CF260: 441 | CG260: 0.98 | CH260: 8 | CI260: 0.017361111 | CJ260: 425 | CK260: 0.98 | CL260: 8 | CM260: 0.0090277778 | CN260: 414 | CO260: 0.99 | CP260: 1 | CQ260: 0.0090277778 | CR260: =VLOOKUP(E260,Sheet1!A:A,1,0) -> #N/A
A261: AP5222950365 | B261: Stage 2c - 2024/11/18 | C261: Colbinabbin | D261: Echuca | E261: 00:13:50:ff:fe:72:0e:0d | F261: fd89:1e09:aa00:367:213:50ff:fe72:e0d | G261: 5.4.6040 | H261: =VLOOKUP(A261,'AP Read Performance'!A:K,11,0) -> 468 | I261: =VLOOKUP(A261,'AP Read Performance'!A:D,4,0) -> 0.97 | J261: =VLOOKUP(A261,'AP Read Performance'!A:I,9,0) -> 10 | K261: =VLOOKUP(A261,'AP Read Performance'!A:N,14,0) -> 0.0090277778 | L261: 468 | M261: 0.97 | N261: 10 | O261: 0.0090277778 | P261: 551 | Q261: 0.96 | R261: 17 | S261: 0.0090277778 | T261: 394 | U261: 0.97 | V261: 8 | W261: 0.0083333333 | X261: 337 | Y261: 0.98 | Z261: 4 | AA261: 0.010416667 | AB261: 582 | AC261: 0.98 | AD261: 7 | AE261: 0.0090277778 | AF261: 504 | AG261: 0.96 | AH261: 17 | AI261: 0.0097222222 | AJ261: 366 | AK261: 0.98 | AL261: 6 | AM261: 0.0097222222 | AN261: 403 | AO261: 0.98 | AP261: 5 | AQ261: 0.0090277778 | AR261: 391 | AS261: 0.97 | AT261: 11 | AU261: 0.0090277778 | AV261: 382 | AW261: 0.98 | AX261: 7 | AY261: 0.0090277778 | AZ261: 400 | BA261: 0.96 | BB261: 13 | BC261: 0.0090277778 | BD261: 382 | BE261: 0.98 | BF261: 6 | BG261: 0.0083333333 | BH261: 403 | BI261: 0.95 | BJ261: 19 | BK261: 0.0097222222 | BL261: 387 | BM261: 0.99 | BN261: 3 | BO261: 0.0090277778 | BP261: 417 | BQ261: 0.98 | BR261: 7 | BS261: 0.0090277778 | BT261: 394 | BU261: 0.98 | BV261: 5 | BW261: 0.0090277778 | BX261: 366 | BY261: 0.98 | BZ261: 7 | CA261: 0.0090277778 | CB261: 418 | CC261: 0.97 | CD261: 9 | CE261: 0.0090277778 | CF261: 371 | CG261: 0.98 | CH261: 6 | CI261: 0.0090277778 | CJ261: 362 | CK261: 0.97 | CL261: 10 | CM261: 0.0090277778 | CN261: 342 | CO261: 0.97 | CP261: 8 | CQ261: 0.0083333333 | CR261: =VLOOKUP(E261,Sheet1!A:A,1,0) -> #N/A
A262: AP5222950137 | B262: Stage 2c - 2024/11/18 | C262: Yabba North | D262: Shepparton | E262: 00:13:50:ff:fe:71:fb:c7 | F262: fd89:1e09:aa00:43b:213:50ff:fe71:fbc7 | G262: 5.4.6040 | H262: =VLOOKUP(A262,'AP Read Performance'!A:K,11,0) -> 477 | I262: =VLOOKUP(A262,'AP Read Performance'!A:D,4,0) -> 0.98 | J262: =VLOOKUP(A262,'AP Read Performance'!A:I,9,0) -> 7 | K262: =VLOOKUP(A262,'AP Read Performance'!A:N,14,0) -> 0.0090277778 | L262: 477 | M262: 0.98 | N262: 7 | O262: 0.0090277778 | P262: 448 | Q262: 0.97 | R262: 13 | S262: 0.0090277778 | T262: 589 | U262: 0.98 | V262: 8 | W262: 0.0090277778 | X262: 521 | Y262: 0.98 | Z262: 10 | AA262: 0.010416667 | AB262: 483 | AC262: 0.98 | AD262: 6 | AE262: 0.0090277778 | AF262: 498 | AG262: 0.98 | AH262: 6 | AI262: 0.0090277778 | AJ262: 369 | AK262: 0.96 | AL262: 14 | AM262: 0.011805556 | AN262: 411 | AO262: 0.96 | AP262: 16 | AQ262: 0.018055556 | AR262: 290 | AS262: 0.97 | AT262: 8 | AU262: 0.0055555556 | AV262: 302 | AW262: 0.96 | AX262: 11 | AY262: 0.0090277778 | AZ262: 273 | BA262: 0.95 | BB262: 11 | BC262: 0.0090277778 | BD262: 334 | BE262: 0.96 | BF262: 11 | BG262: 0.0090277778 | BH262: 284 | BI262: 0.96 | BJ262: 11 | BK262: 0.0097222222 | BL262: 308 | BM262: 0.98 | BN262: 6 | BO262: 0.0090277778 | BP262: 420 | BQ262: 0.96 | BR262: 14 | BS262: 0.0097222222 | BT262: 766 | BU262: 0.92 | BV262: 61 | BW262: 0.016666667 | BX262: 428 | BY262: 0.99 | BZ262: 4 | CA262: 0.0090277778 | CB262: 506 | CC262: 0.95 | CD262: 22 | CE262: 0.0090277778 | CF262: 368 | CG262: 0.98 | CH262: 5 | CI262: 0.0090277778 | CJ262: 366 | CK262: 0.98 | CL262: 4 | CM262: 0.0090277778 | CN262: 327 | CO262: 0.97 | CP262: 9 | CQ262: 0.010416667 | CR262: =VLOOKUP(E262,Sheet1!A:A,1,0) -> #N/A
A263: AP5222950445 | B263: Stage 2d - 2024/11/18 | C263: TORRUMBARRY | D263: Cohuna | E263: 00:13:50:ff:fe:72:0f:41 | F263: fd89:1e09:aa00:307:213:50ff:fe72:f41 | G263: 5.4.6040 | H263: =VLOOKUP(A263,'AP Read Performance'!A:K,11,0) -> 441 | I263: =VLOOKUP(A263,'AP Read Performance'!A:D,4,0) -> 0.98 | J263: =VLOOKUP(A263,'AP Read Performance'!A:I,9,0) -> 8 | K263: =VLOOKUP(A263,'AP Read Performance'!A:N,14,0) -> 0.0097222222 | L263: 441 | M263: 0.98 | N263: 8 | O263: 0.0097222222 | P263: 430 | Q263: 0.97 | R263: 9 | S263: 0.0090277778 | T263: 439 | U263: 0.98 | V263: 8 | W263: 0.0090277778 | X263: 350 | Y263: 0.98 | Z263: 7 | AA263: 0.0090277778 | AB263: 430 | AC263: 0.99 | AD263: 2 | AE263: 0.011111111 | AF263: 411 | AG263: 0.98 | AH263: 8 | AI263: 0.0097222222 | AJ263: 389 | AK263: 0.99 | AL263: 3 | AM263: 0.010416667 | AN263: 364 | AO263: 0.98 | AP263: 4 | AQ263: 0.0090277778 | AR263: 408 | AS263: 0.99 | AT263: 3 | AU263: 0.0090277778 | AV263: 436 | AW263: 0.98 | AX263: 5 | AY263: 0.0090277778 | AZ263: 416 | BA263: 0.97 | BB263: 9 | BC263: 0.0090277778 | BD263: 439 | BE263: 0.97 | BF263: 10 | BG263: 0.0090277778 | BH263: 448 | BI263: 0.97 | BJ263: 11 | BK263: 0.010416667 | BL263: 411 | BM263: 0.99 | BN263: 1 | BO263: 0.0083333333 | BP263: 363 | BQ263: 0.98 | BR263: 4 | BS263: 0.0090277778 | BT263: 354 | BU263: 0.99 | BV263: 3 | BW263: 0.010416667 | BX263: 348 | BY263: 0.99 | BZ263: 3 | CA263: 0.0090277778 | CB263: 351 | CC263: 0.99 | CD263: 1 | CE263: 0.0090277778 | CF263: 387 | CG263: 0.99 | CH263: 3 | CI263: 0.0083333333 | CJ263: 445 | CK263: 0.98 | CL263: 5 | CM263: 0.0090277778 | CN263: 437 | CO263: 0.99 | CP263: 2 | CQ263: 0.0097222222 | CR263: =VLOOKUP(E263,Sheet1!A:A,1,0) -> #N/A
A264: AP5222950175 | B264: Stage 2d - 2024/11/18 | C264: CLARENDON | D264: Ballarat | E264: 00:13:50:ff:fe:71:fb:d9 | F264: fd89:1e09:aa00:42b:213:50ff:fe71:fbd9 | G264: 5.4.6040 | H264: =VLOOKUP(A264,'AP Read Performance'!A:K,11,0) -> 466 | I264: =VLOOKUP(A264,'AP Read Performance'!A:D,4,0) -> 0.99 | J264: =VLOOKUP(A264,'AP Read Performance'!A:I,9,0) -> 4 | K264: =VLOOKUP(A264,'AP Read Performance'!A:N,14,0) -> 0.0090277778 | L264: 466 | M264: 0.99 | N264: 4 | O264: 0.0090277778 | P264: 291 | Q264: 0.96 | R264: 10 | S264: 0.0097222222 | T264: 273 | U264: 0.98 | V264: 5 | W264: 0.0090277778 | X264: 357 | Y264: 0.98 | Z264: 7 | AA264: 0.010416667 | AB264: 363 | AC264: 0.99 | AD264: 1 | AE264: 0.0083333333 | AF264: 367 | AG264: 0.97 | AH264: 10 | AI264: 0.0097222222 | AJ264: 398 | AK264: 0.98 | AL264: 4 | AM264: 0.0090277778 | AN264: 396 | AO264: 0.98 | AP264: 7 | AQ264: 0.0090277778 | AR264: 370 | AS264: 0.99 | AT264: 2 | AU264: 0.0076388889 | AV264: 367 | AW264: 0.99 | AX264: 3 | AY264: 0.0090277778 | AZ264: 378 | BA264: 0.95 | BB264: 16 | BC264: 0.0090277778 | BD264: 396 | BE264: 0.98 | BF264: 5 | BG264: 0.0097222222 | BH264: 396 | BI264: 0.97 | BJ264: 11 | BK264: 0.0097222222 | BL264: 429 | BM264: 0.98 | BN264: 5 | BO264: 0.0090277778 | BP264: 419 | BQ264: 1 | BR264: 0 | BS264: 0.0076388889 | BT264: 421 | BU264: 0.99 | BV264: 1 | BW264: 0.0090277778 | BX264: 428 | BY264: 0.99 | BZ264: 3 | CA264: 0.0090277778 | CB264: 449 | CC264: 0.98 | CD264: 6 | CE264: 0.0097222222 | CF264: 489 | CG264: 0.99 | CH264: 2 | CI264: 0.0090277778 | CJ264: 479 | CK264: 0.98 | CL264: 6 | CM264: 0.0097222222 | CN264: 485 | CO264: 1 | CP264: 0 | CQ264: 0.0090277778 | CR264: =VLOOKUP(E264,Sheet1!A:A,1,0) -> #N/A
A265: AP5222950149 | B265: Stage 2d - 2024/11/18 | C265: Yarroweyah | D265: Cobram | E265: 00:13:50:ff:fe:71:fb:f8 | F265: fd89:1e09:aa00:416:213:50ff:fe71:fbf8 | G265: 5.4.6040 | H265: =VLOOKUP(A265,'AP Read Performance'!A:K,11,0) -> 446 | I265: =VLOOKUP(A265,'AP Read Performance'!A:D,4,0) -> 0.99 | J265: =VLOOKUP(A265,'AP Read Performance'!A:I,9,0) -> 3 | K265: =VLOOKUP(A265,'AP Read Performance'!A:N,14,0) -> 0.0090277778 | L265: 446 | M265: 0.99 | N265: 3 | O265: 0.0090277778 | P265: 428 | Q265: 0.94 | R265: 25 | S265: 0.0090277778 | T265: 500 | U265: 0.99 | V265: 5 | W265: 0.021527778 | X265: 450 | Y265: 0.97 | Z265: 13 | AA265: 0.014583333 | AB265: 261 | AC265: 0.97 | AD265: 6 | AE265: 0.0083333333 | AF265: 474 | AG265: 0.98 | AH265: 9 | AI265: 0.013888889 | AJ265: 400 | AK265: 0.99 | AL265: 3 | AM265: 0.011111111 | AN265: 388 | AO265: 0.98 | AP265: 4 | AQ265: 0.013888889 | AR265: 354 | AS265: 0.96 | AT265: 11 | AU265: 0.011111111 | AV265: 401 | AW265: 0.98 | AX265: 7 | AY265: 0.011111111 | AZ265: 380 | BA265: 0.97 | BB265: 8 | BC265: 0.0125 | BD265: 372 | BE265: 0.96 | BF265: 14 | BG265: 0.0090277778 | BH265: 401 | BI265: 0.95 | BJ265: 18 | BK265: 0.014583333 | BL265: 395 | BM265: 0.99 | BN265: 2 | BO265: 0.010416667 | BP265: 471 | BQ265: 0.96 | BR265: 15 | BS265: 0.0090277778 | BT265: 430 | BU265: 0.99 | BV265: 4 | BW265: 0.011805556 | BX265: 410 | BY265: 0.97 | BZ265: 10 | CA265: 0.010416667 | CB265: 394 | CC265: 0.98 | CD265: 5 | CE265: 0.014583333 | CF265: 401 | CG265: 0.97 | CH265: 10 | CI265: 0.0090277778 | CJ265: 401 | CK265: 0.99 | CL265: 4 | CM265: 0.020138889 | CN265: 423 | CO265: 0.96 | CP265: 13 | CQ265: 0.011111111 | CR265: =VLOOKUP(E265,Sheet1!A:A,1,0) -> #N/A
A266: AP5222950206 | B266: Stage 2d - 2024/11/18 | C266: GUNBOWER | D266: Cohuna | E266: 00:13:50:ff:fe:71:fc:75 | F266: fd89:1e09:aa00:3bb:213:50ff:fe71:fc75 | G266: 5.4.6040 | H266: =VLOOKUP(A266,'AP Read Performance'!A:K,11,0) -> 328 | I266: =VLOOKUP(A266,'AP Read Performance'!A:D,4,0) -> 0.97 | J266: =VLOOKUP(A266,'AP Read Performance'!A:I,9,0) -> 8 | K266: =VLOOKUP(A266,'AP Read Performance'!A:N,14,0) -> 0.0090277778 | L266: 328 | M266: 0.97 | N266: 8 | O266: 0.0090277778 | P266: 342 | Q266: 0.98 | R266: 4 | S266: 0.0090277778 | T266: 386 | U266: 0.99 | V266: 1 | W266: 0.0090277778 | X266: 382 | Y266: 0.97 | Z266: 8 | AA266: 0.0090277778 | AB266: 390 | AC266: 0.98 | AD266: 4 | AE266: 0.0083333333 | AF266: 369 | AG266: 0.98 | AH266: 6 | AI266: 0.0090277778 | AJ266: 402 | AK266: 0.99 | AL266: 3 | AM266: 0.0097222222 | AN266: 360 | AO266: 0.99 | AP266: 1 | AQ266: 0.0090277778 | AR266: 379 | AS266: 0.99 | AT266: 3 | AU266: 0.0090277778 | AV266: 380 | AW266: 0.98 | AX266: 4 | AY266: 0.0090277778 | AZ266: 399 | BA266: 0.98 | BB266: 4 | BC266: 0.0090277778 | BD266: 359 | BE266: 0.99 | BF266: 3 | BG266: 0.0076388889 | BH266: 357 | BI266: 0.99 | BJ266: 1 | BK266: 0.0076388889 | BL266: 340 | BM266: 0.97 | BN266: 9 | BO266: 0.0090277778 | BP266: 343 | BQ266: 0.99 | BR266: 2 | BS266: 0.0076388889 | BT266: 341 | BU266: 0.98 | BV266: 5 | BW266: 0.0090277778 | BX266: 395 | BY266: 0.98 | BZ266: 5 | CA266: 0.0090277778 | CB266: 400 | CC266: 0.99 | CD266: 1 | CE266: 0.0090277778 | CF266: 389 | CG266: 0.98 | CH266: 7 | CI266: 0.0090277778 | CJ266: 354 | CK266: 0.99 | CL266: 1 | CM266: 0.0076388889 | CN266: 374 | CO266: 0.99 | CP266: 3 | CQ266: 0.0090277778 | CR266: =VLOOKUP(E266,Sheet1!A:A,1,0) -> #N/A
A267: AP5222950121 | B267: Stage 2d - 2024/11/18 | C267: Katamatite | D267: Cobram | E267: 00:13:50:ff:fe:71:fb:fd | F267: fd89:1e09:aa00:411:213:50ff:fe71:fbfd | G267: 5.4.6040 | H267: =VLOOKUP(A267,'AP Read Performance'!A:K,11,0) -> 409 | I267: =VLOOKUP(A267,'AP Read Performance'!A:D,4,0) -> 0.98 | J267: =VLOOKUP(A267,'AP Read Performance'!A:I,9,0) -> 6 | K267: =VLOOKUP(A267,'AP Read Performance'!A:N,14,0) -> 0.0090277778 | L267: 409 | M267: 0.98 | N267: 6 | O267: 0.0090277778 | P267: 384 | Q267: 0.98 | R267: 6 | S267: 0.0090277778 | T267: 388 | U267: 0.99 | V267: 2 | W267: 0.0076388889 | X267: 375 | Y267: 0.98 | Z267: 4 | AA267: 0.0076388889 | AB267: 387 | AC267: 0.98 | AD267: 5 | AE267: 0.0090277778 | AF267: 373 | AG267: 0.99 | AH267: 2 | AI267: 0.0076388889 | AJ267: 402 | AK267: 0.98 | AL267: 7 | AM267: 0.0097222222 | AN267: 377 | AO267: 0.99 | AP267: 1 | AQ267: 0.0083333333 | AR267: 437 | AS267: 0.98 | AT267: 5 | AU267: 0.0090277778 | AV267: 443 | AW267: 0.98 | AX267: 5 | AY267: 0.0090277778 | AZ267: 421 | BA267: 0.99 | BB267: 2 | BC267: 0.0083333333 | BD267: 435 | BE267: 0.97 | BF267: 11 | BG267: 0.0090277778 | BH267: 396 | BI267: 0.97 | BJ267: 9 | BK267: 0.0090277778 | BL267: 386 | BM267: 0.98 | BN267: 6 | BO267: 0.0090277778 | BP267: 385 | BQ267: 0.98 | BR267: 4 | BS267: 0.0090277778 | BT267: 408 | BU267: 0.98 | BV267: 5 | BW267: 0.0090277778 | BX267: 430 | BY267: 0.97 | BZ267: 12 | CA267: 0.0090277778 | CB267: 402 | CC267: 0.99 | CD267: 4 | CE267: 0.0083333333 | CF267: 404 | CG267: 0.99 | CH267: 3 | CI267: 0.0083333333 | CJ267: 393 | CK267: 0.99 | CL267: 3 | CM267: 0.0090277778 | CN267: 398 | CO267: 0.99 | CP267: 2 | CQ267: 0.0076388889 | CR267: =VLOOKUP(E267,Sheet1!A:A,1,0) -> #N/A
A268: AP1123950887 | B268: Stage 2d - 2024/11/18 | C268: DREEITE SOUTH | D268: Colac | E268: 00:13:50:ff:fe:72:29:00 | F268: fd89:1e09:aa00:58a:213:50ff:fe72:2900 | G268: 5.4.6040 | H268: =VLOOKUP(A268,'AP Read Performance'!A:K,11,0) -> 669 | I268: =VLOOKUP(A268,'AP Read Performance'!A:D,4,0) -> 0.97 | J268: =VLOOKUP(A268,'AP Read Performance'!A:I,9,0) -> 14 | K268: =VLOOKUP(A268,'AP Read Performance'!A:N,14,0) -> 0.0090277778 | L268: 669 | M268: 0.97 | N268: 14 | O268: 0.0090277778 | P268: 440 | Q268: 0.97 | R268: 9 | S268: 0.0090277778 | T268: 569 | U268: 0.98 | V268: 8 | W268: 0.0090277778 | X268: 311 | Y268: 0.98 | Z268: 5 | AA268: 0.0090277778 | AB268: 523 | AC268: 0.99 | AD268: 4 | AE268: 0.0083333333 | AF268: 523 | AG268: 0.96 | AH268: 17 | AI268: 0.0090277778 | AJ268: 408 | AK268: 0.99 | AL268: 3 | AM268: 0.0090277778 | AN268: 350 | AO268: 0.98 | AP268: 7 | AQ268: 0.011111111 | AR268: 489 | AS268: 0.96 | AT268: 16 | AU268: 0.0097222222 | AV268: 394 | AW268: 0.96 | AX268: 15 | AY268: 0.0097222222 | AZ268: 438 | BA268: 0.96 | BB268: 15 | BC268: 0.010416667 | BD268: 500 | BE268: 0.91 | BF268: 43 | BG268: 0.0097222222 | BH268: 559 | BI268: 0.96 | BJ268: 19 | BK268: 0.0090277778 | BL268: 557 | BM268: 0.98 | BN268: 9 | BO268: 0.0090277778 | BP268: 534 | BQ268: 0.97 | BR268: 15 | BS268: 0.0083333333 | BT268: 542 | BU268: 0.98 | BV268: 7 | BW268: 0.0090277778 | BX268: 552 | BY268: 0.98 | BZ268: 7 | CA268: 0.0090277778 | CB268: 586 | CC268: 0.97 | CD268: 12 | CE268: 0.0090277778 | CF268: 550 | CG268: 0.97 | CH268: 12 | CI268: 0.0090277778 | CJ268: 589 | CK268: 0.98 | CL268: 10 | CM268: 0.0090277778 | CN268: 550 | CO268: 0.96 | CP268: 17 | CQ268: 0.0090277778 | CR268: =VLOOKUP(E268,Sheet1!A:A,1,0) -> #N/A
A269: AP3322951320 | B269: Stage 2d - 2024/11/18 | C269: BARINGHUP | D269: Castlemaine | E269: 00:13:50:ff:fe:71:cf:db | F269: fd89:1e09:aa00:274:213:50ff:fe71:cfdb | G269: 4.8.6002 | H269: =VLOOKUP(A269,'AP Read Performance'!A:K,11,0) -> 171 | I269: =VLOOKUP(A269,'AP Read Performance'!A:D,4,0) -> 0.99 | J269: =VLOOKUP(A269,'AP Read Performance'!A:I,9,0) -> 1 | K269: =VLOOKUP(A269,'AP Read Performance'!A:N,14,0) -> 0.0048611111 | L269: 171 | M269: 0.99 | N269: 1 | O269: 0.0048611111 | P269: 206 | Q269: 0.99 | R269: 2 | S269: 0.0090277778 | T269: 219 | U269: 1 | V269: 0 | W269: 0.0076388889 | X269: 147 | Y269: 1 | Z269: 0 | AA269: 0.0020833333 | AB269: 188 | AC269: 0.99 | AD269: 1 | AE269: 0.0090277778 | AF269: 356 | AG269: 0.99 | AH269: 1 | AI269: 0.0090277778 | AJ269: 411 | AK269: 1 | AL269: 0 | AM269: 0.0076388889 | AN269: 361 | AO269: 0.99 | AP269: 1 | AQ269: 0.0090277778 | AR269: 397 | AS269: 0.99 | AT269: 2 | AU269: 0.0076388889 | AV269: 387 | AW269: 0.99 | AX269: 2 | AY269: 0.0083333333 | AZ269: 328 | BA269: 0.97 | BB269: 8 | BC269: 0.0090277778 | BD269: 329 | BE269: 0.99 | BF269: 3 | BG269: 0.0076388889 | BH269: 325 | BI269: 0.97 | BJ269: 9 | BK269: 0.0097222222 | BL269: 319 | BM269: 1 | BN269: 0 | BO269: 0.0027777778 | BP269: 397 | BQ269: 0.97 | BR269: 8 | BS269: 0.0090277778 | BT269: 384 | BU269: 0.99 | BV269: 1 | BW269: 0.0090277778 | BX269: 388 | BY269: 0.97 | BZ269: 8 | CA269: 0.0090277778 | CB269: 398 | CC269: 1 | CD269: 0 | CE269: 0.0083333333 | CF269: 359 | CG269: 1 | CH269: 0 | CI269: 0.0076388889 | CJ269: 352 | CK269: 0.99 | CL269: 2 | CM269: 0.0090277778 | CN269: 338 | CO269: 0.99 | CP269: 2 | CQ269: 0.0090277778 | CR269: =VLOOKUP(E269,Sheet1!A:A,1,0) -> #N/A
A270: AP3322951342 | B270: Stage 2d - 2024/11/18 | C270: Cobram | D270: Cobram | E270: 00:13:50:ff:fe:71:ba:a5 | F270: fd89:1e09:aa00:281:213:50ff:fe71:baa5 | G270: 4.8.6002 | H270: =VLOOKUP(A270,'AP Read Performance'!A:K,11,0) -> 899 | I270: =VLOOKUP(A270,'AP Read Performance'!A:D,4,0) -> 0.97 | J270: =VLOOKUP(A270,'AP Read Performance'!A:I,9,0) -> 21 | K270: =VLOOKUP(A270,'AP Read Performance'!A:N,14,0) -> 0.01875 | L270: 899 | M270: 0.97 | N270: 21 | O270: 0.01875 | P270: 484 | Q270: 0.93 | R270: 30 | S270: 0.01875 | T270: 405 | U270: 0.99 | V270: 4 | W270: 0.013194444 | X270: 314 | Y270: 0.97 | Z270: 9 | AA270: 0.014583333 | AB270: 433 | AC270: 0.96 | AD270: 16 | AE270: 0.022916667 | AF270: 414 | AG270: 0.96 | AH270: 15 | AI270: 0.018055556 | AJ270: 415 | AK270: 0.99 | AL270: 3 | AM270: 0.020833333 | AN270: 437 | AO270: 0.98 | AP270: 6 | AQ270: 0.013888889 | AR270: 426 | AS270: 0.99 | AT270: 2 | AU270: 0.014583333 | AV270: 432 | AW270: 0.99 | AX270: 1 | AY270: 0.020138889 | AZ270: 337 | BA270: 0.97 | BB270: 9 | BC270: 0.022916667 | BD270: 289 | BE270: 0.97 | BF270: 6 | BG270: 0.015277778 | BH270: 304 | BI270: 0.86 | BJ270: 42 | BK270: 0.022916667 | BL270: 244 | BM270: 0.96 | BN270: 8 | BO270: 0.013888889 | BP270: 304 | BQ270: 0.97 | BR270: 8 | BS270: 0.015277778 | BT270: 287 | BU270: 0.98 | BV270: 5 | BW270: 0.014583333 | BX270: 243 | BY270: 0.97 | BZ270: 5 | CA270: 0.014583333 | CB270: 204 | CC270: 0.96 | CD270: 7 | CE270: 0.019444444 | CF270: 281 | CG270: 0.98 | CH270: 5 | CI270: 0.015277778 | CJ270: 295 | CK270: 0.98 | CL270: 4 | CM270: 0.014583333 | CN270: 301 | CO270: 0.95 | CP270: 13 | CQ270: 0.019444444 | CR270: =VLOOKUP(E270,Sheet1!A:A,1,0) -> #N/A
... A292: AP5222950186 | B292: Stage 2d - 2024/11/18 | C292: Wyuna | D292: Kyabram | E292: 00:13:50:ff:fe:71:fb:f7 | F292: fd89:1e09:aa00:417:213:50ff:fe71:fbf7 | G292: 5.4.6040 | H292: =VLOOKUP(A292,'AP Read Performance'!A:K,11,0) -> 667 | I292: =VLOOKUP(A292,'AP Read Performance'!A:D,4,0) -> 0.97 | J292: =VLOOKUP(A292,'AP Read Performance'!A:I,9,0) -> 14 | K292: =VLOOKUP(A292,'AP Read Performance'!A:N,14,0) -> 0.0097222222 | L292: 667 | M292: 0.97 | N292: 14 | O292: 0.0097222222 | P292: 538 | Q292: 0.95 | R292: 23 | S292: 0.019444444 | T292: 419 | U292: 0.99 | V292: 4 | W292: 0.01875 | X292: 289 | Y292: 0.98 | Z292: 3 | AA292: 0.0097222222 | AB292: 506 | AC292: 0.98 | AD292: 6 | AE292: 0.0097222222 | AF292: 505 | AG292: 0.95 | AH292: 24 | AI292: 0.010416667 | AJ292: 589 | AK292: 0.97 | AL292: 12 | AM292: 0.010416667 | AN292: 561 | AO292: 0.97 | AP292: 14 | AQ292: 0.017361111 | AR292: 531 | AS292: 0.97 | AT292: 13 | AU292: 0.0090277778 | AV292: 600 | AW292: 0.99 | AX292: 3 | AY292: 0.0083333333 | AZ292: 566 | BA292: 0.98 | BB292: 8 | BC292: 0.010416667 | BD292: 580 | BE292: 0.96 | BF292: 22 | BG292: 0.011111111 | BH292: 538 | BI292: 0.93 | BJ292: 33 | BK292: 0.011111111 | BL292: 572 | BM292: 0.99 | BN292: 5 | BO292: 0.010416667 | BP292: 612 | BQ292: 0.97 | BR292: 16 | BS292: 0.011111111 | BT292: 601 | BU292: 0.98 | BV292: 8 | BW292: 0.0090277778 | BX292: 647 | BY292: 0.98 | BZ292: 8 | CA292: 0.0097222222 | CB292: 620 | CC292: 0.99 | CD292: 5 | CE292: 0.0090277778 | CF292: 611 | CG292: 0.98 | CH292: 9 | CI292: 0.010416667 | CJ292: 603 | CK292: 0.97 | CL292: 15 | CM292: 0.0090277778 | CN292: 647 | CO292: 0.98 | CP292: 10 | CQ292: 0.011111111 | CR292: =VLOOKUP(E292,Sheet1!A:A,1,0) -> #N/A
A293: AP1223950298 | B293: Stage 2e - 2024/11/19 | C293: Mt Major | D293: Shepparton | E293: 00:13:50:ff:fe:72:28:22 | F293: fd89:1e09:aa00:5f2:213:50ff:fe72:2822 | G293: 5.4.6040 | H293: =VLOOKUP(A293,'AP Read Performance'!A:K,11,0) -> 39 | I293: =VLOOKUP(A293,'AP Read Performance'!A:D,4,0) -> 0 | J293: =VLOOKUP(A293,'AP Read Performance'!A:I,9,0) -> 39 | K293: =VLOOKUP(A293,'AP Read Performance'!A:N,14,0) -> 0.0097222222 | L293: 39 | M293: 0 | N293: 39 | O293: 0.0097222222 | P293: #N/A | Q293: #N/A | R293: #N/A | S293: #N/A | T293: #N/A | U293: #N/A | V293: #N/A | W293: #N/A | X293: 1 | Y293: 0 | Z293: 1 | AA293: 0.0083333333 | AB293: 64 | AC293: 0.93 | AD293: 4 | AE293: 0.0090277778 | AF293: #N/A | AG293: #N/A | AH293: #N/A | AI293: #N/A | AJ293: 591 | AK293: 0.97 | AL293: 14 | AM293: 0.0097222222 | AN293: 113 | AO293: 0 | AP293: 112 | AQ293: 0.020833333 | AR293: 887 | AS293: 0.95 | AT293: 40 | AU293: 0.018055556 | AV293: 865 | AW293: 0.93 | AX293: 57 | AY293: 0.018055556 | AZ293: 1091 | BA293: 0.96 | BB293: 41 | BC293: 0.011111111 | BD293: 544 | BE293: 0.94 | BF293: 28 | BG293: 0.0097222222 | BH293: 1071 | BI293: 0.95 | BJ293: 47 | BK293: 0.01875 | BL293: 908 | BM293: 0.98 | BN293: 12 | BO293: 0.0090277778 | BP293: 481 | BQ293: 0.95 | BR293: 22 | BS293: 0.0090277778 | BT293: 298 | BU293: 0 | BV293: 298 | BW293: 0.019444444 | BX293: 552 | BY293: 0.99 | BZ293: 5 | CA293: 0.0083333333 | CB293: 173 | CC293: 0 | CD293: 173 | CE293: 0.0090277778 | CF293: 776 | CG293: 0.97 | CH293: 17 | CI293: 0.010416667 | CJ293: 966 | CK293: 0.98 | CL293: 17 | CM293: 0.011805556 | CN293: 1005 | CO293: 0.96 | CP293: 31 | CQ293: 0.011111111 | CR293: =VLOOKUP(E293,Sheet1!A:A,1,0) -> #N/A
A294: AP2322950388 | B294: Stage 2d - 2024/11/18 | C294: SEA LAKE | D294: Swan Hill | E294: 00:13:50:ff:fe:71:b5:28 | F294: fd89:1e09:aa00:1db:213:50ff:fe71:b528 | G294: 4.8.6002 | H294: =VLOOKUP(A294,'AP Read Performance'!A:K,11,0) -> 534 | I294: =VLOOKUP(A294,'AP Read Performance'!A:D,4,0) -> 0.98 | J294: =VLOOKUP(A294,'AP Read Performance'!A:I,9,0) -> 6 | K294: =VLOOKUP(A294,'AP Read Performance'!A:N,14,0) -> 0.0090277778 | L294: 534 | M294: 0.98 | N294: 6 | O294: 0.0090277778 | P294: 667 | Q294: 0.98 | R294: 10 | S294: 0.0090277778 | T294: 664 | U294: 0.99 | V294: 1 | W294: 0.0083333333 | X294: 657 | Y294: 0.98 | Z294: 10 | AA294: 0.0090277778 | AB294: 654 | AC294: 0.99 | AD294: 3 | AE294: 0.0090277778 | AF294: 682 | AG294: 0.98 | AH294: 7 | AI294: 0.0076388889 | AJ294: 614 | AK294: 0.99 | AL294: 2 | AM294: 0.0090277778 | AN294: 600 | AO294: 0.99 | AP294: 6 | AQ294: 0.0090277778 | AR294: 668 | AS294: 0.99 | AT294: 4 | AU294: 0.0090277778 | AV294: 563 | AW294: 0.99 | AX294: 1 | AY294: 0.0083333333 | AZ294: 651 | BA294: 0.99 | BB294: 1 | BC294: 0.0083333333 | BD294: 630 | BE294: 0.99 | BF294: 4 | BG294: 0.0083333333 | BH294: 610 | BI294: 0.99 | BJ294: 3 | BK294: 0.0090277778 | BL294: 593 | BM294: 0.99 | BN294: 4 | BO294: 0.0090277778 | BP294: 535 | BQ294: 0.99 | BR294: 5 | BS294: 0.0090277778 | BT294: 601 | BU294: 0.99 | BV294: 4 | BW294: 0.0090277778 | BX294: 543 | BY294: 0.99 | BZ294: 1 | CA294: 0.0041666667 | CB294: 657 | CC294: 0.98 | CD294: 11 | CE294: 0.0090277778 | CF294: 642 | CG294: 0.99 | CH294: 2 | CI294: 0.0090277778 | CJ294: 641 | CK294: 0.99 | CL294: 3 | CM294: 0.0076388889 | CN294: 660 | CO294: 0.99 | CP294: 3 | CQ294: 0.0090277778 | CR294: =VLOOKUP(E294,Sheet1!A:A,1,0) -> #N/A
A295: AP5222950152 | B295: Stage 2d - 2024/11/18 | C295: Katunga | D295: Cobram | E295: 00:13:50:ff:fe:71:fb:d7 | F295: fd89:1e09:aa00:42d:213:50ff:fe71:fbd7 | G295: 5.4.6040 | H295: =VLOOKUP(A295,'AP Read Performance'!A:K,11,0) -> 824 | I295: =VLOOKUP(A295,'AP Read Performance'!A:D,4,0) -> 0.92 | J295: =VLOOKUP(A295,'AP Read Performance'!A:I,9,0) -> 64 | K295: =VLOOKUP(A295,'AP Read Performance'!A:N,14,0) -> 0.01875 | L295: 824 | M295: 0.92 | N295: 64 | O295: 0.01875 | P295: 701 | Q295: 0.95 | R295: 33 | S295: 0.0125 | T295: 504 | U295: 0.99 | V295: 3 | W295: 0.0090277778 | X295: 533 | Y295: 0.97 | Z295: 14 | AA295: 0.0125 | AB295: 669 | AC295: 0.99 | AD295: 5 | AE295: 0.0090277778 | AF295: 686 | AG295: 0.98 | AH295: 13 | AI295: 0.020138889 | AJ295: 620 | AK295: 0.98 | AL295: 10 | AM295: 0.011805556 | AN295: 637 | AO295: 0.98 | AP295: 11 | AQ295: 0.011805556 | AR295: 671 | AS295: 0.96 | AT295: 25 | AU295: 0.018055556 | AV295: 728 | AW295: 0.97 | AX295: 20 | AY295: 0.01875 | AZ295: 651 | BA295: 0.96 | BB295: 21 | BC295: 0.011805556 | BD295: 517 | BE295: 0.97 | BF295: 12 | BG295: 0.011111111 | BH295: 657 | BI295: 0.96 | BJ295: 23 | BK295: 0.01875 | BL295: 641 | BM295: 0.98 | BN295: 11 | BO295: 0.011805556 | BP295: 587 | BQ295: 0.97 | BR295: 15 | BS295: 0.0125 | BT295: 590 | BU295: 0.98 | BV295: 7 | BW295: 0.018055556 | BX295: 566 | BY295: 0.97 | BZ295: 13 | CA295: 0.011805556 | CB295: 538 | CC295: 0.97 | CD295: 11 | CE295: 0.0097222222 | CF295: 577 | CG295: 0.98 | CH295: 7 | CI295: 0.0125 | CJ295: 546 | CK295: 0.96 | CL295: 21 | CM295: 0.011805556 | CN295: 589 | CO295: 0.97 | CP295: 12 | CQ295: 0.011805556 | CR295: =VLOOKUP(E295,Sheet1!A:A,1,0) -> #N/A
A296: AP5222950167 | B296: Stage 2d - 2024/11/18 | C296: GLENLYON | D296: Ballarat | E296: 00:13:50:ff:fe:71:fb:c2 | F296: fd89:1e09:aa00:43f:213:50ff:fe71:fbc2 | G296: 5.4.6040 | H296: =VLOOKUP(A296,'AP Read Performance'!A:K,11,0) -> 728 | I296: =VLOOKUP(A296,'AP Read Performance'!A:D,4,0) -> 0.97 | J296: =VLOOKUP(A296,'AP Read Performance'!A:I,9,0) -> 20 | K296: =VLOOKUP(A296,'AP Read Performance'!A:N,14,0) -> 0.011805556 | L296: 728 | M296: 0.97 | N296: 20 | O296: 0.011805556 | P296: 618 | Q296: 0.97 | R296: 16 | S296: 0.011111111 | T296: 1306 | U296: 0.99 | V296: 5 | W296: 0.010416667 | X296: 368 | Y296: 0.98 | Z296: 6 | AA296: 0.0090277778 | AB296: 694 | AC296: 0.98 | AD296: 12 | AE296: 0.010416667 | AF296: 743 | AG296: 0.98 | AH296: 12 | AI296: 0.010416667 | AJ296: 623 | AK296: 0.97 | AL296: 15 | AM296: 0.010416667 | AN296: 592 | AO296: 0.98 | AP296: 9 | AQ296: 0.0097222222 | AR296: 518 | AS296: 0.97 | AT296: 12 | AU296: 0.0097222222 | AV296: 487 | AW296: 0.96 | AX296: 18 | AY296: 0.017361111 | AZ296: 479 | BA296: 0.97 | BB296: 14 | BC296: 0.0097222222 | BD296: 391 | BE296: 0.98 | BF296: 6 | BG296: 0.0090277778 | BH296: 587 | BI296: 0.96 | BJ296: 21 | BK296: 0.018055556 | BL296: 472 | BM296: 0.98 | BN296: 8 | BO296: 0.0090277778 | BP296: 434 | BQ296: 0.97 | BR296: 11 | BS296: 0.0097222222 | BT296: 555 | BU296: 0.98 | BV296: 8 | BW296: 0.0090277778 | BX296: 404 | BY296: 0.98 | BZ296: 5 | CA296: 0.0090277778 | CB296: 762 | CC296: 0.98 | CD296: 13 | CE296: 0.0090277778 | CF296: 440 | CG296: 0.99 | CH296: 4 | CI296: 0.018055556 | CJ296: 582 | CK296: 0.97 | CL296: 16 | CM296: 0.011805556 | CN296: 459 | CO296: 0.98 | CP296: 8 | CQ296: 0.017361111 | CR296: =VLOOKUP(E296,Sheet1!A:A,1,0) -> #N/A
A297: AP3920950943 | B297: Stage 2d - 2024/11/18 | C297: Mooroopna | D297: Shepparton | E297: 00:13:50:ff:fe:70:fd:d7 | F297: fd89:1e09:aa00:13a:213:50ff:fe70:fdd7 | G297: 4.8.6002 | H297: =VLOOKUP(A297,'AP Read Performance'!A:K,11,0) -> 1041 | I297: =VLOOKUP(A297,'AP Read Performance'!A:D,4,0) -> 0.98 | J297: =VLOOKUP(A297,'AP Read Performance'!A:I,9,0) -> 13 | K297: =VLOOKUP(A297,'AP Read Performance'!A:N,14,0) -> 0.0097222222 | L297: 1041 | M297: 0.98 | N297: 13 | O297: 0.0097222222 | P297: 951 | Q297: 0.98 | R297: 10 | S297: 0.0125 | T297: 967 | U297: 0.98 | V297: 11 | W297: 0.011805556 | X297: 274 | Y297: 0.98 | Z297: 4 | AA297: 0.0083333333 | AB297: 711 | AC297: 0.98 | AD297: 12 | AE297: 0.011111111 | AF297: 763 | AG297: 0.98 | AH297: 10 | AI297: 0.020833333 | AJ297: 627 | AK297: 0.99 | AL297: 6 | AM297: 0.010416667 | AN297: 645 | AO297: 0.96 | AP297: 22 | AQ297: 0.011805556 | AR297: 669 | AS297: 0.97 | AT297: 14 | AU297: 0.010416667 | AV297: 595 | AW297: 0.98 | AX297: 7 | AY297: 0.011111111 | AZ297: 599 | BA297: 0.98 | BB297: 10 | BC297: 0.0090277778 | BD297: 434 | BE297: 0.97 | BF297: 10 | BG297: 0.01875 | BH297: 387 | BI297: 0.96 | BJ297: 14 | BK297: 0.0097222222 | BL297: 397 | BM297: 0.97 | BN297: 11 | BO297: 0.015972222 | BP297: 372 | BQ297: 0.98 | BR297: 7 | BS297: 0.0097222222 | BT297: 424 | BU297: 0.92 | BV297: 31 | BW297: 0.019444444 | BX297: 333 | BY297: 0.98 | BZ297: 5 | CA297: 0.0097222222 | CB297: 323 | CC297: 0.94 | CD297: 18 | CE297: 0.018055556 | CF297: 234 | CG297: 0.97 | CH297: 5 | CI297: 0.0097222222 | CJ297: 663 | CK297: 0.98 | CL297: 8 | CM297: 0.0097222222 | CN297: 693 | CO297: 0.98 | CP297: 13 | CQ297: 0.0097222222 | CR297: =VLOOKUP(E297,Sheet1!A:A,1,0) -> #N/A
A298: AP2422950034 | B298: Stage 2d - 2024/11/18 | C298: HARCOURT | D298: Castlemaine | E298: 00:13:50:ff:fe:71:b5:31 | F298: fd89:1e09:aa00:1d2:213:50ff:fe71:b531 | G298: 4.8.6002 | H298: =VLOOKUP(A298,'AP Read Performance'!A:K,11,0) -> 654 | I298: =VLOOKUP(A298,'AP Read Performance'!A:D,4,0) -> 0.98 | J298: =VLOOKUP(A298,'AP Read Performance'!A:I,9,0) -> 9 | K298: =VLOOKUP(A298,'AP Read Performance'!A:N,14,0) -> 0.013194444 | L298: 654 | M298: 0.98 | N298: 9 | O298: 0.013194444 | P298: 582 | Q298: 0.98 | R298: 6 | S298: 0.010416667 | T298: 748 | U298: 0.99 | V298: 2 | W298: 0.0097222222 | X298: 557 | Y298: 0.99 | Z298: 1 | AA298: 0.0090277778 | AB298: 709 | AC298: 0.98 | AD298: 11 | AE298: 0.0097222222 | AF298: 660 | AG298: 0.98 | AH298: 11 | AI298: 0.01875 | AJ298: 646 | AK298: 0.98 | AL298: 7 | AM298: 0.011111111 | AN298: 556 | AO298: 0.99 | AP298: 1 | AQ298: 0.0090277778 | AR298: 511 | AS298: 0.98 | AT298: 7 | AU298: 0.019444444 | AV298: 692 | AW298: 0.99 | AX298: 6 | AY298: 0.017361111 | AZ298: 667 | BA298: 0.99 | BB298: 6 | BC298: 0.011805556 | BD298: 526 | BE298: 0.99 | BF298: 1 | BG298: 0.0097222222 | BH298: 590 | BI298: 0.98 | BJ298: 9 | BK298: 0.0125 | BL298: 578 | BM298: 0.99 | BN298: 2 | BO298: 0.0097222222 | BP298: 590 | BQ298: 0.99 | BR298: 4 | BS298: 0.011805556 | BT298: 538 | BU298: 0.99 | BV298: 3 | BW298: 0.0090277778 | BX298: 586 | BY298: 0.99 | BZ298: 3 | CA298: 0.017361111 | CB298: 474 | CC298: 0.99 | CD298: 1 | CE298: 0.020833333 | CF298: 599 | CG298: 0.99 | CH298: 2 | CI298: 0.011805556 | CJ298: 588 | CK298: 0.99 | CL298: 2 | CM298: 0.011111111 | CN298: 670 | CO298: 0.98 | CP298: 7 | CQ298: 0.011111111 | CR298: =VLOOKUP(E298,Sheet1!A:A,1,0) -> #N/A
A299: AP4122950036 | B299: Stage 2d - 2024/11/18 | C299: ELMORE | D299: Echuca | E299: 00:13:50:ff:fe:71:e9:80 | F299: fd89:1e09:aa00:2c2:213:50ff:fe71:e980 | G299: 4.8.6002 | H299: =VLOOKUP(A299,'AP Read Performance'!A:K,11,0) -> 611 | I299: =VLOOKUP(A299,'AP Read Performance'!A:D,4,0) -> 0.99 | J299: =VLOOKUP(A299,'AP Read Performance'!A:I,9,0) -> 5 | K299: =VLOOKUP(A299,'AP Read Performance'!A:N,14,0) -> 0.0090277778 | L299: 611 | M299: 0.99 | N299: 5 | O299: 0.0090277778 | P299: 608 | Q299: 0.99 | R299: 5 | S299: 0.0090277778 | T299: 587 | U299: 0.99 | V299: 3 | W299: 0.0083333333 | X299: 571 | Y299: 0.98 | Z299: 8 | AA299: 0.0041666667 | AB299: 574 | AC299: 1 | AD299: 0 | AE299: 0.0083333333 | AF299: 576 | AG299: 0.99 | AH299: 2 | AI299: 0.0090277778 | AJ299: 656 | AK299: 0.99 | AL299: 2 | AM299: 0.0097222222 | AN299: 803 | AO299: 0.97 | AP299: 17 | AQ299: 0.019444444 | AR299: 658 | AS299: 0.99 | AT299: 5 | AU299: 0.0097222222 | AV299: 642 | AW299: 0.99 | AX299: 5 | AY299: 0.0083333333 | AZ299: 637 | BA299: 0.99 | BB299: 6 | BC299: 0.0083333333 | BD299: 688 | BE299: 0.98 | BF299: 9 | BG299: 0.0083333333 | BH299: 649 | BI299: 0.98 | BJ299: 7 | BK299: 0.0097222222 | BL299: 636 | BM299: 0.99 | BN299: 2 | BO299: 0.0097222222 | BP299: 627 | BQ299: 0.99 | BR299: 1 | BS299: 0.0083333333 | BT299: 625 | BU299: 1 | BV299: 0 | BW299: 0.0048611111 | BX299: 631 | BY299: 0.99 | BZ299: 2 | CA299: 0.0076388889 | CB299: 629 | CC299: 0.99 | CD299: 5 | CE299: 0.0090277778 | CF299: 629 | CG299: 0.99 | CH299: 2 | CI299: 0.0048611111 | CJ299: 619 | CK299: 0.99 | CL299: 5 | CM299: 0.0090277778 | CN299: 618 | CO299: 0.99 | CP299: 3 | CQ299: 0.0090277778 | CR299: =VLOOKUP(E299,Sheet1!A:A,1,0) -> #N/A
A300: AP5222950171 | B300: Stage 2d - 2024/11/18 | C300: Kaniva | D300: Horsham | E300: 00:13:50:ff:fe:71:fc:25 | F300: fd89:1e09:aa00:3f8:213:50ff:fe71:fc25 | G300: 5.4.6040 | H300: =VLOOKUP(A300,'AP Read Performance'!A:K,11,0) -> 619 | I300: =VLOOKUP(A300,'AP Read Performance'!A:D,4,0) -> 0.99 | J300: =VLOOKUP(A300,'AP Read Performance'!A:I,9,0) -> 6 | K300: =VLOOKUP(A300,'AP Read Performance'!A:N,14,0) -> 0.0083333333 | L300: 619 | M300: 0.99 | N300: 6 | O300: 0.0083333333 | P300: 599 | Q300: 0.99 | R300: 4 | S300: 0.0090277778 | T300: 584 | U300: 0.98 | V300: 6 | W300: 0.0090277778 | X300: 578 | Y300: 0.98 | Z300: 7 | AA300: 0.0083333333 | AB300: 639 | AC300: 0.99 | AD300: 1 | AE300: 0.0083333333 | AF300: 689 | AG300: 0.99 | AH300: 3 | AI300: 0.0076388889 | AJ300: 658 | AK300: 0.98 | AL300: 7 | AM300: 0.0097222222 | AN300: 624 | AO300: 0.98 | AP300: 8 | AQ300: 0.0090277778 | AR300: 634 | AS300: 0.98 | AT300: 7 | AU300: 0.0090277778 | AV300: 674 | AW300: 0.98 | AX300: 10 | AY300: 0.0090277778 | AZ300: 661 | BA300: 0.99 | BB300: 5 | BC300: 0.0090277778 | BD300: 686 | BE300: 0.97 | BF300: 20 | BG300: 0.0090277778 | BH300: 644 | BI300: 0.98 | BJ300: 9 | BK300: 0.0090277778 | BL300: 623 | BM300: 0.99 | BN300: 3 | BO300: 0.0090277778 | BP300: 659 | BQ300: 0.99 | BR300: 4 | BS300: 0.0090277778 | BT300: 652 | BU300: 0.99 | BV300: 4 | BW300: 0.0090277778 | BX300: 596 | BY300: 0.99 | BZ300: 3 | CA300: 0.0083333333 | CB300: 663 | CC300: 0.98 | CD300: 12 | CE300: 0.0090277778 | CF300: 656 | CG300: 0.98 | CH300: 8 | CI300: 0.0090277778 | CJ300: 669 | CK300: 0.84 | CL300: 102 | CM300: 0.0097222222 | CN300: 676 | CO300: 0.98 | CP300: 10 | CQ300: 0.0090277778 | CR300: =VLOOKUP(E300,Sheet1!A:A,1,0) -> #N/A
A301: AP5222950174 | B301: Stage 2d - 2024/11/18 | C301: LEITCHVILLE | D301: Cohuna | E301: 00:13:50:ff:fe:71:fb:d2 | F301: fd89:1e09:aa00:432:213:50ff:fe71:fbd2 | G301: 5.4.6040 | H301: =VLOOKUP(A301,'AP Read Performance'!A:K,11,0) -> 718 | I301: =VLOOKUP(A301,'AP Read Performance'!A:D,4,0) -> 0.97 | J301: =VLOOKUP(A301,'AP Read Performance'!A:I,9,0) -> 17 | K301: =VLOOKUP(A301,'AP Read Performance'!A:N,14,0) -> 0.0097222222 | L301: 718 | M301: 0.97 | N301: 17 | O301: 0.0097222222 | P301: 645 | Q301: 0.98 | R301: 10 | S301: 0.0090277778 | T301: 550 | U301: 0.99 | V301: 2 | W301: 0.0090277778 | X301: 517 | Y301: 0.99 | Z301: 5 | AA301: 0.0090277778 | AB301: 649 | AC301: 0.99 | AD301: 5 | AE301: 0.0090277778 | AF301: 728 | AG301: 0.98 | AH301: 13 | AI301: 0.0097222222 | AJ301: 681 | AK301: 0.99 | AL301: 5 | AM301: 0.0097222222 | AN301: 713 | AO301: 0.99 | AP301: 4 | AQ301: 0.0090277778 | AR301: 704 | AS301: 0.98 | AT301: 10 | AU301: 0.0083333333 | AV301: 704 | AW301: 0.98 | AX301: 10 | AY301: 0.0090277778 | AZ301: 645 | BA301: 0.98 | BB301: 7 | BC301: 0.0090277778 | BD301: 713 | BE301: 0.96 | BF301: 24 | BG301: 0.0090277778 | BH301: 683 | BI301: 0.98 | BJ301: 11 | BK301: 0.0097222222 | BL301: 716 | BM301: 0.98 | BN301: 9 | BO301: 0.0090277778 | BP301: 707 | BQ301: 0.99 | BR301: 7 | BS301: 0.0083333333 | BT301: 699 | BU301: 0.99 | BV301: 5 | BW301: 0.0090277778 | BX301: 655 | BY301: 0.98 | BZ301: 7 | CA301: 0.0090277778 | CB301: 632 | CC301: 0.99 | CD301: 4 | CE301: 0.0076388889 | CF301: 635 | CG301: 0.99 | CH301: 6 | CI301: 0.0090277778 | CJ301: 661 | CK301: 0.99 | CL301: 6 | CM301: 0.0090277778 | CN301: 646 | CO301: 0.99 | CP301: 5 | CQ301: 0.0090277778 | CR301: =VLOOKUP(E301,Sheet1!A:A,1,0) -> #N/A
A302: AP3322951335 | B302: Stage 2d - 2024/11/18 | C302: KOONDROOK | D302: Cohuna | E302: 00:13:50:ff:fe:71:cf:fd | F302: fd89:1e09:aa00:266:213:50ff:fe71:cffd | G302: 4.8.6002 | H302: =VLOOKUP(A302,'AP Read Performance'!A:K,11,0) -> 680 | I302: =VLOOKUP(A302,'AP Read Performance'!A:D,4,0) -> 0.99 | J302: =VLOOKUP(A302,'AP Read Performance'!A:I,9,0) -> 2 | K302: =VLOOKUP(A302,'AP Read Performance'!A:N,14,0) -> 0.0076388889 | L302: 680 | M302: 0.99 | N302: 2 | O302: 0.0076388889 | P302: 707 | Q302: 0.99 | R302: 6 | S302: 0.017361111 | T302: 662 | U302: 0.99 | V302: 1 | W302: 0.0090277778 | X302: 689 | Y302: 0.99 | Z302: 1 | AA302: 0.0076388889 | AB302: 666 | AC302: 1 | AD302: 0 | AE302: 0.0083333333 | AF302: 681 | AG302: 0.99 | AH302: 2 | AI302: 0.010416667 | AJ302: 683 | AK302: 1 | AL302: 0 | AM302: 0.0076388889 | AN302: 672 | AO302: 1 | AP302: 0 | AQ302: 0.0076388889 | AR302: 665 | AS302: 1 | AT302: 0 | AU302: 0.0076388889 | AV302: 704 | AW302: 1 | AX302: 0 | AY302: 0.0076388889 | AZ302: 702 | BA302: 1 | BB302: 0 | BC302: 0.0076388889 | BD302: 713 | BE302: 0.99 | BF302: 3 | BG302: 0.0076388889 | BH302: 691 | BI302: 1 | BJ302: 0 | BK302: 0.0076388889 | BL302: 676 | BM302: 1 | BN302: 0 | BO302: 0.0076388889 | BP302: 699 | BQ302: 1 | BR302: 0 | BS302: 0.0076388889 | BT302: 693 | BU302: 1 | BV302: 0 | BW302: 0.0076388889 | BX302: 709 | BY302: 0.99 | BZ302: 4 | CA302: 0.0048611111 | CB302: 713 | CC302: 1 | CD302: 0 | CE302: 0.0076388889 | CF302: 698 | CG302: 1 | CH302: 0 | CI302: 0.0048611111 | CJ302: 709 | CK302: 0.99 | CL302: 1 | CM302: 0.0083333333 | CN302: 702 | CO302: 0.99 | CP302: 2 | CQ302: 0.0076388889 | CR302: =VLOOKUP(E302,Sheet1!A:A,1,0) -> #N/A
A303: AP5222950145 | B303: Stage 2d - 2024/11/18 | C303: Invergordon | D303: Cobram | E303: 00:13:50:ff:fe:71:fb:d6 | F303: fd89:1e09:aa00:42e:213:50ff:fe71:fbd6 | G303: 5.4.6040 | H303: =VLOOKUP(A303,'AP Read Performance'!A:K,11,0) -> 458 | I303: =VLOOKUP(A303,'AP Read Performance'!A:D,4,0) -> 0.87 | J303: =VLOOKUP(A303,'AP Read Performance'!A:I,9,0) -> 58 | K303: =VLOOKUP(A303,'AP Read Performance'!A:N,14,0) -> 0.010416667 | L303: 458 | M303: 0.87 | N303: 58 | O303: 0.010416667 | P303: 812 | Q303: 0.97 | R303: 19 | S303: 0.0090277778 | T303: 501 | U303: 0.97 | V303: 13 | W303: 0.0090277778 | X303: 500 | Y303: 0.97 | Z303: 14 | AA303: 0.0097222222 | AB303: 687 | AC303: 0.99 | AD303: 5 | AE303: 0.010416667 | AF303: 769 | AG303: 0.97 | AH303: 16 | AI303: 0.0090277778 | AJ303: 702 | AK303: 0.96 | AL303: 27 | AM303: 0.010416667 | AN303: 752 | AO303: 0.95 | AP303: 31 | AQ303: 0.020138889 | AR303: 658 | AS303: 0.97 | AT303: 15 | AU303: 0.0090277778 | AV303: 650 | AW303: 0.96 | AX303: 21 | AY303: 0.017361111 | AZ303: 616 | BA303: 0.96 | BB303: 23 | BC303: 0.0097222222 | BD303: 480 | BE303: 0.95 | BF303: 21 | BG303: 0.011111111 | BH303: 670 | BI303: 0.95 | BJ303: 31 | BK303: 0.011111111 | BL303: 551 | BM303: 0.99 | BN303: 1 | BO303: 0.0090277778 | BP303: 648 | BQ303: 0.98 | BR303: 7 | BS303: 0.0090277778 | BT303: 459 | BU303: 0.95 | BV303: 22 | BW303: 0.016666667 | BX303: 658 | BY303: 0.98 | BZ303: 8 | CA303: 0.0090277778 | CB303: 740 | CC303: 0.97 | CD303: 16 | CE303: 0.0090277778 | CF303: 558 | CG303: 0.98 | CH303: 8 | CI303: 0.0083333333 | CJ303: 517 | CK303: 0.99 | CL303: 3 | CM303: 0.0083333333 | CN303: 597 | CO303: 0.98 | CP303: 6 | CQ303: 0.0090277778 | CR303: =VLOOKUP(E303,Sheet1!A:A,1,0) -> #N/A
A304: AP5222950432 | B304: Stage 2d - 2024/11/18 | C304: Katunga | D304: Cobram | E304: 00:13:50:ff:fe:72:0f:4a | F304: fd89:1e09:aa00:2ff:213:50ff:fe72:f4a | G304: 5.4.6040 | H304: =VLOOKUP(A304,'AP Read Performance'!A:K,11,0) -> 905 | I304: =VLOOKUP(A304,'AP Read Performance'!A:D,4,0) -> 0.97 | J304: =VLOOKUP(A304,'AP Read Performance'!A:I,9,0) -> 27 | K304: =VLOOKUP(A304,'AP Read Performance'!A:N,14,0) -> 0.018055556 | L304: 905 | M304: 0.97 | N304: 27 | O304: 0.018055556 | P304: 921 | Q304: 0.95 | R304: 38 | S304: 0.0125 | T304: 811 | U304: 0.97 | V304: 18 | W304: 0.019444444 | X304: 775 | Y304: 0.98 | Z304: 9 | AA304: 0.011805556 | AB304: 914 | AC304: 0.98 | AD304: 12 | AE304: 0.011805556 | AF304: 810 | AG304: 0.98 | AH304: 13 | AI304: 0.011805556 | AJ304: 704 | AK304: 0.98 | AL304: 12 | AM304: 0.021527778 | AN304: 750 | AO304: 0.99 | AP304: 4 | AQ304: 0.011805556 | AR304: 744 | AS304: 0.99 | AT304: 5 | AU304: 0.0125 | AV304: 726 | AW304: 0.98 | AX304: 9 | AY304: 0.011805556 | AZ304: 788 | BA304: 0.97 | BB304: 20 | BC304: 0.018055556 | BD304: 979 | BE304: 0.96 | BF304: 34 | BG304: 0.022916667 | BH304: 993 | BI304: 0.95 | BJ304: 46 | BK304: 0.011805556 | BL304: 943 | BM304: 0.98 | BN304: 16 | BO304: 0.011805556 | BP304: 839 | BQ304: 0.96 | BR304: 29 | BS304: 0.019444444 | BT304: 740 | BU304: 0.96 | BV304: 26 | BW304: 0.020833333 | BX304: 1003 | BY304: 0.97 | BZ304: 24 | CA304: 0.019444444 | CB304: 1029 | CC304: 0.97 | CD304: 26 | CE304: 0.019444444 | CF304: 942 | CG304: 0.98 | CH304: 15 | CI304: 0.0125 | CJ304: 1019 | CK304: 0.97 | CL304: 27 | CM304: 0.017361111 | CN304: 1019 | CO304: 0.97 | CP304: 25 | CQ304: 0.018055556 | CR304: =VLOOKUP(E304,Sheet1!A:A,1,0) -> #N/A
A305: AP0222950005 | B305: Stage 2d - 2024/11/18 | C305: White Hills | D305: Bendigo | E305: 00:13:50:ff:fe:71:8e:ee | F305: fd89:1e09:aa00:1a1:213:50ff:fe71:8eee | G305: 4.8.6002 | H305: =VLOOKUP(A305,'AP Read Performance'!A:K,11,0) -> 778 | I305: =VLOOKUP(A305,'AP Read Performance'!A:D,4,0) -> 0.97 | J305: =VLOOKUP(A305,'AP Read Performance'!A:I,9,0) -> 22 | K305: =VLOOKUP(A305,'AP Read Performance'!A:N,14,0) -> 0.013194444 | L305: 778 | M305: 0.97 | N305: 22 | O305: 0.013194444 | P305: 620 | Q305: 0.97 | R305: 14 | S305: 0.011805556 | T305: 624 | U305: 0.97 | V305: 14 | W305: 0.0125 | X305: 492 | Y305: 0.96 | Z305: 17 | AA305: 0.016666667 | AB305: 824 | AC305: 0.97 | AD305: 22 | AE305: 0.017361111 | AF305: 792 | AG305: 0.96 | AH305: 25 | AI305: 0.011805556 | AJ305: 741 | AK305: 0.96 | AL305: 24 | AM305: 0.019444444 | AN305: 745 | AO305: 0.97 | AP305: 19 | AQ305: 0.0125 | AR305: 769 | AS305: 0.97 | AT305: 21 | AU305: 0.01875 | AV305: 871 | AW305: 0.95 | AX305: 35 | AY305: 0.0125 | AZ305: 693 | BA305: 0.96 | BB305: 23 | BC305: 0.011805556 | BD305: 612 | BE305: 0.96 | BF305: 19 | BG305: 0.01875 | BH305: 582 | BI305: 0.95 | BJ305: 28 | BK305: 0.019444444 | BL305: 816 | BM305: 0.97 | BN305: 18 | BO305: 0.018055556 | BP305: 805 | BQ305: 0.98 | BR305: 16 | BS305: 0.019444444 | BT305: 805 | BU305: 0.95 | BV305: 36 | BW305: 0.011111111 | BX305: 805 | BY305: 0.97 | BZ305: 20 | CA305: 0.011111111 | CB305: 795 | CC305: 0.97 | CD305: 17 | CE305: 0.019444444 | CF305: 816 | CG305: 0.97 | CH305: 17 | CI305: 0.019444444 | CJ305: 792 | CK305: 0.97 | CL305: 22 | CM305: 0.011111111 | CN305: 804 | CO305: 0.96 | CP305: 28 | CQ305: 0.017361111 | CR305: =VLOOKUP(E305,Sheet1!A:A,1,0) -> #N/A
... A345: AP2220950296 | B345: Stage 2e - 2024/11/19 | C345: Smythes Creek | D345: Ballarat | E345: 00:13:50:ff:fe:70:df:9c | F345: fd89:1e09:aa00:10e:213:50ff:fe70:df9c | G345: 4.8.6002 | H345: =VLOOKUP(A345,'AP Read Performance'!A:K,11,0) -> 1710 | I345: =VLOOKUP(A345,'AP Read Performance'!A:D,4,0) -> 0.98 | J345: =VLOOKUP(A345,'AP Read Performance'!A:I,9,0) -> 23 | K345: =VLOOKUP(A345,'AP Read Performance'!A:N,14,0) -> 0.01875 | L345: 1710 | M345: 0.98 | N345: 23 | O345: 0.01875 | P345: 1341 | Q345: 0.98 | R345: 15 | S345: 0.029166667 | T345: 895 | U345: 0.98 | V345: 9 | W345: 0.011805556 | X345: 1625 | Y345: 0.99 | Z345: 9 | AA345: 0.035416667 | AB345: 1583 | AC345: 0.99 | AD345: 15 | AE345: 0.013194444 | AF345: 1570 | AG345: 0.98 | AH345: 21 | AI345: 0.011805556 | AJ345: 1541 | AK345: 0.99 | AL345: 6 | AM345: 0.014583333 | AN345: 1705 | AO345: 0.99 | AP345: 11 | AQ345: 0.013888889 | AR345: 1686 | AS345: 0.99 | AT345: 14 | AU345: 0.017361111 | AV345: 1654 | AW345: 0.98 | AX345: 21 | AY345: 0.016666667 | AZ345: 1646 | BA345: 0.98 | BB345: 26 | BC345: 0.018055556 | BD345: 1522 | BE345: 0.99 | BF345: 13 | BG345: 0.013888889 | BH345: 1461 | BI345: 0.99 | BJ345: 13 | BK345: 0.019444444 | BL345: 1504 | BM345: 0.99 | BN345: 8 | BO345: 0.015972222 | BP345: 1515 | BQ345: 0.98 | BR345: 16 | BS345: 0.016666667 | BT345: 1400 | BU345: 0.98 | BV345: 21 | BW345: 0.024305556 | BX345: 1464 | BY345: 0.98 | BZ345: 16 | CA345: 0.020138889 | CB345: 1378 | CC345: 0.99 | CD345: 6 | CE345: 0.038888889 | CF345: 1578 | CG345: 0.99 | CH345: 13 | CI345: 0.0097222222 | CJ345: 1552 | CK345: 0.98 | CL345: 21 | CM345: 0.015972222 | CN345: 1478 | CO345: 0.99 | CP345: 14 | CQ345: 0.011111111 | CR345: =VLOOKUP(E345,Sheet1!A:A,1,0) -> #N/A
A346: AP3619950572 | B346: Stage 2e - 2024/11/19 | C346: California Gully | D346: Bendigo | E346: 00:13:50:ff:fe:70:83:88 | F346: fd89:1e09:aa00:e:213:50ff:fe70:8388 | G346: 4.8.6002 | H346: =VLOOKUP(A346,'AP Read Performance'!A:K,11,0) -> 2549 | I346: =VLOOKUP(A346,'AP Read Performance'!A:D,4,0) -> 0.97 | J346: =VLOOKUP(A346,'AP Read Performance'!A:I,9,0) -> 57 | K346: =VLOOKUP(A346,'AP Read Performance'!A:N,14,0) -> 0.024305556 | L346: 2549 | M346: 0.97 | N346: 57 | O346: 0.024305556 | P346: 2114 | Q346: 0.97 | R346: 45 | S346: 0.020138889 | T346: 1736 | U346: 0.98 | V346: 32 | W346: 0.015972222 | X346: 3056 | Y346: 0.98 | Z346: 37 | AA346: 0.022222222 | AB346: 2678 | AC346: 0.97 | AD346: 64 | AE346: 0.022222222 | AF346: 2662 | AG346: 0.97 | AH346: 74 | AI346: 0.020833333 | AJ346: 1560 | AK346: 0.99 | AL346: 13 | AM346: 0.01875 | AN346: 891 | AO346: 0.98 | AP346: 9 | AQ346: 0.0125 | AR346: #N/A | AS346: #N/A | AT346: #N/A | AU346: #N/A | AV346: 2433 | AW346: 0.98 | AX346: 26 | AY346: 0.018055556 | AZ346: 2382 | BA346: 0.98 | BB346: 26 | BC346: 0.018055556 | BD346: 2395 | BE346: 0.97 | BF346: 58 | BG346: 0.019444444 | BH346: 2830 | BI346: 0.95 | BJ346: 117 | BK346: 0.020833333 | BL346: 2478 | BM346: 0.98 | BN346: 36 | BO346: 0.017361111 | BP346: 2536 | BQ346: 0.98 | BR346: 30 | BS346: 0.020833333 | BT346: 2246 | BU346: 0.98 | BV346: 40 | BW346: 0.021527778 | BX346: 2349 | BY346: 0.99 | BZ346: 22 | CA346: 0.01875 | CB346: 2381 | CC346: 0.98 | CD346: 38 | CE346: 0.019444444 | CF346: 2211 | CG346: 0.98 | CH346: 26 | CI346: 0.015972222 | CJ346: 2554 | CK346: 0.97 | CL346: 72 | CM346: 0.020833333 | CN346: 2449 | CO346: 0.98 | CP346: 40 | CQ346: 0.01875 | CR346: =VLOOKUP(E346,Sheet1!A:A,1,0) -> #N/A
A347: AP2422950016 | B347: Stage 2e - 2024/11/19 | C347: Invermay | D347: Ballarat | E347: 00:13:50:ff:fe:71:b5:2d | F347: fd89:1e09:aa00:1d6:213:50ff:fe71:b52d | G347: 4.8.6002 | H347: =VLOOKUP(A347,'AP Read Performance'!A:K,11,0) -> 2585 | I347: =VLOOKUP(A347,'AP Read Performance'!A:D,4,0) -> 0.98 | J347: =VLOOKUP(A347,'AP Read Performance'!A:I,9,0) -> 33 | K347: =VLOOKUP(A347,'AP Read Performance'!A:N,14,0) -> 0.020138889 | L347: 2585 | M347: 0.98 | N347: 33 | O347: 0.020138889 | P347: 1944 | Q347: 0.98 | R347: 27 | S347: 0.019444444 | T347: 2361 | U347: 0.99 | V347: 22 | W347: 0.019444444 | X347: 2046 | Y347: 0.98 | Z347: 28 | AA347: 0.025694444 | AB347: 2132 | AC347: 0.98 | AD347: 28 | AE347: 0.019444444 | AF347: 2165 | AG347: 0.97 | AH347: 57 | AI347: 0.020138889 | AJ347: 1581 | AK347: 0.98 | AL347: 25 | AM347: 0.019444444 | AN347: 1484 | AO347: 0.99 | AP347: 9 | AQ347: 0.0125 | AR347: 1600 | AS347: 0.99 | AT347: 16 | AU347: 0.013194444 | AV347: 1622 | AW347: 0.97 | AX347: 40 | AY347: 0.019444444 | AZ347: 1677 | BA347: 0.97 | BB347: 38 | BC347: 0.020138889 | BD347: 1778 | BE347: 0.97 | BF347: 43 | BG347: 0.019444444 | BH347: 1765 | BI347: 0.98 | BJ347: 35 | BK347: 0.018055556 | BL347: 1824 | BM347: 0.97 | BN347: 39 | BO347: 0.019444444 | BP347: 1784 | BQ347: 0.97 | BR347: 37 | BS347: 0.020138889 | BT347: 1683 | BU347: 0.95 | BV347: 81 | BW347: 0.020833333 | BX347: 1694 | BY347: 0.98 | BZ347: 22 | CA347: 0.018055556 | CB347: 1521 | CC347: 0.98 | CD347: 30 | CE347: 0.01875 | CF347: 1758 | CG347: 0.98 | CH347: 33 | CI347: 0.020138889 | CJ347: 1696 | CK347: 0.98 | CL347: 30 | CM347: 0.020833333 | CN347: 1672 | CO347: 0.98 | CP347: 24 | CQ347: 0.018055556 | CR347: =VLOOKUP(E347,Sheet1!A:A,1,0) -> #N/A
A348: AP3920950907 | B348: Stage 2e - 2024/11/19 | C348: Strathdale | D348: Bendigo | E348: 00:13:50:ff:fe:70:fe:11 | F348: fd89:1e09:aa00:11e:213:50ff:fe70:fe11 | G348: 4.8.6002 | H348: =VLOOKUP(A348,'AP Read Performance'!A:K,11,0) -> 1634 | I348: =VLOOKUP(A348,'AP Read Performance'!A:D,4,0) -> 0.91 | J348: =VLOOKUP(A348,'AP Read Performance'!A:I,9,0) -> 138 | K348: =VLOOKUP(A348,'AP Read Performance'!A:N,14,0) -> 0.023611111 | L348: 1634 | M348: 0.91 | N348: 138 | O348: 0.023611111 | P348: 1583 | Q348: 0.98 | R348: 27 | S348: 0.018055556 | T348: 777 | U348: 0.97 | V348: 19 | W348: 0.010416667 | X348: 1694 | Y348: 0.98 | Z348: 24 | AA348: 0.015972222 | AB348: 1665 | AC348: 0.98 | AD348: 22 | AE348: 0.015972222 | AF348: 1563 | AG348: 0.98 | AH348: 16 | AI348: 0.016666667 | AJ348: 1587 | AK348: 0.98 | AL348: 16 | AM348: 0.01875 | AN348: 1759 | AO348: 0.98 | AP348: 24 | AQ348: 0.015972222 | AR348: 1802 | AS348: 0.98 | AT348: 32 | AU348: 0.016666667 | AV348: 1656 | AW348: 0.98 | AX348: 29 | AY348: 0.01875 | AZ348: 1695 | BA348: 0.98 | BB348: 25 | BC348: 0.015972222 | BD348: 1632 | BE348: 0.98 | BF348: 22 | BG348: 0.016666667 | BH348: 1739 | BI348: 0.98 | BJ348: 27 | BK348: 0.010416667 | BL348: 1708 | BM348: 0.98 | BN348: 21 | BO348: 0.0090277778 | BP348: 1744 | BQ348: 0.98 | BR348: 23 | BS348: 0.0097222222 | BT348: 1707 | BU348: 0.99 | BV348: 16 | BW348: 0.0097222222 | BX348: 1618 | BY348: 0.98 | BZ348: 17 | CA348: 0.015972222 | CB348: 1586 | CC348: 0.98 | CD348: 25 | CE348: 0.015972222 | CF348: 1662 | CG348: 0.99 | CH348: 8 | CI348: 0.016666667 | CJ348: 1641 | CK348: 0.98 | CL348: 25 | CM348: 0.010416667 | CN348: 1629 | CO348: 0.98 | CP348: 30 | CQ348: 0.015972222 | CR348: =VLOOKUP(E348,Sheet1!A:A,1,0) -> #N/A
A349: AP3920950934 | B349: Stage 2e - 2024/11/19 | C349: Gisborne | D349: Bendigo | E349: 00:13:50:ff:fe:71:01:dc | F349: fd89:1e09:aa00:11b:213:50ff:fe71:1dc | G349: 4.8.6002 | H349: =VLOOKUP(A349,'AP Read Performance'!A:K,11,0) -> 3443 | I349: =VLOOKUP(A349,'AP Read Performance'!A:D,4,0) -> 0.98 | J349: =VLOOKUP(A349,'AP Read Performance'!A:I,9,0) -> 39 | K349: =VLOOKUP(A349,'AP Read Performance'!A:N,14,0) -> 0.025 | L349: 3443 | M349: 0.98 | N349: 39 | O349: 0.025 | P349: 2597 | Q349: 0.98 | R349: 42 | S349: 0.020138889 | T349: 1943 | U349: 0.98 | V349: 21 | W349: 0.018055556 | X349: 3066 | Y349: 0.99 | Z349: 24 | AA349: 0.017361111 | AB349: 3110 | AC349: 0.99 | AD349: 16 | AE349: 0.017361111 | AF349: 3082 | AG349: 0.97 | AH349: 70 | AI349: 0.024305556 | AJ349: 1618 | AK349: 0.98 | AL349: 17 | AM349: 0.011111111 | AN349: 2615 | AO349: 0.98 | AP349: 33 | AQ349: 0.01875 | AR349: 2704 | AS349: 0.98 | AT349: 45 | AU349: 0.018055556 | AV349: 2343 | AW349: 0.99 | AX349: 17 | AY349: 0.019444444 | AZ349: 2621 | BA349: 0.98 | BB349: 42 | BC349: 0.019444444 | BD349: 2362 | BE349: 0.97 | BF349: 48 | BG349: 0.020138889 | BH349: 2302 | BI349: 0.95 | BJ349: 94 | BK349: 0.019444444 | BL349: 1902 | BM349: 0.99 | BN349: 16 | BO349: 0.015972222 | BP349: 1953 | BQ349: 0.98 | BR349: 22 | BS349: 0.019444444 | BT349: 1644 | BU349: 0.98 | BV349: 28 | BW349: 0.019444444 | BX349: 2475 | BY349: 0.98 | BZ349: 30 | CA349: 0.019444444 | CB349: 2534 | CC349: 0.98 | CD349: 31 | CE349: 0.01875 | CF349: 2453 | CG349: 0.98 | CH349: 40 | CI349: 0.020833333 | CJ349: 2453 | CK349: 0.98 | CL349: 35 | CM349: 0.020833333 | CN349: 2497 | CO349: 0.98 | CP349: 34 | CQ349: 0.015972222 | CR349: =VLOOKUP(E349,Sheet1!A:A,1,0) -> #N/A
A350: AP5222950162 | B350: Stage 2e - 2024/11/19 | C350: Mooroopna | D350: Shepparton | E350: 00:13:50:ff:fe:71:fc:2c | F350: fd89:1e09:aa00:3f1:213:50ff:fe71:fc2c | G350: 5.4.6040 | H350: =VLOOKUP(A350,'AP Read Performance'!A:K,11,0) -> 1444 | I350: =VLOOKUP(A350,'AP Read Performance'!A:D,4,0) -> 0.98 | J350: =VLOOKUP(A350,'AP Read Performance'!A:I,9,0) -> 15 | K350: =VLOOKUP(A350,'AP Read Performance'!A:N,14,0) -> 0.0097222222 | L350: 1444 | M350: 0.98 | N350: 15 | O350: 0.0097222222 | P350: 994 | Q350: 0.97 | R350: 28 | S350: 0.020138889 | T350: 758 | U350: 0.99 | V350: 7 | W350: 0.0125 | X350: 1689 | Y350: 0.98 | Z350: 20 | AA350: 0.016666667 | AB350: 1167 | AC350: 0.97 | AD350: 31 | AE350: 0.019444444 | AF350: 1275 | AG350: 0.99 | AH350: 8 | AI350: 0.011805556 | AJ350: 1621 | AK350: 0.99 | AL350: 10 | AM350: 0.011111111 | AN350: 1687 | AO350: 0.98 | AP350: 21 | AQ350: 0.011111111 | AR350: 1682 | AS350: 0.99 | AT350: 14 | AU350: 0.010416667 | AV350: 1839 | AW350: 0.99 | AX350: 16 | AY350: 0.011111111 | AZ350: 1858 | BA350: 0.99 | BB350: 14 | BC350: 0.016666667 | BD350: 2061 | BE350: 0.99 | BF350: 18 | BG350: 0.018055556 | BH350: 2122 | BI350: 0.98 | BJ350: 22 | BK350: 0.016666667 | BL350: 2047 | BM350: 0.99 | BN350: 13 | BO350: 0.017361111 | BP350: 2112 | BQ350: 0.98 | BR350: 25 | BS350: 0.016666667 | BT350: 1961 | BU350: 0.97 | BV350: 46 | BW350: 0.021527778 | BX350: 2184 | BY350: 0.99 | BZ350: 8 | CA350: 0.01875 | CB350: 2216 | CC350: 0.99 | CD350: 20 | CE350: 0.01875 | CF350: 2394 | CG350: 0.99 | CH350: 22 | CI350: 0.016666667 | CJ350: 2043 | CK350: 0.99 | CL350: 12 | CM350: 0.019444444 | CN350: 1996 | CO350: 0.99 | CP350: 17 | CQ350: 0.016666667 | CR350: =VLOOKUP(E350,Sheet1!A:A,1,0) -> #N/A
A351: AP5222950228 | B351: Stage 2e - 2024/11/19 | C351: Kialla | D351: Shepparton | E351: 00:13:50:ff:fe:71:fc:3f | F351: fd89:1e09:aa00:3e0:213:50ff:fe71:fc3f | G351: 5.4.6040 | H351: =VLOOKUP(A351,'AP Read Performance'!A:K,11,0) -> 1732 | I351: =VLOOKUP(A351,'AP Read Performance'!A:D,4,0) -> 0.99 | J351: =VLOOKUP(A351,'AP Read Performance'!A:I,9,0) -> 9 | K351: =VLOOKUP(A351,'AP Read Performance'!A:N,14,0) -> 0.016666667 | L351: 1732 | M351: 0.99 | N351: 9 | O351: 0.016666667 | P351: 1789 | Q351: 0.98 | R351: 26 | S351: 0.018055556 | T351: 1828 | U351: 0.99 | V351: 8 | W351: 0.019444444 | X351: 1649 | Y351: 0.99 | Z351: 6 | AA351: 0.016666667 | AB351: 1703 | AC351: 0.99 | AD351: 14 | AE351: 0.0097222222 | AF351: 1647 | AG351: 0.99 | AH351: 11 | AI351: 0.015972222 | AJ351: 1648 | AK351: 0.99 | AL351: 15 | AM351: 0.010416667 | AN351: 1615 | AO351: 0.98 | AP351: 19 | AQ351: 0.015972222 | AR351: 1659 | AS351: 0.98 | AT351: 27 | AU351: 0.01875 | AV351: 1681 | AW351: 0.98 | AX351: 22 | AY351: 0.011111111 | AZ351: 1782 | BA351: 0.99 | BB351: 16 | BC351: 0.016666667 | BD351: 1732 | BE351: 0.99 | BF351: 16 | BG351: 0.018055556 | BH351: 1739 | BI351: 0.98 | BJ351: 27 | BK351: 0.016666667 | BL351: 1708 | BM351: 0.98 | BN351: 28 | BO351: 0.010416667 | BP351: 1765 | BQ351: 0.99 | BR351: 15 | BS351: 0.015972222 | BT351: 1735 | BU351: 0.99 | BV351: 10 | BW351: 0.015972222 | BX351: 1728 | BY351: 0.98 | BZ351: 19 | CA351: 0.015972222 | CB351: 1724 | CC351: 0.98 | CD351: 31 | CE351: 0.017361111 | CF351: 1794 | CG351: 0.98 | CH351: 24 | CI351: 0.015972222 | CJ351: 1800 | CK351: 0.99 | CL351: 14 | CM351: 0.015277778 | CN351: 1748 | CO351: 0.99 | CP351: 17 | CQ351: 0.017361111 | CR351: =VLOOKUP(E351,Sheet1!A:A,1,0) -> #N/A
A352: AP2422950038 | B352: Stage 2e - 2024/11/19 | C352: ST ARNAUD | D352: Charlton | E352: 00:13:50:ff:fe:71:b4:ff | F352: fd89:1e09:aa00:202:213:50ff:fe71:b4ff | G352: 4.8.6002 | H352: =VLOOKUP(A352,'AP Read Performance'!A:K,11,0) -> 1657 | I352: =VLOOKUP(A352,'AP Read Performance'!A:D,4,0) -> 0.99 | J352: =VLOOKUP(A352,'AP Read Performance'!A:I,9,0) -> 13 | K352: =VLOOKUP(A352,'AP Read Performance'!A:N,14,0) -> 0.01875 | L352: 1657 | M352: 0.99 | N352: 13 | O352: 0.01875 | P352: 1528 | Q352: 0.98 | R352: 29 | S352: 0.022916667 | T352: 1428 | U352: 0.99 | V352: 3 | W352: 0.0090277778 | X352: 1627 | Y352: 0.99 | Z352: 7 | AA352: 0.0090277778 | AB352: 1635 | AC352: 0.99 | AD352: 2 | AE352: 0.0090277778 | AF352: 1646 | AG352: 0.99 | AH352: 14 | AI352: 0.0097222222 | AJ352: 1703 | AK352: 0.99 | AL352: 12 | AM352: 0.0097222222 | AN352: 1682 | AO352: 0.99 | AP352: 8 | AQ352: 0.01875 | AR352: 1633 | AS352: 0.99 | AT352: 7 | AU352: 0.016666667 | AV352: 1655 | AW352: 0.99 | AX352: 5 | AY352: 0.017361111 | AZ352: 1646 | BA352: 0.99 | BB352: 1 | BC352: 0.0090277778 | BD352: 1644 | BE352: 0.99 | BF352: 6 | BG352: 0.0090277778 | BH352: 1630 | BI352: 0.95 | BJ352: 70 | BK352: 0.021527778 | BL352: 1632 | BM352: 0.99 | BN352: 6 | BO352: 0.01875 | BP352: 1629 | BQ352: 0.99 | BR352: 6 | BS352: 0.0090277778 | BT352: 1648 | BU352: 0.99 | BV352: 11 | BW352: 0.0090277778 | BX352: 1645 | BY352: 0.99 | BZ352: 7 | CA352: 0.015972222 | CB352: 1637 | CC352: 0.99 | CD352: 2 | CE352: 0.016666667 | CF352: 1631 | CG352: 0.99 | CH352: 2 | CI352: 0.016666667 | CJ352: 1623 | CK352: 0.99 | CL352: 5 | CM352: 0.017361111 | CN352: 1616 | CO352: 0.99 | CP352: 7 | CQ352: 0.015972222 | CR352: =VLOOKUP(E352,Sheet1!A:A,1,0) -> #N/A
A353: AP3920950946 | B353: Stage 2e - 2024/11/19 | C353: Haven | D353: Horsham | E353: 00:13:50:ff:fe:70:fd:e5 | F353: fd89:1e09:aa00:12f:213:50ff:fe70:fde5 | G353: 4.8.6002 | H353: =VLOOKUP(A353,'AP Read Performance'!A:K,11,0) -> 1874 | I353: =VLOOKUP(A353,'AP Read Performance'!A:D,4,0) -> 0.98 | J353: =VLOOKUP(A353,'AP Read Performance'!A:I,9,0) -> 27 | K353: =VLOOKUP(A353,'AP Read Performance'!A:N,14,0) -> 0.017361111 | L353: 1874 | M353: 0.98 | N353: 27 | O353: 0.017361111 | P353: 1570 | Q353: 0.99 | R353: 13 | S353: 0.015972222 | T353: 1959 | U353: 0.99 | V353: 14 | W353: 0.019444444 | X353: 1619 | Y353: 0.99 | Z353: 15 | AA353: 0.010416667 | AB353: 1536 | AC353: 0.99 | AD353: 8 | AE353: 0.017361111 | AF353: 1525 | AG353: 0.98 | AH353: 19 | AI353: 0.016666667 | AJ353: 1706 | AK353: 0.99 | AL353: 9 | AM353: 0.017361111 | AN353: 1527 | AO353: 0.99 | AP353: 12 | AQ353: 0.015972222 | AR353: 1357 | AS353: 0.98 | AT353: 20 | AU353: 0.014583333 | AV353: 1036 | AW353: 0.79 | AX353: 217 | AY353: 0.021527778 | AZ353: 1503 | BA353: 0.98 | BB353: 18 | BC353: 0.018055556 | BD353: 1811 | BE353: 0.98 | BF353: 30 | BG353: 0.01875 | BH353: 1701 | BI353: 0.95 | BJ353: 77 | BK353: 0.01875 | BL353: 1809 | BM353: 0.97 | BN353: 47 | BO353: 0.019444444 | BP353: 1799 | BQ353: 0.98 | BR353: 24 | BS353: 0.019444444 | BT353: 1907 | BU353: 0.98 | BV353: 27 | BW353: 0.013194444 | BX353: 1826 | BY353: 0.99 | BZ353: 16 | CA353: 0.016666667 | CB353: 1829 | CC353: 0.98 | CD353: 19 | CE353: 0.01875 | CF353: 1771 | CG353: 0.98 | CH353: 32 | CI353: 0.019444444 | CJ353: 1906 | CK353: 0.98 | CL353: 34 | CM353: 0.020833333 | CN353: 1984 | CO353: 0.98 | CP353: 33 | CQ353: 0.01875 | CR353: =VLOOKUP(E353,Sheet1!A:A,1,0) -> #N/A
A354: AP5222950412 | B354: Stage 2e - 2024/11/19 | C354: COHUNA | D354: Cohuna | E354: 00:13:50:ff:fe:72:0e:2c | F354: fd89:1e09:aa00:34e:213:50ff:fe72:e2c | G354: 5.4.6040 | H354: =VLOOKUP(A354,'AP Read Performance'!A:K,11,0) -> 1629 | I354: =VLOOKUP(A354,'AP Read Performance'!A:D,4,0) -> 0.99 | J354: =VLOOKUP(A354,'AP Read Performance'!A:I,9,0) -> 6 | K354: =VLOOKUP(A354,'AP Read Performance'!A:N,14,0) -> 0.015972222 | L354: 1629 | M354: 0.99 | N354: 6 | O354: 0.015972222 | P354: 1711 | Q354: 0.99 | R354: 13 | S354: 0.016666667 | T354: 1667 | U354: 0.99 | V354: 4 | W354: 0.015972222 | X354: 1653 | Y354: 0.99 | Z354: 11 | AA354: 0.019444444 | AB354: 1796 | AC354: 0.99 | AD354: 9 | AE354: 0.016666667 | AF354: 1735 | AG354: 0.99 | AH354: 7 | AI354: 0.016666667 | AJ354: 1746 | AK354: 0.99 | AL354: 11 | AM354: 0.011111111 | AN354: 1802 | AO354: 0.99 | AP354: 8 | AQ354: 0.0097222222 | AR354: 1822 | AS354: 0.99 | AT354: 6 | AU354: 0.010416667 | AV354: 1776 | AW354: 0.99 | AX354: 7 | AY354: 0.0097222222 | AZ354: 1759 | BA354: 0.99 | BB354: 4 | BC354: 0.0097222222 | BD354: 1740 | BE354: 0.99 | BF354: 4 | BG354: 0.0090277778 | BH354: 1751 | BI354: 0.99 | BJ354: 12 | BK354: 0.015972222 | BL354: 1740 | BM354: 0.99 | BN354: 16 | BO354: 0.01875 | BP354: 1726 | BQ354: 0.99 | BR354: 5 | BS354: 0.016666667 | BT354: 1560 | BU354: 0.98 | BV354: 26 | BW354: 0.021527778 | BX354: 1746 | BY354: 0.99 | BZ354: 8 | CA354: 0.016666667 | CB354: 1773 | CC354: 0.99 | CD354: 5 | CE354: 0.015972222 | CF354: 1741 | CG354: 0.99 | CH354: 5 | CI354: 0.0090277778 | CJ354: 1745 | CK354: 0.99 | CL354: 8 | CM354: 0.015972222 | CN354: 1754 | CO354: 0.99 | CP354: 6 | CQ354: 0.015972222 | CR354: =VLOOKUP(E354,Sheet1!A:A,1,0) -> #N/A
A355: AP4122950126 | B355: Stage 2e - 2024/11/19 | C355: Delacombe | D355: Ballarat | E355: 00:13:50:ff:fe:71:e9:b2 | F355: fd89:1e09:aa00:2a0:213:50ff:fe71:e9b2 | G355: 4.8.6002 | H355: =VLOOKUP(A355,'AP Read Performance'!A:K,11,0) -> 1396 | I355: =VLOOKUP(A355,'AP Read Performance'!A:D,4,0) -> 0.98 | J355: =VLOOKUP(A355,'AP Read Performance'!A:I,9,0) -> 23 | K355: =VLOOKUP(A355,'AP Read Performance'!A:N,14,0) -> 0.022916667 | L355: 1396 | M355: 0.98 | N355: 23 | O355: 0.022916667 | P355: 844 | Q355: 0.97 | R355: 17 | S355: 0.019444444 | T355: 1272 | U355: 0.98 | V355: 16 | W355: 0.0097222222 | X355: 1696 | Y355: 0.98 | Z355: 26 | AA355: 0.011805556 | AB355: 1585 | AC355: 0.97 | AD355: 32 | AE355: 0.011805556 | AF355: 1445 | AG355: 0.98 | AH355: 23 | AI355: 0.018055556 | AJ355: 1763 | AK355: 0.98 | AL355: 20 | AM355: 0.017361111 | AN355: 1729 | AO355: 0.99 | AP355: 16 | AQ355: 0.0097222222 | AR355: 1911 | AS355: 0.99 | AT355: 15 | AU355: 0.017361111 | AV355: 1730 | AW355: 0.98 | AX355: 24 | AY355: 0.020138889 | AZ355: 1678 | BA355: 0.98 | BB355: 22 | BC355: 0.019444444 | BD355: 1655 | BE355: 0.98 | BF355: 30 | BG355: 0.011805556 | BH355: 1758 | BI355: 0.97 | BJ355: 38 | BK355: 0.013888889 | BL355: 1809 | BM355: 0.99 | BN355: 17 | BO355: 0.019444444 | BP355: 1641 | BQ355: 0.98 | BR355: 19 | BS355: 0.01875 | BT355: 1739 | BU355: 0.98 | BV355: 23 | BW355: 0.015972222 | BX355: 1779 | BY355: 0.99 | BZ355: 17 | CA355: 0.016666667 | CB355: 1719 | CC355: 0.99 | CD355: 17 | CE355: 0.035416667 | CF355: 1608 | CG355: 0.99 | CH355: 14 | CI355: 0.0125 | CJ355: 1684 | CK355: 0.99 | CL355: 13 | CM355: 0.017361111 | CN355: 1686 | CO355: 0.98 | CP355: 18 | CQ355: 0.013888889 | CR355: =VLOOKUP(E355,Sheet1!A:A,1,0) -> #N/A
A356: AP5222950129 | B356: Stage 2e - 2024/11/19 | C356: COLAC | D356: Colac | E356: 00:13:50:ff:fe:71:fc:0d | F356: fd89:1e09:aa00:409:213:50ff:fe71:fc0d | G356: 5.4.6040 | H356: =VLOOKUP(A356,'AP Read Performance'!A:K,11,0) -> 1742 | I356: =VLOOKUP(A356,'AP Read Performance'!A:D,4,0) -> 0.98 | J356: =VLOOKUP(A356,'AP Read Performance'!A:I,9,0) -> 23 | K356: =VLOOKUP(A356,'AP Read Performance'!A:N,14,0) -> 0.020138889 | L356: 1742 | M356: 0.98 | N356: 23 | O356: 0.020138889 | P356: 1617 | Q356: 0.93 | R356: 108 | S356: 0.017361111 | T356: 2264 | U356: 0.99 | V356: 21 | W356: 0.016666667 | X356: 1780 | Y356: 0.98 | Z356: 24 | AA356: 0.018055556 | AB356: 1806 | AC356: 0.97 | AD356: 40 | AE356: 0.01875 | AF356: 1739 | AG356: 0.98 | AH356: 28 | AI356: 0.017361111 | AJ356: 1771 | AK356: 0.98 | AL356: 19 | AM356: 0.0125 | AN356: 1772 | AO356: 0.99 | AP356: 17 | AQ356: 0.0125 | AR356: 1806 | AS356: 0.98 | AT356: 24 | AU356: 0.016666667 | AV356: 1881 | AW356: 0.98 | AX356: 28 | AY356: 0.016666667 | AZ356: 1820 | BA356: 0.99 | BB356: 18 | BC356: 0.01875 | BD356: 1779 | BE356: 0.98 | BF356: 21 | BG356: 0.016666667 | BH356: 1733 | BI356: 0.98 | BJ356: 21 | BK356: 0.017361111 | BL356: 1782 | BM356: 0.99 | BN356: 7 | BO356: 0.016666667 | BP356: 1789 | BQ356: 0.99 | BR356: 15 | BS356: 0.016666667 | BT356: 1834 | BU356: 0.99 | BV356: 8 | BW356: 0.0097222222 | BX356: 1775 | BY356: 0.99 | BZ356: 15 | CA356: 0.018055556 | CB356: 1785 | CC356: 0.99 | CD356: 16 | CE356: 0.015972222 | CF356: 1812 | CG356: 0.99 | CH356: 15 | CI356: 0.018055556 | CJ356: 1782 | CK356: 0.99 | CL356: 12 | CM356: 0.017361111 | CN356: 1771 | CO356: 0.99 | CP356: 15 | CQ356: 0.010416667 | CR356: =VLOOKUP(E356,Sheet1!A:A,1,0) -> #N/A
A357: AP3322951327 | B357: Stage 2e - 2024/11/19 | C357: BENDIGO | D357: Bendigo | E357: 00:13:50:ff:fe:71:d0:36 | F357: fd89:1e09:aa00:244:213:50ff:fe71:d036 | G357: 4.8.6002 | H357: =VLOOKUP(A357,'AP Read Performance'!A:K,11,0) -> 2327 | I357: =VLOOKUP(A357,'AP Read Performance'!A:D,4,0) -> 0.99 | J357: =VLOOKUP(A357,'AP Read Performance'!A:I,9,0) -> 15 | K357: =VLOOKUP(A357,'AP Read Performance'!A:N,14,0) -> 0.020833333 | L357: 2327 | M357: 0.99 | N357: 15 | O357: 0.020833333 | P357: 1894 | Q357: 0.97 | R357: 47 | S357: 0.017361111 | T357: 1497 | U357: 0.99 | V357: 12 | W357: 0.011111111 | X357: 1732 | Y357: 0.98 | Z357: 23 | AA357: 0.015972222 | AB357: 1776 | AC357: 0.98 | AD357: 25 | AE357: 0.0097222222 | AF357: 1917 | AG357: 0.98 | AH357: 22 | AI357: 0.020138889 | AJ357: 1794 | AK357: 0.99 | AL357: 15 | AM357: 0.017361111 | AN357: 1850 | AO357: 0.98 | AP357: 31 | AQ357: 0.017361111 | AR357: 2106 | AS357: 0.97 | AT357: 43 | AU357: 0.019444444 | AV357: 1748 | AW357: 0.97 | AX357: 51 | AY357: 0.019444444 | AZ357: 1897 | BA357: 0.99 | BB357: 17 | BC357: 0.016666667 | BD357: 1972 | BE357: 0.98 | BF357: 27 | BG357: 0.018055556 | BH357: 1871 | BI357: 0.98 | BJ357: 34 | BK357: 0.017361111 | BL357: 2023 | BM357: 0.99 | BN357: 18 | BO357: 0.019444444 | BP357: 2140 | BQ357: 0.99 | BR357: 13 | BS357: 0.016666667 | BT357: 2012 | BU357: 0.98 | BV357: 27 | BW357: 0.016666667 | BX357: 1974 | BY357: 0.98 | BZ357: 23 | CA357: 0.016666667 | CB357: 1896 | CC357: 0.98 | CD357: 26 | CE357: 0.016666667 | CF357: 1895 | CG357: 0.98 | CH357: 31 | CI357: 0.016666667 | CJ357: 1873 | CK357: 0.98 | CL357: 23 | CM357: 0.016666667 | CN357: 1894 | CO357: 0.98 | CP357: 29 | CQ357: 0.016666667 | CR357: =VLOOKUP(E357,Sheet1!A:A,1,0) -> #N/A
A358: AP3920950915 | B358: Stage 2e - 2024/11/19 | C358: Kyabram | D358: Shepparton | E358: 00:13:50:ff:fe:70:fd:e7 | F358: fd89:1e09:aa00:12e:213:50ff:fe70:fde7 | G358: 4.8.6002 | H358: =VLOOKUP(A358,'AP Read Performance'!A:K,11,0) -> 2759 | I358: =VLOOKUP(A358,'AP Read Performance'!A:D,4,0) -> 0.99 | J358: =VLOOKUP(A358,'AP Read Performance'!A:I,9,0) -> 26 | K358: =VLOOKUP(A358,'AP Read Performance'!A:N,14,0) -> 0.023611111 | L358: 2759 | M358: 0.99 | N358: 26 | O358: 0.023611111 | P358: 1858 | Q358: 0.97 | R358: 39 | S358: 0.017361111 | T358: 1497 | U358: 0.99 | V358: 11 | W358: 0.011111111 | X358: 2127 | Y358: 0.98 | Z358: 22 | AA358: 0.020833333 | AB358: 2352 | AC358: 0.98 | AD358: 30 | AE358: 0.017361111 | AF358: 2065 | AG358: 0.98 | AH358: 34 | AI358: 0.01875 | AJ358: 1818 | AK358: 0.98 | AL358: 19 | AM358: 0.016666667 | AN358: 1926 | AO358: 0.9 | AP358: 178 | AQ358: 0.020833333 | AR358: 1851 | AS358: 0.98 | AT358: 31 | AU358: 0.01875 | AV358: 1629 | AW358: 0.98 | AX358: 29 | AY358: 0.019444444 | AZ358: 1829 | BA358: 0.99 | BB358: 14 | BC358: 0.010416667 | BD358: 1901 | BE358: 0.99 | BF358: 18 | BG358: 0.010416667 | BH358: 1759 | BI358: 0.97 | BJ358: 39 | BK358: 0.011111111 | BL358: 1693 | BM358: 0.99 | BN358: 6 | BO358: 0.010416667 | BP358: 1731 | BQ358: 0.98 | BR358: 19 | BS358: 0.018055556 | BT358: 1695 | BU358: 0.98 | BV358: 18 | BW358: 0.010416667 | BX358: 1686 | BY358: 0.98 | BZ358: 25 | CA358: 0.015972222 | CB358: 1666 | CC358: 0.98 | CD358: 20 | CE358: 0.016666667 | CF358: 1595 | CG358: 0.99 | CH358: 12 | CI358: 0.010416667 | CJ358: 1639 | CK358: 0.98 | CL358: 23 | CM358: 0.011805556 | CN358: 1861 | CO358: 0.91 | CP358: 159 | CQ358: 0.020833333 | CR358: =VLOOKUP(E358,Sheet1!A:A,1,0) -> #N/A
... A434: AP3322951369 | B434: Stage 3 - 28/11/2024 | C434: HOTSPUR | D434: Hamilton | E434: 00:13:50:ff:fe:71:d0:02 | F434: fd89:1e09:aa00:262:213:50ff:fe71:d002 | G434: 4.8.6002 | H434: =VLOOKUP(A434,'AP Read Performance'!A:K,11,0) -> 27 | I434: =VLOOKUP(A434,'AP Read Performance'!A:D,4,0) -> 1 | J434: =VLOOKUP(A434,'AP Read Performance'!A:I,9,0) -> 0 | K434: =VLOOKUP(A434,'AP Read Performance'!A:N,14,0) -> 0.00069444444 | L434: 27 | M434: 1 | N434: 0 | O434: 0.00069444444 | P434: 30 | Q434: 1 | R434: 0 | S434: 0.0020833333 | T434: 21 | U434: 1 | V434: 0 | W434: 0.00069444444 | X434: 21 | Y434: 1 | Z434: 0 | AA434: 0.0076388889 | AB434: 21 | AC434: 1 | AD434: 0 | AE434: 0.00069444444 | AF434: 21 | AG434: 1 | AH434: 0 | AI434: 0.00069444444 | AJ434: 35 | AK434: 1 | AL434: 0 | AM434: 0.0076388889 | AN434: 39 | AO434: 1 | AP434: 0 | AQ434: 0.0020833333 | AR434: 39 | AS434: 0.94 | AT434: 2 | AU434: 0.0083333333 | AV434: 49 | AW434: 0.89 | AX434: 5 | AY434: 0.0083333333 | AZ434: 40 | BA434: 0.9 | BB434: 4 | BC434: 0.0090277778 | BD434: 23 | BE434: 0.95 | BF434: 1 | BG434: 0.0090277778 | BH434: 50 | BI434: 0.98 | BJ434: 1 | BK434: 0.0090277778 | BL434: 52 | BM434: 0.98 | BN434: 1 | BO434: 0.0090277778 | BP434: 54 | BQ434: 0.98 | BR434: 1 | BS434: 0.0076388889 | BT434: 44 | BU434: 0.97 | BV434: 1 | BW434: 0.0090277778 | BX434: 50 | BY434: 1 | BZ434: 0 | CA434: 0.0076388889 | CB434: 31 | CC434: 0.96 | CD434: 1 | CE434: 0.0027777778 | CF434: 24 | CG434: 0.83 | CH434: 4 | CI434: 0.0083333333 | CJ434: 22 | CK434: 1 | CL434: 0 | CM434: 0.00069444444 | CN434: 28 | CO434: 0.92 | CP434: 2 | CQ434: 0.0083333333 | CR434: =VLOOKUP(E434,Sheet1!A:A,1,0) -> #N/A
A435: AP1223950257 | B435: Stage 3 - 28/11/2024 | C435: Marionvale | D435: Shepparton | E435: 00:13:50:ff:fe:72:29:da | F435: fd89:1e09:aa00:4f4:213:50ff:fe72:29da | G435: 5.4.6040 | H435: =VLOOKUP(A435,'AP Read Performance'!A:K,11,0) -> 10 | I435: =VLOOKUP(A435,'AP Read Performance'!A:D,4,0) -> 0 | J435: =VLOOKUP(A435,'AP Read Performance'!A:I,9,0) -> 10 | K435: =VLOOKUP(A435,'AP Read Performance'!A:N,14,0) -> 0.0090277778 | L435: 10 | M435: 0 | N435: 10 | O435: 0.0090277778 | P435: 1 | Q435: 0 | R435: 1 | S435: 0.0090277778 | T435: #N/A | U435: #N/A | V435: #N/A | W435: #N/A | X435: 2 | Y435: 0 | Z435: 2 | AA435: 0.0083333333 | AB435: 2 | AC435: 0 | AD435: 2 | AE435: 0.0083333333 | AF435: #N/A | AG435: #N/A | AH435: #N/A | AI435: #N/A | AJ435: 35 | AK435: 0 | AL435: 35 | AM435: 0.011805556 | AN435: 175 | AO435: 0 | AP435: 175 | AQ435: 0.022222222 | AR435: 2 | AS435: 0 | AT435: 2 | AU435: 0.0083333333 | AV435: 86 | AW435: 0 | AX435: 86 | AY435: 0.01875 | AZ435: 18 | BA435: 0 | BB435: 18 | BC435: 0.0097222222 | BD435: 420 | BE435: 0.99 | BF435: 2 | BG435: 0.0083333333 | BH435: 90 | BI435: 0 | BJ435: 90 | BK435: 0.0090277778 | BL435: 5 | BM435: 0.6 | BN435: 2 | BO435: 0.0083333333 | BP435: 11 | BQ435: 0 | BR435: 11 | BS435: 0.0097222222 | BT435: 40 | BU435: 0.15 | BV435: 34 | BW435: 0.01875 | BX435: 1 | BY435: 0 | BZ435: 1 | CA435: 0.0090277778 | CB435: 22 | CC435: 0 | CD435: 22 | CE435: 0.0090277778 | CF435: 4 | CG435: 0 | CH435: 4 | CI435: 0.011111111 | CJ435: 9 | CK435: 0 | CL435: 9 | CM435: 0.0090277778 | CN435: 22 | CO435: 0 | CP435: 22 | CQ435: 0.0090277778 | CR435: =VLOOKUP(E435,Sheet1!A:A,1,0) -> #N/A
A436: AP1223950337 | B436: Stage 3 - 28/11/2024 | C436: Ararat | D436: Ararat | E436: 00:13:50:ff:fe:72:29:b9 | F436: fd89:1e09:aa00:50e:213:50ff:fe72:29b9 | G436: 5.4.6040 | H436: =VLOOKUP(A436,'AP Read Performance'!A:K,11,0) -> 30 | I436: =VLOOKUP(A436,'AP Read Performance'!A:D,4,0) -> 0.96 | J436: =VLOOKUP(A436,'AP Read Performance'!A:I,9,0) -> 1 | K436: =VLOOKUP(A436,'AP Read Performance'!A:N,14,0) -> 0.013194444 | L436: 30 | M436: 0.96 | N436: 1 | O436: 0.013194444 | P436: 34 | Q436: 0.97 | R436: 1 | S436: 0.0055555556 | T436: 68 | U436: 1 | V436: 0 | W436: 0.0055555556 | X436: 28 | Y436: 0.96 | Z436: 1 | AA436: 0.0076388889 | AB436: 32 | AC436: 0.96 | AD436: 1 | AE436: 0.011805556 | AF436: 42 | AG436: 0.97 | AH436: 1 | AI436: 0.011111111 | AJ436: 36 | AK436: 1 | AL436: 0 | AM436: 0.0076388889 | AN436: 30 | AO436: 0.96 | AP436: 1 | AQ436: 0.0083333333 | AR436: 25 | AS436: 1 | AT436: 0 | AU436: 0.0055555556 | AV436: 29 | AW436: 0.96 | AX436: 1 | AY436: 0.0020833333 | AZ436: 33 | BA436: 1 | BB436: 0 | BC436: 0.0090277778 | BD436: 14 | BE436: 1 | BF436: 0 | BG436: 0.0097222222 | BH436: 28 | BI436: 0.96 | BJ436: 1 | BK436: 0.0090277778 | BL436: 23 | BM436: 1 | BN436: 0 | BO436: 0.0090277778 | BP436: 33 | BQ436: 1 | BR436: 0 | BS436: 0.019444444 | BT436: 30 | BU436: 1 | BV436: 0 | BW436: 0.0090277778 | BX436: 31 | BY436: 1 | BZ436: 0 | CA436: 0.0090277778 | CB436: 34 | CC436: 1 | CD436: 0 | CE436: 0.0083333333 | CF436: 25 | CG436: 1 | CH436: 0 | CI436: 0.0055555556 | CJ436: 25 | CK436: 1 | CL436: 0 | CM436: 0.0083333333 | CN436: 23 | CO436: 1 | CP436: 0 | CQ436: 0.0090277778 | CR436: =VLOOKUP(E436,Sheet1!A:A,1,0) -> #N/A
A437: AP1123950871 | B437: Stage 3 - 28/11/2024 | C437: Tooan | D437: Horsham | E437: 00:13:50:ff:fe:72:2a:02 | F437: fd89:1e09:aa00:4d5:213:50ff:fe72:2a02 | G437: 5.4.6040 | H437: =VLOOKUP(A437,'AP Read Performance'!A:K,11,0) -> 41 | I437: =VLOOKUP(A437,'AP Read Performance'!A:D,4,0) -> 1 | J437: =VLOOKUP(A437,'AP Read Performance'!A:I,9,0) -> 0 | K437: =VLOOKUP(A437,'AP Read Performance'!A:N,14,0) -> 0.0076388889 | L437: 41 | M437: 1 | N437: 0 | O437: 0.0076388889 | P437: 42 | Q437: 1 | R437: 0 | S437: 0.00069444444 | T437: 46 | U437: 1 | V437: 0 | W437: 0.00069444444 | X437: 55 | Y437: 0.98 | Z437: 1 | AA437: 0.0083333333 | AB437: 59 | AC437: 0.94 | AD437: 3 | AE437: 0.0090277778 | AF437: 56 | AG437: 0.92 | AH437: 4 | AI437: 0.0090277778 | AJ437: 38 | AK437: 1 | AL437: 0 | AM437: 0.0076388889 | AN437: 46 | AO437: 0.97 | AP437: 1 | AQ437: 0.0090277778 | AR437: 46 | AS437: 1 | AT437: 0 | AU437: 0.00069444444 | AV437: 46 | AW437: 1 | AX437: 0 | AY437: 0.0076388889 | AZ437: 44 | BA437: 1 | BB437: 0 | BC437: 0.0076388889 | BD437: 49 | BE437: 0.95 | BF437: 2 | BG437: 0.0013888889 | BH437: 43 | BI437: 0.97 | BJ437: 1 | BK437: 0.00069444444 | BL437: 47 | BM437: 0.97 | BN437: 1 | BO437: 0.0090277778 | BP437: 48 | BQ437: 1 | BR437: 0 | BS437: 0.0020833333 | BT437: 44 | BU437: 0.97 | BV437: 1 | BW437: 0.0090277778 | BX437: 43 | BY437: 1 | BZ437: 0 | CA437: 0.00069444444 | CB437: 45 | CC437: 1 | CD437: 0 | CE437: 0.0076388889 | CF437: 44 | CG437: 0.97 | CH437: 1 | CI437: 0.0076388889 | CJ437: 45 | CK437: 0.95 | CL437: 2 | CM437: 0.0083333333 | CN437: 38 | CO437: 1 | CP437: 0 | CQ437: 0.0076388889 | CR437: =VLOOKUP(E437,Sheet1!A:A,1,0) -> #N/A
A438: AP2422950067 | B438: Stage 3 - 28/11/2024 | C438: Wando Vale | D438: Hamilton | E438: 00:13:50:ff:fe:71:b5:02 | F438: fd89:1e09:aa00:1ff:213:50ff:fe71:b502 | G438: 4.8.6002 | H438: =VLOOKUP(A438,'AP Read Performance'!A:K,11,0) -> 81 | I438: =VLOOKUP(A438,'AP Read Performance'!A:D,4,0) -> 0.97 | J438: =VLOOKUP(A438,'AP Read Performance'!A:I,9,0) -> 2 | K438: =VLOOKUP(A438,'AP Read Performance'!A:N,14,0) -> 0.0090277778 | L438: 81 | M438: 0.97 | N438: 2 | O438: 0.0090277778 | P438: 55 | Q438: 0.94 | R438: 3 | S438: 0.0090277778 | T438: 41 | U438: 0.97 | V438: 1 | W438: 0.0083333333 | X438: 50 | Y438: 0.98 | Z438: 1 | AA438: 0.0076388889 | AB438: 40 | AC438: 0.97 | AD438: 1 | AE438: 0.0020833333 | AF438: 48 | AG438: 0.95 | AH438: 2 | AI438: 0.0090277778 | AJ438: 41 | AK438: 1 | AL438: 0 | AM438: 0.0048611111 | AN438: 47 | AO438: 1 | AP438: 0 | AQ438: 0.0013888889 | AR438: 35 | AS438: 0.91 | AT438: 3 | AU438: 0.0097222222 | AV438: 46 | AW438: 0.97 | AX438: 1 | AY438: 0.0076388889 | AZ438: 50 | BA438: 0.92 | BB438: 4 | BC438: 0.0083333333 | BD438: 44 | BE438: 1 | BF438: 0 | BG438: 0.0076388889 | BH438: 37 | BI438: 1 | BJ438: 0 | BK438: 0.0090277778 | BL438: 25 | BM438: 0.96 | BN438: 1 | BO438: 0.0090277778 | BP438: 26 | BQ438: 0.76 | BR438: 6 | BS438: 0.0090277778 | BT438: 49 | BU438: 0.95 | BV438: 2 | BW438: 0.0020833333 | BX438: 31 | BY438: 0.9 | BZ438: 3 | CA438: 0.0090277778 | CB438: 41 | CC438: 0.9 | CD438: 4 | CE438: 0.0083333333 | CF438: 45 | CG438: 0.95 | CH438: 2 | CI438: 0.0090277778 | CJ438: 27 | CK438: 0.96 | CL438: 1 | CM438: 0.0083333333 | CN438: 42 | CO438: 0.95 | CP438: 2 | CQ438: 0.0090277778 | CR438: =VLOOKUP(E438,Sheet1!A:A,1,0) -> #N/A
A439: AP5222950284 | B439: Stage 3 - 28/11/2024 | C439: Wingeel | D439: Anglesea | E439: 00:13:50:ff:fe:71:fc:30 | F439: fd89:1e09:aa00:3ef:213:50ff:fe71:fc30 | G439: 5.4.6040 | H439: =VLOOKUP(A439,'AP Read Performance'!A:K,11,0) -> 44 | I439: =VLOOKUP(A439,'AP Read Performance'!A:D,4,0) -> 1 | J439: =VLOOKUP(A439,'AP Read Performance'!A:I,9,0) -> 0 | K439: =VLOOKUP(A439,'AP Read Performance'!A:N,14,0) -> 0.0013888889 | L439: 44 | M439: 1 | N439: 0 | O439: 0.0013888889 | P439: 55 | Q439: 1 | R439: 0 | S439: 0.0013888889 | T439: 32 | U439: 0.84 | V439: 5 | W439: 0.0090277778 | X439: 41 | Y439: 1 | Z439: 0 | AA439: 0.0083333333 | AB439: 58 | AC439: 1 | AD439: 0 | AE439: 0.0083333333 | AF439: 48 | AG439: 1 | AH439: 0 | AI439: 0.00069444444 | AJ439: 43 | AK439: 1 | AL439: 0 | AM439: 0.0076388889 | AN439: 52 | AO439: 0.96 | AP439: 2 | AQ439: 0.0083333333 | AR439: 62 | AS439: 0.98 | AT439: 1 | AU439: 0.0076388889 | AV439: 54 | AW439: 0.96 | AX439: 2 | AY439: 0.0041666667 | AZ439: 59 | BA439: 1 | BB439: 0 | BC439: 0.0013888889 | BD439: 51 | BE439: 1 | BF439: 0 | BG439: 0.00069444444 | BH439: 53 | BI439: 0.94 | BJ439: 3 | BK439: 0.0083333333 | BL439: 61 | BM439: 0.96 | BN439: 2 | BO439: 0.0083333333 | BP439: 52 | BQ439: 1 | BR439: 0 | BS439: 0.0027777778 | BT439: 50 | BU439: 1 | BV439: 0 | BW439: 0.0020833333 | BX439: 54 | BY439: 1 | BZ439: 0 | CA439: 0.0020833333 | CB439: 53 | CC439: 1 | CD439: 0 | CE439: 0.0020833333 | CF439: 49 | CG439: 1 | CH439: 0 | CI439: 0.0020833333 | CJ439: 44 | CK439: 1 | CL439: 0 | CM439: 0.0055555556 | CN439: 43 | CO439: 1 | CP439: 0 | CQ439: 0.0076388889 | CR439: =VLOOKUP(E439,Sheet1!A:A,1,0) -> #N/A
A440: AP3223950577 | B440: Stage 3 - 28/11/2024 | C440: JEFFCOTT | D440: Charlton | E440: 00:13:50:ff:fe:72:64:d2 | F440: fd89:1e09:aa00:694:213:50ff:fe72:64d2 | G440: 5.4.6040 | H440: =VLOOKUP(A440,'AP Read Performance'!A:K,11,0) -> 70 | I440: =VLOOKUP(A440,'AP Read Performance'!A:D,4,0) -> 1 | J440: =VLOOKUP(A440,'AP Read Performance'!A:I,9,0) -> 0 | K440: =VLOOKUP(A440,'AP Read Performance'!A:N,14,0) -> 0.0083333333 | L440: 70 | M440: 1 | N440: 0 | O440: 0.0083333333 | P440: 153 | Q440: 0.98 | R440: 3 | S440: 0.0090277778 | T440: 164 | U440: 0.92 | V440: 12 | W440: 0.0090277778 | X440: 126 | Y440: 1 | Z440: 0 | AA440: 0.0076388889 | AB440: 124 | AC440: 1 | AD440: 0 | AE440: 0.0055555556 | AF440: 59 | AG440: 1 | AH440: 0 | AI440: 0.0076388889 | AJ440: 44 | AK440: 1 | AL440: 0 | AM440: 0.0076388889 | AN440: 71 | AO440: 0.97 | AP440: 2 | AQ440: 0.0020833333 | AR440: 95 | AS440: 0.94 | AT440: 5 | AU440: 0.0090277778 | AV440: 45 | AW440: 0.97 | AX440: 1 | AY440: 0.0020833333 | AZ440: 93 | BA440: 0.97 | BB440: 2 | BC440: 0.0076388889 | BD440: 46 | BE440: 0.93 | BF440: 3 | BG440: 0.0027777778 | BH440: 48 | BI440: 0.95 | BJ440: 2 | BK440: 0.0090277778 | BL440: 55 | BM440: 1 | BN440: 0 | BO440: 0.0076388889 | BP440: 49 | BQ440: 1 | BR440: 0 | BS440: 0.0076388889 | BT440: 75 | BU440: 0.98 | BV440: 1 | BW440: 0.0090277778 | BX440: 13 | BY440: 0 | BZ440: 13 | CA440: 0.0097222222 | CB440: 37 | CC440: 1 | CD440: 0 | CE440: 0.0076388889 | CF440: 6 | CG440: 0 | CH440: 6 | CI440: 0.0083333333 | CJ440: 4 | CK440: 0 | CL440: 4 | CM440: 0.0083333333 | CN440: 50 | CO440: 0.96 | CP440: 2 | CQ440: 0.0034722222 | CR440: =VLOOKUP(E440,Sheet1!A:A,1,0) -> #N/A
A441: AP1223950396 | B441: Stage 3 - 28/11/2024 | C441: Concongella | D441: Ararat | E441: 00:13:50:ff:fe:72:29:c6 | F441: fd89:1e09:aa00:507:213:50ff:fe72:29c6 | G441: 5.4.6040 | H441: =VLOOKUP(A441,'AP Read Performance'!A:K,11,0) -> 40 | I441: =VLOOKUP(A441,'AP Read Performance'!A:D,4,0) -> 0.97 | J441: =VLOOKUP(A441,'AP Read Performance'!A:I,9,0) -> 1 | K441: =VLOOKUP(A441,'AP Read Performance'!A:N,14,0) -> 0.0020833333 | L441: 40 | M441: 0.97 | N441: 1 | O441: 0.0020833333 | P441: 65 | Q441: 0.96 | R441: 2 | S441: 0.0083333333 | T441: 57 | U441: 0.89 | V441: 6 | W441: 0.0090277778 | X441: 59 | Y441: 0.93 | Z441: 4 | AA441: 0.0083333333 | AB441: 56 | AC441: 0.98 | AD441: 1 | AE441: 0.0097222222 | AF441: 44 | AG441: 0.86 | AH441: 6 | AI441: 0.018055556 | AJ441: 45 | AK441: 1 | AL441: 0 | AM441: 0.0083333333 | AN441: 66 | AO441: 0.98 | AP441: 1 | AQ441: 0.0090277778 | AR441: 60 | AS441: 0.91 | AT441: 5 | AU441: 0.0090277778 | AV441: 77 | AW441: 0.88 | AX441: 9 | AY441: 0.0090277778 | AZ441: 72 | BA441: 0.93 | BB441: 5 | BC441: 0.0083333333 | BD441: 36 | BE441: 0.94 | BF441: 2 | BG441: 0.0090277778 | BH441: 42 | BI441: 0.9 | BJ441: 4 | BK441: 0.0097222222 | BL441: 34 | BM441: 0.97 | BN441: 1 | BO441: 0.0083333333 | BP441: 35 | BQ441: 1 | BR441: 0 | BS441: 0.017361111 | BT441: 39 | BU441: 1 | BV441: 0 | BW441: 0.0090277778 | BX441: 35 | BY441: 0.97 | BZ441: 1 | CA441: 0.0090277778 | CB441: 38 | CC441: 0.97 | CD441: 1 | CE441: 0.0097222222 | CF441: 35 | CG441: 1 | CH441: 0 | CI441: 0.0055555556 | CJ441: 41 | CK441: 0.95 | CL441: 2 | CM441: 0.0090277778 | CN441: 51 | CO441: 0.98 | CP441: 1 | CQ441: 0.0090277778 | CR441: =VLOOKUP(E441,Sheet1!A:A,1,0) -> #N/A
A442: AP5222950411 | B442: Stage 3 - 28/11/2024 | C442: NHILL | D442: Horsham | E442: 00:13:50:ff:fe:72:0e:62 | F442: fd89:1e09:aa00:318:213:50ff:fe72:e62 | G442: 5.4.6040 | H442: =VLOOKUP(A442,'AP Read Performance'!A:K,11,0) -> 55 | I442: =VLOOKUP(A442,'AP Read Performance'!A:D,4,0) -> 0.89 | J442: =VLOOKUP(A442,'AP Read Performance'!A:I,9,0) -> 6 | K442: =VLOOKUP(A442,'AP Read Performance'!A:N,14,0) -> 0.0097222222 | L442: 55 | M442: 0.89 | N442: 6 | O442: 0.0097222222 | P442: 46 | Q442: 0.97 | R442: 1 | S442: 0.0090277778 | T442: 67 | U442: 0.98 | V442: 1 | W442: 0.0090277778 | X442: 55 | Y442: 0.96 | Z442: 2 | AA442: 0.0090277778 | AB442: 53 | AC442: 0.96 | AD442: 2 | AE442: 0.0090277778 | AF442: 43 | AG442: 0.97 | AH442: 1 | AI442: 0.0069444444 | AJ442: 45 | AK442: 1 | AL442: 0 | AM442: 0.0083333333 | AN442: 84 | AO442: 0.98 | AP442: 1 | AQ442: 0.0055555556 | AR442: 72 | AS442: 0.95 | AT442: 3 | AU442: 0.0083333333 | AV442: 68 | AW442: 1 | AX442: 0 | AY442: 0.0090277778 | AZ442: 81 | BA442: 0.97 | BB442: 2 | BC442: 0.011111111 | BD442: 63 | BE442: 0.96 | BF442: 2 | BG442: 0.0083333333 | BH442: 93 | BI442: 0.95 | BJ442: 4 | BK442: 0.0090277778 | BL442: 77 | BM442: 0.94 | BN442: 4 | BO442: 0.0090277778 | BP442: 89 | BQ442: 0.95 | BR442: 4 | BS442: 0.0090277778 | BT442: 90 | BU442: 1 | BV442: 0 | BW442: 0.0083333333 | BX442: 82 | BY442: 0.98 | BZ442: 1 | CA442: 0.0090277778 | CB442: 92 | CC442: 0.96 | CD442: 3 | CE442: 0.0076388889 | CF442: 83 | CG442: 0.98 | CH442: 1 | CI442: 0.0083333333 | CJ442: 83 | CK442: 0.95 | CL442: 4 | CM442: 0.0083333333 | CN442: 71 | CO442: 0.95 | CP442: 3 | CQ442: 0.0090277778 | CR442: =VLOOKUP(E442,Sheet1!A:A,1,0) -> #N/A
A443: AP2123950506 | B443: Stage 3 - 28/11/2024 | C443: LINDSAY POINT | D443: Mildura | E443: 00:13:50:ff:fe:72:31:49 | F443: fd89:1e09:aa00:664:213:50ff:fe72:3149 | G443: 5.4.6040 | H443: =VLOOKUP(A443,'AP Read Performance'!A:K,11,0) -> 49 | I443: =VLOOKUP(A443,'AP Read Performance'!A:D,4,0) -> 0.91 | J443: =VLOOKUP(A443,'AP Read Performance'!A:I,9,0) -> 4 | K443: =VLOOKUP(A443,'AP Read Performance'!A:N,14,0) -> 0.0083333333 | L443: 49 | M443: 0.91 | N443: 4 | O443: 0.0083333333 | P443: 57 | Q443: 0.64 | R443: 20 | S443: 0.0083333333 | T443: 47 | U443: 1 | V443: 0 | W443: 0.00069444444 | X443: 47 | Y443: 1 | Z443: 0 | AA443: 0.0076388889 | AB443: 48 | AC443: 0.95 | AD443: 2 | AE443: 0.0083333333 | AF443: 47 | AG443: 1 | AH443: 0 | AI443: 0.00069444444 | AJ443: 46 | AK443: 1 | AL443: 0 | AM443: 0.0076388889 | AN443: 47 | AO443: 0.95 | AP443: 2 | AQ443: 0.0083333333 | AR443: 46 | AS443: 1 | AT443: 0 | AU443: 0.0076388889 | AV443: 46 | AW443: 1 | AX443: 0 | AY443: 0.0076388889 | AZ443: 46 | BA443: 1 | BB443: 0 | BC443: 0.0076388889 | BD443: 48 | BE443: 0.91 | BF443: 4 | BG443: 0.0083333333 | BH443: 50 | BI443: 0.84 | BJ443: 8 | BK443: 0.0083333333 | BL443: 47 | BM443: 0.95 | BN443: 2 | BO443: 0.0083333333 | BP443: 46 | BQ443: 1 | BR443: 0 | BS443: 0.00069444444 | BT443: 46 | BU443: 1 | BV443: 0 | BW443: 0.0076388889 | BX443: 92 | BY443: 0 | BZ443: 92 | CA443: 0.0083333333 | CB443: 46 | CC443: 1 | CD443: 0 | CE443: 0.00069444444 | CF443: 46 | CG443: 1 | CH443: 0 | CI443: 0.00069444444 | CJ443: 46 | CK443: 1 | CL443: 0 | CM443: 0.00069444444 | CN443: 46 | CO443: 1 | CP443: 0 | CQ443: 0.00069444444 | CR443: =VLOOKUP(E443,Sheet1!A:A,1,0) -> #N/A
A444: AP2123950425 | B444: Stage 3 - 28/11/2024 | C444: BARFOLD | D444: Kyneton | E444: 00:13:50:ff:fe:72:29:c3 | F444: fd89:1e09:aa00:66a:213:50ff:fe72:29c3 | G444: 5.4.6040 | H444: =VLOOKUP(A444,'AP Read Performance'!A:K,11,0) -> 160 | I444: =VLOOKUP(A444,'AP Read Performance'!A:D,4,0) -> 0.96 | J444: =VLOOKUP(A444,'AP Read Performance'!A:I,9,0) -> 6 | K444: =VLOOKUP(A444,'AP Read Performance'!A:N,14,0) -> 0.0090277778 | L444: 160 | M444: 0.96 | N444: 6 | O444: 0.0090277778 | P444: 143 | Q444: 0.95 | R444: 7 | S444: 0.0125 | T444: 59 | U444: 1 | V444: 0 | W444: 0.0076388889 | X444: 59 | Y444: 1 | Z444: 0 | AA444: 0.0076388889 | AB444: 96 | AC444: 0.97 | AD444: 2 | AE444: 0.0090277778 | AF444: 51 | AG444: 0.96 | AH444: 2 | AI444: 0.0090277778 | AJ444: 46 | AK444: 0.95 | AL444: 2 | AM444: 0.013194444 | AN444: 99 | AO444: 0.97 | AP444: 2 | AQ444: 0.0027777778 | AR444: 72 | AS444: 0.95 | AT444: 3 | AU444: 0.0090277778 | AV444: 71 | AW444: 0.97 | AX444: 2 | AY444: 0.0090277778 | AZ444: 77 | BA444: 0.94 | BB444: 4 | BC444: 0.0090277778 | BD444: 66 | BE444: 0.98 | BF444: 1 | BG444: 0.0083333333 | BH444: 78 | BI444: 0.94 | BJ444: 4 | BK444: 0.0090277778 | BL444: 108 | BM444: 0.97 | BN444: 3 | BO444: 0.022222222 | BP444: 118 | BQ444: 1 | BR444: 0 | BS444: 0.0090277778 | BT444: 85 | BU444: 0.98 | BV444: 1 | BW444: 0.0090277778 | BX444: 94 | BY444: 0.97 | BZ444: 2 | CA444: 0.0090277778 | CB444: 81 | CC444: 0.96 | CD444: 3 | CE444: 0.0090277778 | CF444: 68 | CG444: 0.97 | CH444: 2 | CI444: 0.0090277778 | CJ444: 62 | CK444: 0.93 | CL444: 4 | CM444: 0.0090277778 | CN444: 84 | CO444: 0.98 | CP444: 1 | CQ444: 0.0090277778 | CR444: =VLOOKUP(E444,Sheet1!A:A,1,0) -> #N/A
A445: AP1223950309 | B445: Stage 3 - 28/11/2024 | C445: Kotupna | D445: Kyabram | E445: 00:13:50:ff:fe:72:29:81 | F445: fd89:1e09:aa00:535:213:50ff:fe72:2981 | G445: 5.4.6040 | H445: =VLOOKUP(A445,'AP Read Performance'!A:K,11,0) -> 56 | I445: =VLOOKUP(A445,'AP Read Performance'!A:D,4,0) -> 0.98 | J445: =VLOOKUP(A445,'AP Read Performance'!A:I,9,0) -> 1 | K445: =VLOOKUP(A445,'AP Read Performance'!A:N,14,0) -> 0.00069444444 | L445: 56 | M445: 0.98 | N445: 1 | O445: 0.00069444444 | P445: 57 | Q445: 1 | R445: 0 | S445: 0.0076388889 | T445: 57 | U445: 1 | V445: 0 | W445: 0.00069444444 | X445: 58 | Y445: 1 | Z445: 0 | AA445: 0.00069444444 | AB445: 57 | AC445: 0.98 | AD445: 1 | AE445: 0.0090277778 | AF445: 80 | AG445: 0.98 | AH445: 1 | AI445: 0.0076388889 | AJ445: 47 | AK445: 0.85 | AL445: 7 | AM445: 0.0097222222 | AN445: 42 | AO445: 1 | AP445: 0 | AQ445: 0.00069444444 | AR445: 58 | AS445: 1 | AT445: 0 | AU445: 0.00069444444 | AV445: 56 | AW445: 1 | AX445: 0 | AY445: 0.00069444444 | AZ445: 57 | BA445: 0.94 | BB445: 3 | BC445: 0.0090277778 | BD445: 45 | BE445: 0.97 | BF445: 1 | BG445: 0.0076388889 | BH445: 58 | BI445: 0.86 | BJ445: 8 | BK445: 0.0090277778 | BL445: 59 | BM445: 0.91 | BN445: 5 | BO445: 0.0090277778 | BP445: 56 | BQ445: 0.98 | BR445: 1 | BS445: 0.0083333333 | BT445: 56 | BU445: 1 | BV445: 0 | BW445: 0.00069444444 | BX445: 54 | BY445: 1 | BZ445: 0 | CA445: 0.0076388889 | CB445: 51 | CC445: 1 | CD445: 0 | CE445: 0.00069444444 | CF445: 57 | CG445: 1 | CH445: 0 | CI445: 0.00069444444 | CJ445: 57 | CK445: 1 | CL445: 0 | CM445: 0.00069444444 | CN445: 53 | CO445: 1 | CP445: 0 | CQ445: 0.0076388889 | CR445: =VLOOKUP(E445,Sheet1!A:A,1,0) -> #N/A
A446: AP2422950019 | B446: Stage 3 - 28/11/2024 | C446: MOUNT RICHMOND | D446: Portland | E446: 00:13:50:ff:fe:71:b5:0e | F446: fd89:1e09:aa00:1f5:213:50ff:fe71:b50e | G446: 4.8.6002 | H446: =VLOOKUP(A446,'AP Read Performance'!A:K,11,0) -> 42 | I446: =VLOOKUP(A446,'AP Read Performance'!A:D,4,0) -> 1 | J446: =VLOOKUP(A446,'AP Read Performance'!A:I,9,0) -> 0 | K446: =VLOOKUP(A446,'AP Read Performance'!A:N,14,0) -> 0.0083333333 | L446: 42 | M446: 1 | N446: 0 | O446: 0.0083333333 | P446: 58 | Q446: 0.94 | R446: 3 | S446: 0.0090277778 | T446: 50 | U446: 0.98 | V446: 1 | W446: 0.0083333333 | X446: 48 | Y446: 0.93 | Z446: 3 | AA446: 0.0083333333 | AB446: 51 | AC446: 0.96 | AD446: 2 | AE446: 0.0090277778 | AF446: 48 | AG446: 0.95 | AH446: 2 | AI446: 0.0090277778 | AJ446: 49 | AK446: 0.97 | AL446: 1 | AM446: 0.0076388889 | AN446: 45 | AO446: 0.97 | AP446: 1 | AQ446: 0.0076388889 | AR446: 54 | AS446: 0.94 | AT446: 3 | AU446: 0.0083333333 | AV446: 39 | AW446: 0.97 | AX446: 1 | AY446: 0.0076388889 | AZ446: 46 | BA446: 1 | BB446: 0 | BC446: 0.0020833333 | BD446: 53 | BE446: 0.9 | BF446: 5 | BG446: 0.0076388889 | BH446: 49 | BI446: 0.97 | BJ446: 1 | BK446: 0.0083333333 | BL446: 48 | BM446: 1 | BN446: 0 | BO446: 0.0020833333 | BP446: 54 | BQ446: 0.94 | BR446: 3 | BS446: 0.0090277778 | BT446: 49 | BU446: 0.95 | BV446: 2 | BW446: 0.0083333333 | BX446: 56 | BY446: 0.98 | BZ446: 1 | CA446: 0.0090277778 | CB446: 56 | CC446: 0.96 | CD446: 2 | CE446: 0.0090277778 | CF446: 50 | CG446: 1 | CH446: 0 | CI446: 0.0020833333 | CJ446: 55 | CK446: 1 | CL446: 0 | CM446: 0.0020833333 | CN446: 54 | CO446: 1 | CP446: 0 | CQ446: 0.0076388889 | CR446: =VLOOKUP(E446,Sheet1!A:A,1,0) -> #N/A
A447: AP1223950117 | B447: Stage 3 - 28/11/2024 | C447: Nhill | D447: Horsham | E447: 00:13:50:ff:fe:72:28:57 | F447: fd89:1e09:aa00:5dd:213:50ff:fe72:2857 | G447: 5.4.6040 | H447: =VLOOKUP(A447,'AP Read Performance'!A:K,11,0) -> 55 | I447: =VLOOKUP(A447,'AP Read Performance'!A:D,4,0) -> 0.96 | J447: =VLOOKUP(A447,'AP Read Performance'!A:I,9,0) -> 2 | K447: =VLOOKUP(A447,'AP Read Performance'!A:N,14,0) -> 0.0090277778 | L447: 55 | M447: 0.96 | N447: 2 | O447: 0.0090277778 | P447: 55 | Q447: 0.9 | R447: 5 | S447: 0.0083333333 | T447: 51 | U447: 0.96 | V447: 2 | W447: 0.0090277778 | X447: 49 | Y447: 0.95 | Z447: 2 | AA447: 0.0083333333 | AB447: 43 | AC447: 0.97 | AD447: 1 | AE447: 0.0090277778 | AF447: 44 | AG447: 1 | AH447: 0 | AI447: 0.0020833333 | AJ447: 50 | AK447: 1 | AL447: 0 | AM447: 0.0048611111 | AN447: 59 | AO447: 0.94 | AP447: 3 | AQ447: 0.0083333333 | AR447: 49 | AS447: 1 | AT447: 0 | AU447: 0.00069444444 | AV447: 54 | AW447: 0.96 | AX447: 2 | AY447: 0.0076388889 | AZ447: 43 | BA447: 0.95 | BB447: 2 | BC447: 0.0090277778 | BD447: 45 | BE447: 0.97 | BF447: 1 | BG447: 0.0090277778 | BH447: 45 | BI447: 0.95 | BJ447: 2 | BK447: 0.0090277778 | BL447: 44 | BM447: 1 | BN447: 0 | BO447: 0.0083333333 | BP447: 41 | BQ447: 0.97 | BR447: 1 | BS447: 0.0048611111 | BT447: 41 | BU447: 1 | BV447: 0 | BW447: 0.0013888889 | BX447: 52 | BY447: 0.98 | BZ447: 1 | CA447: 0.0083333333 | CB447: 48 | CC447: 0.97 | CD447: 1 | CE447: 0.0083333333 | CF447: 39 | CG447: 1 | CH447: 0 | CI447: 0.0020833333 | CJ447: 46 | CK447: 1 | CL447: 0 | CM447: 0.0083333333 | CN447: 50 | CO447: 1 | CP447: 0 | CQ447: 0.0076388889 | CR447: =VLOOKUP(E447,Sheet1!A:A,1,0) -> #N/A
... A482: AP1223950288 | B482: Stage 3 - 28/11/2024 | C482: Peronne | D482: Horsham | E482: 00:13:50:ff:fe:72:2a:0e | F482: fd89:1e09:aa00:4ca:213:50ff:fe72:2a0e | G482: 5.4.6040 | H482: =VLOOKUP(A482,'AP Read Performance'!A:K,11,0) -> 113 | I482: =VLOOKUP(A482,'AP Read Performance'!A:D,4,0) -> 0.9 | J482: =VLOOKUP(A482,'AP Read Performance'!A:I,9,0) -> 11 | K482: =VLOOKUP(A482,'AP Read Performance'!A:N,14,0) -> 0.0090277778 | L482: 113 | M482: 0.9 | N482: 11 | O482: 0.0090277778 | P482: 126 | Q482: 0.94 | R482: 7 | S482: 0.0090277778 | T482: 107 | U482: 0.99 | V482: 1 | W482: 0.0090277778 | X482: 108 | Y482: 0.98 | Z482: 2 | AA482: 0.0097222222 | AB482: 106 | AC482: 0.98 | AD482: 2 | AE482: 0.0090277778 | AF482: 131 | AG482: 0.95 | AH482: 6 | AI482: 0.0090277778 | AJ482: 101 | AK482: 0.97 | AL482: 3 | AM482: 0.0097222222 | AN482: 114 | AO482: 0.92 | AP482: 9 | AQ482: 0.0090277778 | AR482: 113 | AS482: 0.92 | AT482: 9 | AU482: 0.0083333333 | AV482: 103 | AW482: 0.96 | AX482: 4 | AY482: 0.0083333333 | AZ482: 131 | BA482: 0.95 | BB482: 6 | BC482: 0.0090277778 | BD482: 140 | BE482: 0.97 | BF482: 3 | BG482: 0.0090277778 | BH482: 111 | BI482: 0.96 | BJ482: 4 | BK482: 0.0090277778 | BL482: 99 | BM482: 0.98 | BN482: 1 | BO482: 0.0090277778 | BP482: 102 | BQ482: 0.43 | BR482: 58 | BS482: 0.0090277778 | BT482: 106 | BU482: 0.95 | BV482: 5 | BW482: 0.0090277778 | BX482: 102 | BY482: 0.94 | BZ482: 6 | CA482: 0.0083333333 | CB482: 102 | CC482: 1 | CD482: 0 | CE482: 0.0076388889 | CF482: 105 | CG482: 0.98 | CH482: 2 | CI482: 0.0090277778 | CJ482: 109 | CK482: 0.97 | CL482: 3 | CM482: 0.0090277778 | CN482: 115 | CO482: 1 | CP482: 0 | CQ482: 0.0083333333 | CR482: =VLOOKUP(E482,Sheet1!A:A,1,0) -> #N/A
A483: AP5222950143 | B483: Stage 3 - 28/11/2024 | C483: Ellerslie | D483: Camperdown | E483: 00:13:50:ff:fe:71:fb:eb | F483: fd89:1e09:aa00:420:213:50ff:fe71:fbeb | G483: 5.4.6040 | H483: =VLOOKUP(A483,'AP Read Performance'!A:K,11,0) -> #N/A | I483: =VLOOKUP(A483,'AP Read Performance'!A:D,4,0) -> #N/A | J483: =VLOOKUP(A483,'AP Read Performance'!A:I,9,0) -> #N/A | K483: =VLOOKUP(A483,'AP Read Performance'!A:N,14,0) -> #N/A | L483: #N/A | M483: #N/A | N483: #N/A | O483: #N/A | P483: 117 | Q483: 0.99 | R483: 1 | S483: 0.011111111 | T483: 124 | U483: 0.97 | V483: 3 | W483: 0.010416667 | X483: 139 | Y483: 0.97 | Z483: 3 | AA483: 0.010416667 | AB483: 124 | AC483: 0.98 | AD483: 2 | AE483: 0.011111111 | AF483: 138 | AG483: 0.97 | AH483: 4 | AI483: 0.01875 | AJ483: 101 | AK483: 0.98 | AL483: 2 | AM483: 0.0097222222 | AN483: 124 | AO483: 0.95 | AP483: 6 | AQ483: 0.0090277778 | AR483: 118 | AS483: 1 | AT483: 0 | AU483: 0.0076388889 | AV483: 116 | AW483: 1 | AX483: 0 | AY483: 0.0076388889 | AZ483: 109 | BA483: 1 | BB483: 0 | BC483: 0.0076388889 | BD483: 104 | BE483: 0.98 | BF483: 2 | BG483: 0.0083333333 | BH483: 112 | BI483: 0.96 | BJ483: 4 | BK483: 0.011111111 | BL483: 94 | BM483: 0.97 | BN483: 2 | BO483: 0.0083333333 | BP483: 110 | BQ483: 0.97 | BR483: 3 | BS483: 0.0090277778 | BT483: 108 | BU483: 0.95 | BV483: 5 | BW483: 0.0090277778 | BX483: 96 | BY483: 0.97 | BZ483: 2 | CA483: 0.0083333333 | CB483: 112 | CC483: 0.98 | CD483: 2 | CE483: 0.0083333333 | CF483: 117 | CG483: 1 | CH483: 0 | CI483: 0.0076388889 | CJ483: 112 | CK483: 1 | CL483: 0 | CM483: 0.0055555556 | CN483: 125 | CO483: 0.98 | CP483: 2 | CQ483: 0.0083333333 | CR483: =VLOOKUP(E483,Sheet1!A:A,1,0) -> #N/A
...

Sheet AP Ping Success
C1: Ping Success | D1: Ping Success | E1: Ping Success | F1: Ping Success | G1: Ping Success | H1: Ping Success | I1: Ping Success | J1: Ping Success | K1: Ping Success | L1: Ping Success | M1: Ping Success | N1: Ping Success | O1: Ping Success | P1: Ping Success | Q1: Ping Success | R1: Ping Success | S1: Ping Success | T1: Ping Success | U1: Ping Success | V1: Ping Success | W1: Ping Success | X1: Ping Success | Y1: Ping Success
A2: Device_Util_ID | B2: Deployment Statge/Date | C2: =TODAY() -> 45686 | D2: 45625 | E2: 45622 | F2: 45616 | G2: 45615 | H2: 45615 | I2: 45614 | J2: 45614 | K2: 45609 | L2: 45509 | M2: 45504 | N2: 45499 | O2: 45495 | P2: 45489 | Q2: 45484 | R2: 45482 | S2: 45481 | T2: 45478 | U2: 45477 | V2: 45475 | W2: 45474 | X2: 45471 | Y2: 45470
A3: AP2220950297 | B3: BVT - 27/06/2024 | C3: =VLOOKUP(A3,'AMI Ping Schedule'!A:D,4,0) -> 1 | D3: 1 | E3: 1 | F3: 1 | G3: 1 | H3: 1 | I3: 1 | J3: 1 | K3: 1 | L3: 1 | M3: 1 | N3: 1 | O3: 1 | P3: 1 | Q3: 1 | R3: 1 | S3: 1 | T3: 1 | U3: 1 | V3: 1 | W3: 1 | X3: 1 | Y3: 1
A4: AP4122950038 | B4: BVT - 27/06/2024 | C4: =VLOOKUP(A4,'AMI Ping Schedule'!A:D,4,0) -> 1 | D4: 1 | E4: 1 | F4: 1 | G4: 1 | H4: 1 | I4: 1 | J4: 1 | K4: 1 | L4: 1 | M4: 1 | N4: 1 | O4: 1 | P4: 1 | Q4: 1 | R4: 1 | S4: 1 | T4: 1 | U4: 1 | V4: 1 | W4: 1 | X4: 1 | Y4: 1
A5: AP3322951315 | B5: BVT - 27/06/2024 | C5: =VLOOKUP(A5,'AMI Ping Schedule'!A:D,4,0) -> 1 | D5: 1 | E5: 1 | F5: 1 | G5: 1 | H5: 1 | I5: 1 | J5: 1 | K5: 1 | L5: 1 | M5: 1 | N5: 1 | O5: 1 | P5: 1 | Q5: 1 | R5: 1 | S5: 1 | T5: 1 | U5: 1 | V5: 1 | W5: 1 | X5: 1 | Y5: 1
A6: AP3920950953 | B6: BVT - 27/06/2024 | C6: =VLOOKUP(A6,'AMI Ping Schedule'!A:D,4,0) -> 1 | D6: 1 | E6: 1 | F6: 1 | G6: 1 | H6: 1 | I6: 1 | J6: 1 | K6: 1 | L6: 1 | M6: 1 | N6: 1 | O6: 1 | P6: 1 | Q6: 1 | R6: 1 | S6: 1 | T6: 1 | U6: 1 | V6: 1 | W6: 1 | X6: 1 | Y6: 1
A7: AP1223950064 | B7: BVT - 27/06/2024 | C7: =VLOOKUP(A7,'AMI Ping Schedule'!A:D,4,0) -> 1 | D7: 1 | E7: 1 | F7: 1 | G7: 1 | H7: 1 | I7: 1 | J7: 1 | K7: 1 | L7: 1 | M7: 1 | N7: 1 | O7: 1 | P7: 1 | Q7: 1 | R7: 1 | S7: 1 | T7: 1 | U7: 1 | V7: 1 | W7: 1 | X7: 1 | Y7: 1
A8: AP2322950383 | B8: BVT - 27/06/2024 | C8: =VLOOKUP(A8,'AMI Ping Schedule'!A:D,4,0) -> 1 | D8: 1 | E8: 1 | F8: 1 | G8: 1 | H8: 1 | I8: 1 | J8: 1 | K8: 1 | L8: 1 | M8: 1 | N8: 1 | O8: 1 | P8: 1 | Q8: 1 | R8: 1 | S8: 1 | T8: 1 | U8: 1 | V8: 1 | W8: 1 | X8: 1 | Y8: 1
A9: AP2123950455 | B9: BVT - 27/06/2024 | C9: =VLOOKUP(A9,'AMI Ping Schedule'!A:D,4,0) -> 1 | D9: 1 | E9: 1 | F9: 1 | G9: 1 | H9: 1 | I9: 1 | J9: 1 | K9: 1 | L9: 1 | M9: 1 | N9: 1 | O9: 1 | P9: 1 | Q9: 1 | R9: 1 | S9: 1 | T9: 1 | U9: 1 | V9: 1 | W9: 1 | X9: 1 | Y9: 1
A10: AP3322951383 | B10: BVT - 27/06/2024 | C10: =VLOOKUP(A10,'AMI Ping Schedule'!A:D,4,0) -> 1 | D10: 1 | E10: 1 | F10: 1 | G10: 1 | H10: 1 | I10: 1 | J10: 1 | K10: 1 | L10: 1 | M10: 1 | N10: 1 | O10: 1 | P10: 1 | Q10: 1 | R10: 1 | S10: 1 | T10: 1 | U10: 1 | V10: 1 | W10: 1 | X10: 1 | Y10: 1
A11: AP2220950311 | B11: BVT - 27/06/2024 | C11: =VLOOKUP(A11,'AMI Ping Schedule'!A:D,4,0) -> 1 | D11: 1 | E11: 1 | F11: 1 | G11: 1 | H11: 1 | I11: 1 | J11: 1 | K11: 1 | L11: 1 | M11: 1 | N11: 1 | O11: 1 | P11: 1 | Q11: 1 | R11: 1 | S11: 1 | T11: 1 | U11: 1 | V11: 1 | W11: 1 | X11: 1 | Y11: 1
A12: AP4122950098 | B12: BVT - 27/06/2024 | C12: =VLOOKUP(A12,'AMI Ping Schedule'!A:D,4,0) -> 1 | D12: 1 | E12: 1 | F12: 1 | G12: 1 | H12: 1 | I12: 1 | J12: 1 | K12: 1 | L12: 1 | M12: 1 | N12: 1 | O12: 1 | P12: 1 | Q12: 1 | R12: 1 | S12: 1 | T12: 1 | U12: 1 | V12: 1 | W12: 1 | X12: 1 | Y12: 1
A13: AP3322951329 | B13: Stage 1 - 03/07/2024 | C13: =VLOOKUP(A13,'AMI Ping Schedule'!A:D,4,0) -> 1 | D13: 1 | E13: 1 | F13: 1 | G13: 1 | H13: 1 | I13: 1 | J13: 1 | K13: 1 | L13: 1 | M13: 1 | N13: 1 | O13: 1 | P13: 1 | Q13: 1 | R13: 1 | S13: 1 | T13: 1 | U13: 1 | V13: 1 | W13: 1 | X13: 1 | Y13: 1
A14: AP3322951343 | B14: Stage 1 - 03/07/2024 | C14: =VLOOKUP(A14,'AMI Ping Schedule'!A:D,4,0) -> 1 | D14: 1 | E14: 1 | F14: 1 | G14: 1 | H14: 1 | I14: 1 | J14: 1 | K14: 1 | L14: 1 | M14: 1 | N14: 1 | O14: 1 | P14: 1 | Q14: 1 | R14: 1 | S14: 1 | T14: 1 | U14: 1 | V14: 1 | W14: 1 | X14: 1 | Y14: 1
... A112: AP3322951347 | B112: Stage 1 - 03/07/2024 | C112: =VLOOKUP(A112,'AMI Ping Schedule'!A:D,4,0) -> 0 | D112: 0 | E112: 0 | F112: 0 | G112: 0 | H112: 1 | I112: 1 | J112: 1 | K112: 1 | L112: 1 | M112: 1 | N112: 1 | O112: 1 | P112: 1 | Q112: 1 | R112: 1 | S112: 1 | T112: 1 | U112: 1 | V112: 1 | W112: 0 | X112: 1 | Y112: 1
A113: AP5222950253 | B113: =VLOOKUP(A113,'AP Firmware deplyoment Pe'!A:B,2,0) -> Stage 2a - 2024/11/13 | C113: =VLOOKUP(A113,'AMI Ping Schedule'!A:D,4,0) -> 1 | D113: 1 | E113: 1 | F113: 1 | G113: 1 | H113: 1 | I113: 1 | J113: 1 | K113: 1 | L113: 1 | M113: 0 | N113: 1 | O113: 1 | P113: 1 | Q113: 1 | R113: 1 | S113: 1 | T113: 1 | U113: 1 | V113: 1 | W113: 1 | X113: 1 | Y113: 1
A114: AP2422950003 | B114: =VLOOKUP(A114,'AP Firmware deplyoment Pe'!A:B,2,0) -> Stage 2c - 2024/11/18 | C114: =VLOOKUP(A114,'AMI Ping Schedule'!A:D,4,0) -> 1 | D114: 1 | E114: 1 | F114: 1 | G114: 1 | H114: 1 | I114: 1 | J114: 1 | K114: 1 | L114: 1 | M114: 0 | N114: 1 | O114: 1 | P114: 1 | Q114: 1 | R114: 1 | S114: 1 | T114: 1 | U114: 1 | V114: 1 | W114: 1 | X114: 1 | Y114: 1
A115: AP5222950226 | B115: =VLOOKUP(A115,'AP Firmware deplyoment Pe'!A:B,2,0) -> Stage 2c - 2024/11/18 | C115: =VLOOKUP(A115,'AMI Ping Schedule'!A:D,4,0) -> 1 | D115: 1 | E115: 1 | F115: 1 | G115: 1 | H115: 1 | I115: 0 | J115: 1 | K115: 0 | L115: 1 | M115: 0 | N115: 1 | O115: 0 | P115: 0 | Q115: 1 | R115: 1 | S115: 0 | T115: 0 | U115: 1 | V115: 1 | W115: 1 | X115: 1 | Y115: 1
A116: AP3322951378 | B116: =VLOOKUP(A116,'AP Firmware deplyoment Pe'!A:B,2,0) -> Stage 2f - 2024/11/19 | C116: =VLOOKUP(A116,'AMI Ping Schedule'!A:D,4,0) -> 1 | D116: 1 | E116: 1 | F116: 1 | G116: 1 | H116: 1 | I116: 1 | J116: 1 | K116: 1 | L116: 1 | M116: 0 | N116: 1 | O116: 1 | P116: 1 | Q116: 1 | R116: 1 | S116: 1 | T116: 1 | U116: 1 | V116: 1 | W116: 1 | X116: 1 | Y116: 1
A117: AP5222950234 | B117: =VLOOKUP(A117,'AP Firmware deplyoment Pe'!A:B,2,0) -> Stage 2a - 2024/11/13 | C117: =VLOOKUP(A117,'AMI Ping Schedule'!A:D,4,0) -> 1 | D117: 1 | E117: 1 | F117: 1 | G117: 1 | H117: 1 | I117: 1 | J117: 1 | K117: 1 | L117: 1 | M117: 1 | N117: 1 | O117: 1 | P117: 1 | Q117: 1 | R117: 1 | S117: 1 | T117: 1 | U117: 1 | V117: 1 | W117: 1 | X117: 1 | Y117: 1
A118: AP5222950242 | B118: =VLOOKUP(A118,'AP Firmware deplyoment Pe'!A:B,2,0) -> Stage 2a - 2024/11/13 | C118: =VLOOKUP(A118,'AMI Ping Schedule'!A:D,4,0) -> 1 | D118: 1 | E118: 1 | F118: 1 | G118: 1 | H118: 1 | I118: 1 | J118: 1 | K118: 1 | L118: 0 | M118: 1 | N118: 0 | O118: 1 | P118: 0 | Q118: 0 | R118: 1 | S118: 0 | T118: 1 | U118: 1 | V118: 0 | W118: 1 | X118: 1 | Y118: 1
A119: AP2422950144 | B119: =VLOOKUP(A119,'AP Firmware deplyoment Pe'!A:B,2,0) -> Stage 2a - 2024/11/13 | C119: =VLOOKUP(A119,'AMI Ping Schedule'!A:D,4,0) -> 1 | D119: 1 | E119: 1 | F119: 1 | G119: 1 | H119: 1 | I119: 1 | J119: 1 | K119: 1 | L119: 1 | M119: 1 | N119: 1 | O119: 1 | P119: 1 | Q119: 1 | R119: 1 | S119: 1 | T119: 1 | U119: 1 | V119: 1 | W119: 1 | X119: 1 | Y119: 1
A120: AP5222950279 | B120: =VLOOKUP(A120,'AP Firmware deplyoment Pe'!A:B,2,0) -> Stage 2b - 2024/11/13 | C120: =VLOOKUP(A120,'AMI Ping Schedule'!A:D,4,0) -> 1 | D120: 1 | E120: 1 | F120: 0 | G120: 1 | H120: 1 | I120: 1 | J120: 1 | K120: 1 | L120: 1 | M120: 1 | N120: 0 | O120: 1 | P120: 1 | Q120: 1 | R120: 1 | S120: 1 | T120: 1 | U120: 1 | V120: 1 | W120: 1 | X120: 1 | Y120: 1
A121: AP1123950906 | B121: =VLOOKUP(A121,'AP Firmware deplyoment Pe'!A:B,2,0) -> Stage 2a - 2024/11/13 | C121: =VLOOKUP(A121,'AMI Ping Schedule'!A:D,4,0) -> 1 | D121: 1 | E121: 1 | F121: 1 | G121: 1 | H121: 1 | I121: 1 | J121: 1 | K121: 1 | L121: 1 | M121: 1 | N121: 1 | O121: 1 | P121: 1 | Q121: 1 | R121: 1 | S121: 1 | T121: 1 | U121: 1 | V121: 1 | W121: 1 | X121: 1 | Y121: 1
A122: AP5222950132 | B122: =VLOOKUP(A122,'AP Firmware deplyoment Pe'!A:B,2,0) -> Stage 2a - 2024/11/13 | C122: =VLOOKUP(A122,'AMI Ping Schedule'!A:D,4,0) -> 1 | D122: 1 | E122: 1 | F122: 1 | G122: 1 | H122: 1 | I122: 1 | J122: 1 | K122: 1 | L122: 1 | M122: 1 | N122: 1 | O122: 1 | P122: 1 | Q122: 1 | R122: 1 | S122: 1 | T122: 1 | U122: 1 | V122: 1 | W122: 1 | X122: 1 | Y122: 1
A123: AP4122950100 | B123: =VLOOKUP(A123,'AP Firmware deplyoment Pe'!A:B,2,0) -> Stage 2a - 2024/11/13 | C123: =VLOOKUP(A123,'AMI Ping Schedule'!A:D,4,0) -> 1 | D123: 1 | E123: 1 | F123: 1 | G123: 1 | H123: 1 | I123: 1 | J123: 1 | K123: 1 | L123: 1 | M123: 1 | N123: 1 | O123: 1 | P123: 1 | Q123: 1 | R123: 1 | S123: 1 | T123: 1 | U123: 1 | V123: 1 | W123: 1 | X123: 1 | Y123: 1
A124: AP2422950035 | B124: =VLOOKUP(A124,'AP Firmware deplyoment Pe'!A:B,2,0) -> Stage 2a - 2024/11/13 | C124: =VLOOKUP(A124,'AMI Ping Schedule'!A:D,4,0) -> 1 | D124: 1 | E124: 1 | F124: 1 | G124: 1 | H124: 1 | I124: 1 | J124: 1 | K124: 1 | L124: 1 | M124: 1 | N124: 1 | O124: 1 | P124: 1 | Q124: 1 | R124: 1 | S124: 1 | T124: 1 | U124: 1 | V124: 1 | W124: 1 | X124: 1 | Y124: 1
... A317: AP5222950179 | B317: =VLOOKUP(A317,'AP Firmware deplyoment Pe'!A:B,2,0) -> Stage 2e - 2024/11/19 | C317: =VLOOKUP(A317,'AMI Ping Schedule'!A:D,4,0) -> 1 | D317: 1 | E317: 1 | F317: 1 | G317: 1 | H317: 1 | I317: 1 | J317: 1 | K317: 1 | L317: 1 | M317: 1 | N317: 1 | O317: 1 | P317: 1 | Q317: 1 | R317: 1 | S317: 1 | T317: 1 | U317: 1 | V317: 1 | W317: 1 | X317: 1 | Y317: 1
A318: AP1223950298 | B318: =VLOOKUP(A318,'AP Firmware deplyoment Pe'!A:B,2,0) -> Stage 2e - 2024/11/19 | C318: =VLOOKUP(A318,'AMI Ping Schedule'!A:D,4,0) -> #N/A | D318: #N/A | E318: 0 | F318: 0 | G318: 0 | H318: 0 | I318: 0 | J318: 0 | K318: 0 | L318: 1 | M318: 1 | N318: 1 | O318: 1 | P318: 1 | Q318: 1 | R318: 1 | S318: 1 | T318: 0 | U318: 1 | V318: 1 | W318: 0 | X318: 1 | Y318: 1
A319: AP4122950065 | B319: =VLOOKUP(A319,'AP Firmware deplyoment Pe'!A:B,2,0) -> Stage 2e - 2024/11/19 | C319: =VLOOKUP(A319,'AMI Ping Schedule'!A:D,4,0) -> 1 | D319: 1 | E319: 1 | F319: 1 | G319: 1 | H319: 1 | I319: 1 | J319: 1 | K319: 1 | L319: 1 | M319: 1 | N319: 1 | O319: 1 | P319: 1 | Q319: 1 | R319: 1 | S319: 1 | T319: 1 | U319: 1 | V319: 1 | W319: 1 | X319: 1 | Y319: 1
A320: AP4122950078 | B320: =VLOOKUP(A320,'AP Firmware deplyoment Pe'!A:B,2,0) -> Stage 2e - 2024/11/19 | C320: =VLOOKUP(A320,'AMI Ping Schedule'!A:D,4,0) -> 1 | D320: 1 | E320: 1 | F320: 1 | G320: 1 | H320: 1 | I320: 1 | J320: 1 | K320: 1 | L320: 1 | M320: 1 | N320: 1 | O320: 1 | P320: 1 | Q320: 1 | R320: 1 | S320: 1 | T320: 1 | U320: 1 | V320: 1 | W320: 1 | X320: 1 | Y320: 1
A321: AP3322951316 | B321: =VLOOKUP(A321,'AP Firmware deplyoment Pe'!A:B,2,0) -> Stage 2e - 2024/11/19 | C321: =VLOOKUP(A321,'AMI Ping Schedule'!A:D,4,0) -> 1 | D321: 1 | E321: 1 | F321: 1 | G321: 1 | H321: 1 | I321: 1 | J321: 1 | K321: 1 | L321: 1 | M321: 1 | N321: 1 | O321: 1 | P321: 1 | Q321: 1 | R321: 1 | S321: 1 | T321: 1 | U321: 1 | V321: 1 | W321: 1 | X321: 1 | Y321: 1
A322: AP5222950286 | B322: =VLOOKUP(A322,'AP Firmware deplyoment Pe'!A:B,2,0) -> Stage 2e - 2024/11/19 | C322: =VLOOKUP(A322,'AMI Ping Schedule'!A:D,4,0) -> 1 | D322: 1 | E322: 1 | F322: 1 | G322: 1 | H322: 1 | I322: 1 | J322: 1 | K322: 1 | L322: 1 | M322: 1 | N322: 1 | O322: 1 | P322: 1 | Q322: 1 | R322: 1 | S322: 1 | T322: 1 | U322: 1 | V322: 1 | W322: 1 | X322: 1 | Y322: 1
A323: AP2422950147 | B323: =VLOOKUP(A323,'AP Firmware deplyoment Pe'!A:B,2,0) -> Stage 2e - 2024/11/19 | C323: =VLOOKUP(A323,'AMI Ping Schedule'!A:D,4,0) -> 1 | D323: 1 | E323: 1 | F323: 1 | G323: 1 | H323: 1 | I323: 1 | J323: 1 | K323: 1 | L323: 1 | M323: 1 | N323: 1 | O323: 1 | P323: 1 | Q323: 1 | R323: 1 | S323: 1 | T323: 1 | U323: 1 | V323: 1 | W323: 1 | X323: 1 | Y323: 1
A324: AP3322951322 | B324: =VLOOKUP(A324,'AP Firmware deplyoment Pe'!A:B,2,0) -> Stage 2e - 2024/11/19 | C324: =VLOOKUP(A324,'AMI Ping Schedule'!A:D,4,0) -> 1 | D324: 1 | E324: 1 | F324: 1 | G324: 1 | H324: 1 | I324: 1 | J324: 1 | K324: 1 | L324: 1 | M324: 1 | N324: 1 | O324: 1 | P324: 1 | Q324: 1 | R324: 1 | S324: 1 | T324: 1 | U324: 1 | V324: 1 | W324: 1 | X324: 1 | Y324: 1
A325: AP3322951405 | B325: =VLOOKUP(A325,'AP Firmware deplyoment Pe'!A:B,2,0) -> Stage 2e - 2024/11/19 | C325: =VLOOKUP(A325,'AMI Ping Schedule'!A:D,4,0) -> 1 | D325: 1 | E325: 1 | F325: 1 | G325: 1 | H325: 1 | I325: 1 | J325: 1 | K325: 1 | L325: 1 | M325: 1 | N325: 1 | O325: 1 | P325: 1 | Q325: 1 | R325: 1 | S325: 1 | T325: 1 | U325: 1 | V325: 1 | W325: 1 | X325: 1 | Y325: 1
A326: AP3322951336 | B326: =VLOOKUP(A326,'AP Firmware deplyoment Pe'!A:B,2,0) -> Stage 2e - 2024/11/19 | C326: =VLOOKUP(A326,'AMI Ping Schedule'!A:D,4,0) -> 1 | D326: 1 | E326: 1 | F326: 1 | G326: 1 | H326: 1 | I326: 1 | J326: 1 | K326: 1 | L326: 1 | M326: 1 | N326: 1 | O326: 1 | P326: 1 | Q326: 1 | R326: 1 | S326: 1 | T326: 1 | U326: 1 | V326: 1 | W326: 1 | X326: 1 | Y326: 1
A327: AP5222950432 | B327: =VLOOKUP(A327,'AP Firmware deplyoment Pe'!A:B,2,0) -> Stage 2d - 2024/11/18 | C327: =VLOOKUP(A327,'AMI Ping Schedule'!A:D,4,0) -> 1 | D327: 1 | E327: 1 | F327: 1 | G327: 1 | H327: 1 | I327: 1 | J327: 1 | K327: 1 | L327: 1 | M327: 1 | N327: 1 | O327: 1 | P327: 1 | Q327: 1 | R327: 1 | S327: 1 | T327: 1 | U327: 1 | V327: 1 | W327: 1 | X327: 1 | Y327: 1
A328: AP5222950125 | B328: =VLOOKUP(A328,'AP Firmware deplyoment Pe'!A:B,2,0) -> Stage 2e - 2024/11/19 | C328: =VLOOKUP(A328,'AMI Ping Schedule'!A:D,4,0) -> 1 | D328: 1 | E328: 1 | F328: 1 | G328: 1 | H328: 1 | I328: 1 | J328: 1 | K328: 1 | L328: 1 | M328: 1 | N328: 1 | O328: 1 | P328: 1 | Q328: 1 | R328: 1 | S328: 1 | T328: 1 | U328: 1 | V328: 1 | W328: 1 | X328: 1 | Y328: 1
A329: AP5222950177 | B329: =VLOOKUP(A329,'AP Firmware deplyoment Pe'!A:B,2,0) -> Stage 2e - 2024/11/19 | C329: =VLOOKUP(A329,'AMI Ping Schedule'!A:D,4,0) -> 1 | D329: 1 | E329: 1 | F329: 1 | G329: 1 | H329: 1 | I329: 1 | J329: 1 | K329: 1 | L329: 1 | M329: 1 | N329: 1 | O329: 1 | P329: 1 | Q329: 1 | R329: 1 | S329: 1 | T329: 1 | U329: 1 | V329: 1 | W329: 1 | X329: 1 | Y329: 1
A330: AP5222950345 | B330: =VLOOKUP(A330,'AP Firmware deplyoment Pe'!A:B,2,0) -> Stage 2e - 2024/11/19 | C330: =VLOOKUP(A330,'AMI Ping Schedule'!A:D,4,0) -> 1 | D330: 1 | E330: 1 | F330: 1 | G330: 1 | H330: 1 | I330: 1 | J330: 1 | K330: 1 | L330: 1 | M330: 1 | N330: 1 | O330: 1 | P330: 1 | Q330: 1 | R330: 1 | S330: 1 | T330: 1 | U330: 1 | V330: 1 | W330: 1 | X330: 1 | Y330: 1
... A497: AP1223950363 | B497: =VLOOKUP(A497,'AP Firmware deplyoment Pe'!A:B,2,0) -> Stage 3 - 28/11/2024 | C497: =VLOOKUP(A497,'AMI Ping Schedule'!A:D,4,0) -> 1 | D497: 1 | E497: 1 | F497: 1 | G497: 1 | H497: 1 | I497: 1 | J497: 1 | K497: 1 | L497: 1 | M497: 1 | N497: 1 | O497: 1 | P497: 1 | Q497: 1 | R497: 1 | S497: 1 | T497: 1 | U497: 1 | V497: 1 | W497: 1 | X497: 1 | Y497: 1
A498: AP1223950407 | B498: =VLOOKUP(A498,'AP Firmware deplyoment Pe'!A:B,2,0) -> #N/A | C498: =VLOOKUP(A498,'AMI Ping Schedule'!A:D,4,0) -> #N/A | D498: #N/A | E498: 0 | F498: 0 | G498: 0 | H498: 0 | I498: 0 | J498: 0 | K498: 0 | L498: 1 | M498: 1 | N498: 1 | O498: 1 | P498: 1 | Q498: 1 | R498: 1 | S498: 1 | T498: 1 | U498: 1 | V498: 1 | W498: 1 | X498: 1 | Y498: 1
A499: AP1223950381 | B499: =VLOOKUP(A499,'AP Firmware deplyoment Pe'!A:B,2,0) -> Stage 3 - 28/11/2024 | C499: =VLOOKUP(A499,'AMI Ping Schedule'!A:D,4,0) -> 1 | D499: 1 | E499: 1 | F499: 1 | G499: 1 | H499: 1 | I499: 1 | J499: 1 | K499: 1 | L499: 1 | M499: 1 | N499: 1 | O499: 1 | P499: 1 | Q499: 1 | R499: 1 | S499: 1 | T499: 1 | U499: 1 | V499: 1 | W499: 1 | X499: 1 | Y499: 1
A500: AP5222950196 | B500: =VLOOKUP(A500,'AP Firmware deplyoment Pe'!A:B,2,0) -> Stage 3 - 28/11/2024 | C500: =VLOOKUP(A500,'AMI Ping Schedule'!A:D,4,0) -> 1 | D500: 1 | E500: 1 | F500: 1 | G500: 1 | H500: 1 | I500: 1 | J500: 1 | K500: 1 | L500: 1 | M500: 1 | N500: 1 | O500: 1 | P500: 1 | Q500: 1 | R500: 1 | S500: 1 | T500: 1 | U500: 1 | V500: 1 | W500: 1 | X500: 1 | Y500: 1
A501: AP5222950383 | B501: =VLOOKUP(A501,'AP Firmware deplyoment Pe'!A:B,2,0) -> Stage 3 - 28/11/2024 | C501: =VLOOKUP(A501,'AMI Ping Schedule'!A:D,4,0) -> 1 | D501: 1 | E501: 1 | F501: 1 | G501: 1 | H501: 1 | I501: 1 | J501: 1 | K501: 1 | L501: 1 | M501: 1 | N501: 1 | O501: 1 | P501: 1 | Q501: 1 | R501: 1 | S501: 1 | T501: 1 | U501: 1 | V501: 1 | W501: 1 | X501: 1 | Y501: 1
A502: AP1223950188 | B502: =VLOOKUP(A502,'AP Firmware deplyoment Pe'!A:B,2,0) -> Stage 3 - 28/11/2024 | C502: =VLOOKUP(A502,'AMI Ping Schedule'!A:D,4,0) -> 1 | D502: 1 | E502: 1 | F502: 1 | G502: 1 | H502: 1 | I502: 1 | J502: 1 | K502: 1 | L502: 1 | M502: 1 | N502: 1 | O502: 1 | P502: 1 | Q502: 1 | R502: 1 | S502: 1 | T502: 1 | U502: 1 | V502: 1 | W502: 1 | X502: 1 | Y502: 1
A503: AP1123950885 | B503: =VLOOKUP(A503,'AP Firmware deplyoment Pe'!A:B,2,0) -> Stage 3 - 28/11/2024 | C503: =VLOOKUP(A503,'AMI Ping Schedule'!A:D,4,0) -> 1 | D503: 1 | E503: 1 | F503: 1 | G503: 1 | H503: 1 | I503: 1 | J503: 1 | K503: 1 | L503: 1 | M503: 1 | N503: 1 | O503: 1 | P503: 1 | Q503: 1 | R503: 1 | S503: 1 | T503: 1 | U503: 1 | V503: 1 | W503: 1 | X503: 1 | Y503: 1
A504: AP1223950119 | B504: =VLOOKUP(A504,'AP Firmware deplyoment Pe'!A:B,2,0) -> Stage 3 - 28/11/2024 | C504: =VLOOKUP(A504,'AMI Ping Schedule'!A:D,4,0) -> 1 | D504: 1 | E504: 1 | F504: 1 | G504: 1 | H504: 1 | I504: 1 | J504: 1 | K504: 1 | L504: 1 | M504: 1 | N504: 1 | O504: 1 | P504: 1 | Q504: 1 | R504: 1 | S504: 1 | T504: 1 | U504: 1 | V504: 1 | W504: 1 | X504: 1 | Y504: 0
A505: AP1223950288 | B505: =VLOOKUP(A505,'AP Firmware deplyoment Pe'!A:B,2,0) -> Stage 3 - 28/11/2024 | C505: =VLOOKUP(A505,'AMI Ping Schedule'!A:D,4,0) -> 1 | D505: 1 | E505: 1 | F505: 1 | G505: 1 | H505: 1 | I505: 1 | J505: 1 | K505: 1 | L505: 1 | M505: 1 | N505: 1 | O505: 1 | P505: 1 | Q505: 1 | R505: 1 | S505: 1 | T505: 1 | U505: 1 | V505: 1 | W505: 1 | X505: 1 | Y505: 1
A506: AP5222950262 | B506: =VLOOKUP(A506,'AP Firmware deplyoment Pe'!A:B,2,0) -> Stage 3 - 28/11/2024 | C506: =VLOOKUP(A506,'AMI Ping Schedule'!A:D,4,0) -> 1 | D506: 1 | E506: 1 | F506: 1 | G506: 1 | H506: 1 | I506: 1 | J506: 1 | K506: 1 | L506: 1 | M506: 1 | N506: 1 | O506: 1 | P506: 1 | Q506: 1 | R506: 1 | S506: 1 | T506: 1 | U506: 1 | V506: 1 | W506: 1 | X506: 1 | Y506: 1
A507: AP1123950895 | B507: =VLOOKUP(A507,'AP Firmware deplyoment Pe'!A:B,2,0) -> Stage 3 - 28/11/2024 | C507: =VLOOKUP(A507,'AMI Ping Schedule'!A:D,4,0) -> 1 | D507: 1 | E507: 1 | F507: 1 | G507: 1 | H507: 1 | I507: 1 | J507: 1 | K507: 1 | L507: 1 | M507: 1 | N507: 1 | O507: 1 | P507: 1 | Q507: 1 | R507: 1 | S507: 1 | T507: 1 | U507: 1 | V507: 1 | W507: 1 | X507: 1 | Y507: 1
A508: AP1123950916 | B508: =VLOOKUP(A508,'AP Firmware deplyoment Pe'!A:B,2,0) -> Stage 3 - 28/11/2024 | C508: =VLOOKUP(A508,'AMI Ping Schedule'!A:D,4,0) -> 1 | D508: 1 | E508: 1 | F508: 1 | G508: 1 | H508: 1 | I508: 1 | J508: 1 | K508: 1 | L508: 1 | M508: 1 | N508: 1 | O508: 1 | P508: 1 | Q508: 1 | R508: 1 | S508: 1 | T508: 1 | U508: 1 | V508: 1 | W508: 1 | X508: 1 | Y508: 1
A509: AP3322951333 | B509: =VLOOKUP(A509,'AP Firmware deplyoment Pe'!A:B,2,0) -> Stage 3 - 28/11/2024 | C509: =VLOOKUP(A509,'AMI Ping Schedule'!A:D,4,0) -> 1 | D509: 1 | E509: 1 | F509: 1 | G509: 1 | H509: 1 | I509: 1 | J509: 1 | K509: 1 | L509: 1 | M509: 1 | N509: 1 | O509: 1 | P509: 1 | Q509: 1 | R509: 1 | S509: 1 | T509: 1 | U509: 1 | V509: 1 | W509: 1 | X509: 1 | Y509: 1
A510: AP1223950343 | B510: =VLOOKUP(A510,'AP Firmware deplyoment Pe'!A:B,2,0) -> Stage 3 - 28/11/2024 | C510: =VLOOKUP(A510,'AMI Ping Schedule'!A:D,4,0) -> 1 | D510: 1 | E510: 1 | F510: 1 | G510: 1 | H510: 1 | I510: 1 | J510: 1 | K510: 1 | L510: 1 | M510: 1 | N510: 1 | O510: 1 | P510: 1 | Q510: 1 | R510: 1 | S510: 1 | T510: 1 | U510: 1 | V510: 1 | W510: 1 | X510: 1 | Y510: 1
... A527: AP1223950328 | B527: =VLOOKUP(A527,'AP Firmware deplyoment Pe'!A:B,2,0) -> Stage 3 - 28/11/2024 | C527: =VLOOKUP(A527,'AMI Ping Schedule'!A:D,4,0) -> 1 | D527: 1 | E527: 1 | F527: 1 | G527: 1 | H527: 1 | I527: 1 | J527: 1 | K527: 1 | L527: 1 | M527: 1 | N527: 1 | O527: 1 | P527: 1 | Q527: 1 | R527: 1 | S527: 1 | T527: 1 | U527: 1 | V527: 1 | W527: 1 | X527: 1 | Y527: 1
A528: AP2123950446 | B528: =VLOOKUP(A528,'AP Firmware deplyoment Pe'!A:B,2,0) -> #N/A | C528: =VLOOKUP(A528,'AMI Ping Schedule'!A:D,4,0) -> #N/A | D528: #N/A | E528: #N/A | F528: #N/A | G528: #N/A | H528: #N/A | I528: #N/A | J528: #N/A | K528: #N/A | L528: 1 | M528: 1 | N528: 1 | O528: 1 | P528: 1 | Q528: 1 | R528: 1 | S528: 1 | T528: 1 | U528: 1 | V528: 1 | W528: 1 | X528: 1 | Y528: 1
A529: AP5222950292 | B529: =VLOOKUP(A529,'AP Firmware deplyoment Pe'!A:B,2,0) -> Stage 3 - 28/11/2024 | C529: =VLOOKUP(A529,'AMI Ping Schedule'!A:D,4,0) -> 1 | D529: 1 | E529: 1 | F529: 1 | G529: 1 | H529: 1 | I529: 1 | J529: 1 | K529: 1 | L529: 1 | M529: 1 | N529: 1 | O529: 1 | P529: 1 | Q529: 1 | R529: 1 | S529: 1 | T529: 1 | U529: 1 | V529: 1 | W529: 1 | X529: 1 | Y529: 1
A530: AP5222950150 | B530: =VLOOKUP(A530,'AP Firmware deplyoment Pe'!A:B,2,0) -> Stage 3 - 28/11/2024 | C530: =VLOOKUP(A530,'AMI Ping Schedule'!A:D,4,0) -> 1 | D530: 1 | E530: 1 | F530: 1 | G530: 1 | H530: 1 | I530: 1 | J530: 1 | K530: 1 | L530: 1 | M530: 1 | N530: 1 | O530: 1 | P530: 1 | Q530: 1 | R530: 1 | S530: 1 | T530: 1 | U530: 1 | V530: 1 | W530: 1 | X530: 1 | Y530: 1
A531: AP5222950359 | B531: =VLOOKUP(A531,'AP Firmware deplyoment Pe'!A:B,2,0) -> Stage 3 - 28/11/2024 | C531: =VLOOKUP(A531,'AMI Ping Schedule'!A:D,4,0) -> 1 | D531: 1 | E531: 1 | F531: 1 | G531: 1 | H531: 1 | I531: 1 | J531: 1 | K531: 1 | L531: 1 | M531: 1 | N531: 1 | O531: 1 | P531: 1 | Q531: 1 | R531: 1 | S531: 1 | T531: 1 | U531: 1 | V531: 1 | W531: 1 | X531: 1 | Y531: 1
A532: AP1223950337 | B532: =VLOOKUP(A532,'AP Firmware deplyoment Pe'!A:B,2,0) -> Stage 3 - 28/11/2024 | C532: =VLOOKUP(A532,'AMI Ping Schedule'!A:D,4,0) -> 1 | D532: 1 | E532: 1 | F532: 1 | G532: 1 | H532: 1 | I532: 1 | J532: 1 | K532: 1 | L532: 1 | M532: 1 | N532: 1 | O532: 1 | P532: 1 | Q532: 1 | R532: 1 | S532: 1 | T532: 1 | U532: 1 | V532: 1 | W532: 1 | X532: 1 | Y532: 1
A533: AP1123950872 | B533: =VLOOKUP(A533,'AP Firmware deplyoment Pe'!A:B,2,0) -> Stage 3 - 28/11/2024 | C533: =VLOOKUP(A533,'AMI Ping Schedule'!A:D,4,0) -> 1 | D533: 1 | E533: 1 | F533: 1 | G533: 1 | H533: 1 | I533: 1 | J533: 1 | K533: 1 | L533: 1 | M533: 1 | N533: 1 | O533: 1 | P533: 1 | Q533: 1 | R533: 1 | S533: 1 | T533: 1 | U533: 1 | V533: 1 | W533: 1 | X533: 1 | Y533: 1
A534: AP5222950111 | B534: =VLOOKUP(A534,'AP Firmware deplyoment Pe'!A:B,2,0) -> Stage 3 - 28/11/2024 | C534: =VLOOKUP(A534,'AMI Ping Schedule'!A:D,4,0) -> 1 | D534: 1 | E534: 1 | F534: 1 | G534: 1 | H534: 1 | I534: 1 | J534: 1 | K534: 1 | L534: 1 | M534: 1 | N534: 1 | O534: 1 | P534: 1 | Q534: 1 | R534: 1 | S534: 1 | T534: 1 | U534: 1 | V534: 1 | W534: 1 | X534: 1 | Y534: 1
A535: AP1223950186 | B535: =VLOOKUP(A535,'AP Firmware deplyoment Pe'!A:B,2,0) -> Stage 3 - 28/11/2024 | C535: =VLOOKUP(A535,'AMI Ping Schedule'!A:D,4,0) -> 1 | D535: 1 | E535: 1 | F535: 1 | G535: 1 | H535: 1 | I535: 1 | J535: 1 | K535: 1 | L535: 1 | M535: 1 | N535: 1 | O535: 1 | P535: 1 | Q535: 1 | R535: 1 | S535: 1 | T535: 1 | U535: 1 | V535: 1 | W535: 1 | X535: 1 | Y535: 1
A536: AP1223950388 | B536: =VLOOKUP(A536,'AP Firmware deplyoment Pe'!A:B,2,0) -> Stage 3 - 28/11/2024 | C536: =VLOOKUP(A536,'AMI Ping Schedule'!A:D,4,0) -> 1 | D536: 1 | E536: 1 | F536: 1 | G536: 1 | H536: 1 | I536: 1 | J536: 1 | K536: 1 | L536: 1 | M536: 1 | N536: 1 | O536: 1 | P536: 1 | Q536: 1 | R536: 1 | S536: 1 | T536: 1 | U536: 1 | V536: 1 | W536: 1 | X536: 1 | Y536: 1
A537: AP1223950008 | B537: =VLOOKUP(A537,'AP Firmware deplyoment Pe'!A:B,2,0) -> Stage 3 - 28/11/2024 | C537: =VLOOKUP(A537,'AMI Ping Schedule'!A:D,4,0) -> 1 | D537: 1 | E537: 1 | F537: 1 | G537: 1 | H537: 1 | I537: 1 | J537: 1 | K537: 1 | L537: 1 | M537: 1 | N537: 1 | O537: 1 | P537: 1 | Q537: 1 | R537: 1 | S537: 1 | T537: 1 | U537: 1 | V537: 1 | W537: 1 | X537: 1 | Y537: 1
A538: AP4122950035 | B538: =VLOOKUP(A538,'AP Firmware deplyoment Pe'!A:B,2,0) -> Stage 3 - 28/11/2024 | C538: =VLOOKUP(A538,'AMI Ping Schedule'!A:D,4,0) -> 1 | D538: 1 | E538: 1 | F538: 1 | G538: 1 | H538: 1 | I538: 1 | J538: 1 | K538: 1 | L538: 1 | M538: 1 | N538: 1 | O538: 1 | P538: 1 | Q538: 1 | R538: 1 | S538: 1 | T538: 1 | U538: 1 | V538: 1 | W538: 1 | X538: 1 | Y538: 1
A539: AP1223950338 | B539: =VLOOKUP(A539,'AP Firmware deplyoment Pe'!A:B,2,0) -> Stage 3 - 28/11/2024 | C539: =VLOOKUP(A539,'AMI Ping Schedule'!A:D,4,0) -> 1 | D539: 1 | E539: 1 | F539: 1 | G539: 1 | H539: 1 | I539: 1 | J539: 1 | K539: 1 | L539: 1 | M539: 1 | N539: 1 | O539: 1 | P539: 1 | Q539: 1 | R539: 1 | S539: 1 | T539: 1 | U539: 1 | V539: 1 | W539: 1 | X539: 1 | Y539: 1
A540: AP5222950274 | B540: =VLOOKUP(A540,'AP Firmware deplyoment Pe'!A:B,2,0) -> Stage 3 - 28/11/2024 | C540: =VLOOKUP(A540,'AMI Ping Schedule'!A:D,4,0) -> 1 | D540: 1 | E540: 1 | F540: 1 | G540: 1 | H540: 1 | I540: 1 | J540: 1 | K540: 1 | L540: 1 | M540: 1 | N540: 1 | O540: 1 | P540: 1 | Q540: 1 | R540: 1 | S540: 1 | T540: 1 | U540: 1 | V540: 1 | W540: 1 | X540: 1 | Y540: 1
... A629: AP1223950412 | B629: =VLOOKUP(A629,'AP Firmware deplyoment Pe'!A:B,2,0) -> Stage 3 - 28/11/2024 | C629: =VLOOKUP(A629,'AMI Ping Schedule'!A:D,4,0) -> 1 | D629: 1 | E629: 1 | F629: 1 | G629: 1 | H629: 1 | I629: 1 | J629: 1 | K629: 1 | L629: 1 | M629: 1 | N629: 1 | O629: 1 | P629: 1 | Q629: 1 | R629: 1 | S629: 1 | T629: 1 | U629: 1 | V629: 1 | W629: 1 | X629: 1 | Y629: 1
A630: AP3223950618 | B630: =VLOOKUP(A630,'AP Firmware deplyoment Pe'!A:B,2,0) -> #N/A | C630: =VLOOKUP(A630,'AMI Ping Schedule'!A:D,4,0) -> #N/A | D630: #N/A | E630: 0 | F630: 0 | G630: 0 | H630: 0 | I630: 0 | J630: 0 | K630: 1 | L630: 1 | M630: 1 | N630: 1 | O630: 1 | P630: 1 | Q630: 1 | R630: 1 | S630: 1 | T630: 1 | U630: 1 | V630: 1 | W630: 1 | X630: 1 | Y630: 1
A631: AP1123950880 | B631: =VLOOKUP(A631,'AP Firmware deplyoment Pe'!A:B,2,0) -> Stage 3 - 28/11/2024 | C631: =VLOOKUP(A631,'AMI Ping Schedule'!A:D,4,0) -> 1 | D631: 1 | E631: 1 | F631: 1 | G631: 1 | H631: 1 | I631: 1 | J631: 1 | K631: 1 | L631: 1 | M631: 1 | N631: 1 | O631: 1 | P631: 1 | Q631: 1 | R631: 1 | S631: 1 | T631: 1 | U631: 1 | V631: 1 | W631: 1 | X631: 1 | Y631: 1
A632: AP5222950119 | B632: =VLOOKUP(A632,'AP Firmware deplyoment Pe'!A:B,2,0) -> Stage 3 - 28/11/2024 | C632: =VLOOKUP(A632,'AMI Ping Schedule'!A:D,4,0) -> 1 | D632: 1 | E632: 1 | F632: 1 | G632: 1 | H632: 1 | I632: 1 | J632: 1 | K632: 1 | L632: 1 | M632: 1 | N632: 1 | O632: 1 | P632: 1 | Q632: 1 | R632: 1 | S632: 1 | T632: 1 | U632: 1 | V632: 1 | W632: 1 | X632: 1 | Y632: 1
A633: AP1223950267 | B633: =VLOOKUP(A633,'AP Firmware deplyoment Pe'!A:B,2,0) -> Stage 3 - 28/11/2024 | C633: =VLOOKUP(A633,'AMI Ping Schedule'!A:D,4,0) -> 1 | D633: 1 | E633: 1 | F633: 1 | G633: 1 | H633: 1 | I633: 1 | J633: 1 | K633: 1 | L633: 1 | M633: 1 | N633: 1 | O633: 1 | P633: 1 | Q633: 1 | R633: 1 | S633: 1 | T633: 1 | U633: 1 | V633: 1 | W633: 1 | X633: 1 | Y633: 1
A634: AP5222950146 | B634: =VLOOKUP(A634,'AP Firmware deplyoment Pe'!A:B,2,0) -> Stage 3 - 28/11/2024 | C634: =VLOOKUP(A634,'AMI Ping Schedule'!A:D,4,0) -> 1 | D634: 1 | E634: 1 | F634: 1 | G634: 1 | H634: 1 | I634: 1 | J634: 1 | K634: 1 | L634: 1 | M634: 1 | N634: 1 | O634: 1 | P634: 1 | Q634: 1 | R634: 1 | S634: 1 | T634: 1 | U634: 1 | V634: 1 | W634: 1 | X634: 1 | Y634: 1
A635: AP1123950908 | B635: =VLOOKUP(A635,'AP Firmware deplyoment Pe'!A:B,2,0) -> Stage 3 - 28/11/2024 | C635: =VLOOKUP(A635,'AMI Ping Schedule'!A:D,4,0) -> 1 | D635: 1 | E635: 1 | F635: 1 | G635: 1 | H635: 1 | I635: 1 | J635: 1 | K635: 1 | L635: 1 | M635: 1 | N635: 1 | O635: 1 | P635: 1 | Q635: 1 | R635: 1 | S635: 1 | T635: 1 | U635: 1 | V635: 1 | W635: 1 | X635: 1 | Y635: 1
A636: AP5222950215 | B636: =VLOOKUP(A636,'AP Firmware deplyoment Pe'!A:B,2,0) -> Stage 3 - 28/11/2024 | C636: =VLOOKUP(A636,'AMI Ping Schedule'!A:D,4,0) -> 1 | D636: 1 | E636: 1 | F636: 1 | G636: 1 | H636: 1 | I636: 1 | J636: 1 | K636: 1 | L636: 1 | M636: 1 | N636: 1 | O636: 1 | P636: 1 | Q636: 1 | R636: 1 | S636: 1 | T636: 1 | U636: 1 | V636: 1 | W636: 1 | X636: 1 | Y636: 1
A637: AP2123950436 | B637: =VLOOKUP(A637,'AP Firmware deplyoment Pe'!A:B,2,0) -> Stage 3 - 28/11/2024 | C637: =VLOOKUP(A637,'AMI Ping Schedule'!A:D,4,0) -> 1 | D637: 1 | E637: 1 | F637: 1 | G637: 1 | H637: 1 | I637: 1 | J637: 1 | K637: 1 | L637: 1 | M637: 1 | N637: 1 | O637: 1 | P637: 1 | Q637: 1 | R637: 1 | S637: 1 | T637: 1 | U637: 1 | V637: 1 | W637: 1 | X637: 1 | Y637: 1
A638: AP5222950247 | B638: =VLOOKUP(A638,'AP Firmware deplyoment Pe'!A:B,2,0) -> Stage 3 - 28/11/2024 | C638: =VLOOKUP(A638,'AMI Ping Schedule'!A:D,4,0) -> 1 | D638: 1 | E638: 1 | F638: 1 | G638: 1 | H638: 1 | I638: 1 | J638: 1 | K638: 1 | L638: 1 | M638: 1 | N638: 1 | O638: 1 | P638: 1 | Q638: 1 | R638: 1 | S638: 1 | T638: 1 | U638: 1 | V638: 1 | W638: 1 | X638: 1 | Y638: 1
A639: AP1223950345 | B639: =VLOOKUP(A639,'AP Firmware deplyoment Pe'!A:B,2,0) -> Stage 3 - 28/11/2024 | C639: =VLOOKUP(A639,'AMI Ping Schedule'!A:D,4,0) -> 1 | D639: 1 | E639: 1 | F639: 1 | G639: 1 | H639: 1 | I639: 1 | J639: 1 | K639: 1 | L639: 1 | M639: 1 | N639: 1 | O639: 1 | P639: 1 | Q639: 1 | R639: 1 | S639: 1 | T639: 1 | U639: 1 | V639: 1 | W639: 1 | X639: 1 | Y639: 1
A640: AP1223950036 | B640: =VLOOKUP(A640,'AP Firmware deplyoment Pe'!A:B,2,0) -> Stage 3 - 28/11/2024 | C640: =VLOOKUP(A640,'AMI Ping Schedule'!A:D,4,0) -> 1 | D640: 1 | E640: 1 | F640: 1 | G640: 1 | H640: 1 | I640: 1 | J640: 1 | K640: 1 | L640: 1 | M640: 1 | N640: 1 | O640: 1 | P640: 1 | Q640: 1 | R640: 1 | S640: 1 | T640: 1 | U640: 1 | V640: 1 | W640: 1 | X640: 1 | Y640: 1
A641: AP5222950306 | B641: =VLOOKUP(A641,'AP Firmware deplyoment Pe'!A:B,2,0) -> Stage 3 - 28/11/2024 | C641: =VLOOKUP(A641,'AMI Ping Schedule'!A:D,4,0) -> 1 | D641: 1 | E641: 1 | F641: 1 | G641: 1 | H641: 1 | I641: 1 | J641: 1 | K641: 1 | L641: 1 | M641: 1 | N641: 1 | O641: 1 | P641: 1 | Q641: 1 | R641: 1 | S641: 1 | T641: 1 | U641: 1 | V641: 1 | W641: 1 | X641: 1 | Y641: 1
A642: AP5222950329 | B642: =VLOOKUP(A642,'AP Firmware deplyoment Pe'!A:B,2,0) -> Stage 3 - 28/11/2024 | C642: =VLOOKUP(A642,'AMI Ping Schedule'!A:D,4,0) -> 1 | D642: 1 | E642: 1 | F642: 1 | G642: 1 | H642: 1 | I642: 1 | J642: 1 | K642: 1 | L642: 1 | M642: 1 | N642: 1 | O642: 1 | P642: 1 | Q642: 1 | R642: 1 | S642: 1 | T642: 1 | U642: 1 | V642: 1 | W642: 1 | X642: 1 | Y642: 1
... A1058: AP1223950289 | B1058: =VLOOKUP(A1058,'AP Firmware deplyoment Pe'!A:B,2,0) -> Stage 3 - 28/11/2024 | C1058: =VLOOKUP(A1058,'AMI Ping Schedule'!A:D,4,0) -> 1 | D1058: 1 | E1058: 1 | F1058: 1 | G1058: 1 | H1058: 1 | I1058: 1 | J1058: 1 | K1058: 1 | L1058: 1 | M1058: 1 | N1058: 1 | O1058: 1 | P1058: 1 | Q1058: 1 | R1058: 1 | S1058: 1 | T1058: 1 | U1058: 1 | V1058: 1 | W1058: 1 | X1058: 1 | Y1058: 1

Sheet AMI Ping Schedule
