Workbook

Sheet UE Full List (534)
A1: Device_Util_ID | B1: Premise_Util_Id | C1: Service Point | D1: MAC Address | E1: NIC Serial Number | F1: Tariff_Id | G1: Admin Status | H1: Operational Status | I1: Meter Subtype | J1: Device_SW_Ver_No | K1: Device_Mfg_Date | L1: NIC_SW_Ver_No | M1: NIC_SW_Rev_No | N1: NIC_SW_Patch_No | O1: Meter_Program_ID | P1: Address1 | Q1: CITY | R1: Install_Date | S1: POST CODE | T1: GPS_Longitude | U1: GPS_Latitude | V1: COMPLETED | W1: STAGE
A2: 5010948 | B2: 6408266116 | C2: 40778056 | D2: 00:13:50:05:ff:02:93:e2 | E2: 00135005FF0293E2 | F2: 00L6aC3V02 | G2: Active | H2: Active | I2: L+G IEC U3350 3PH CT CONN LC | J2: S00237-05.05.R50 | K2: 44890 | L2: 5 | M2: 4 | N2: 33 | O2: 24306 | P2: 269-271 CANTERBURY RD | Q2: FOREST HILL | R2: 45001 | S2: 3175 | T2: 145.16873 | U2: -37.834151 | V2: =VLOOKUP(A:A,'BVT (50)'!A:A,1,0) -> #N/A
A3: 5010953 | B3: 6407524265 | C3: 40654591 | D3: 00:13:50:05:ff:02:93:e3 | E3: 00135005FF0293E3 | F3: 00L6aC3V02 | G3: Active | H3: Active | I3: L+G IEC U3350 3PH CT CONN LC | J3: S00237-05.05.R50 | K3: 44890 | L3: 5 | M3: 4 | N3: 33 | O3: 24306 | P3: 103 DANDENONG-HASTINGS RD | Q3: SOMERVILLE | R3: 44918 | S3: 3175 | T3: 145.22032 | U3: -38.220039 | V3: =VLOOKUP(A:A,'BVT (50)'!A:A,1,0) -> #N/A
A4: 5010967 | B4: U317731748 | C4: U317731748 | D4: 00:13:50:05:ff:02:93:e4 | E4: 00135005FF0293E4 | F4: 00L6aC3V02 | G4: Active | H4: Active | I4: L+G IEC U3350 3PH CT CONN LC | J4: S00237-05.05.R50 | K4: 44890 | L4: 5 | M4: 4 | N4: 33 | O4: 24306 | P4: 979 NEPEAN HIGHWAY | Q4: MOORABBIN | R4: 0 | S4: 3170 | T4: 145.03621 | U4: -37.933533 | V4: =VLOOKUP(A:A,'BVT (50)'!A:A,1,0) -> #N/A
A5: 5010961 | B5: 6408463012 | C5: 41062362 | D5: 00:13:50:05:ff:02:93:e5 | E5: 00135005FF0293E5 | F5: 00L6aC3V02 | G5: Active | H5: Active | I5: L+G IEC U3350 3PH CT CONN LC | J5: S00237-05.05.R50 | K5: 44890 | L5: 5 | M5: 4 | N5: 33 | O5: 24306 | P5: 510N NEPEAN HWY | Q5: FRANKSTON | R5: 44944 | S5: 3107 | T5: 145.11874 | U5: -38.145863 | V5: =VLOOKUP(A:A,'BVT (50)'!A:A,1,0) -> #N/A
A6: 5010956 | B6: 6407574131 | C6: 40448006 | D6: 00:13:50:05:ff:02:93:f8 | E6: 00135005FF0293F8 | F6: 00L6aC4V02 | G6: Active | H6: Active | I6: L+G IEC U3350 3PH CT CONN LC | J6: S00237-05.05.R50 | K6: 44890 | L6: 5 | M6: 4 | N6: 33 | O6: 24310 | P6: 259 JONES RD | Q6: SOMERVILLE | R6: 44963 | S6: 3175 | T6: 145.17429 | U6: -38.230969 | V6: =VLOOKUP(A:A,'BVT (50)'!A:A,1,0) -> 5010956 | W6: BVT
A7: 5010950 | B7: 6407686363 | C7: 40632241 | D7: 00:13:50:05:ff:02:93:fb | E7: 00135005FF0293FB | F7: 00L6aC4V02 | G7: Active | H7: Active | I7: L+G IEC U3350 3PH CT CONN LC | J7: S00237-05.05.R50 | K7: 44890 | L7: 5 | M7: 4 | N7: 33 | O7: 24310 | P7: RESV RESV 120 Leila Rd 120 LEILA RD | Q7: CARNEGIE | R7: 44951 | S7: 3175 | T7: 145.05845 | U7: -37.902053 | V7: =VLOOKUP(A:A,'BVT (50)'!A:A,1,0) -> 5010950 | W7: BVT
A8: 5010927 | B8: U317109522 | C8: U317109522 | D8: 00:13:50:05:ff:02:93:fd | E8: 00135005FF0293FD | F8: 00L6aC3V02 | G8: Active | H8: Active | I8: L+G IEC U3350 3PH CT CONN LC | J8: S00237-05.05.R50 | K8: 44890 | L8: 5 | M8: 4 | N8: 33 | O8: 24306 | P8: 4 FREIGHTER ROAD | Q8: MOORABBIN | R8: 0 | S8: 0 | T8: 145.07566 | U8: -37.948591 | V8: =VLOOKUP(A:A,'BVT (50)'!A:A,1,0) -> #N/A
A9: 5010936 | B9: 6408441384 | C9: 41041205 | D9: 00:13:50:05:ff:02:94:0b | E9: 00135005FF02940B | F9: 00L6aC4V02 | G9: Active | H9: Active | I9: L+G IEC U3350 3PH CT CONN LC | J9: S00237-05.05.R50 | K9: 44890 | L9: 5 | M9: 4 | N9: 33 | O9: 24310 | P9: 5 BEAUMARIS PDE | Q9: HIGHETT | R9: 45000 | S9: 3190 | T9: 145.03458 | U9: -37.954363 | V9: =VLOOKUP(A:A,'BVT (50)'!A:A,1,0) -> 5010936 | W9: BVT
A10: 5010949 | B10: 6408479113 | C10: 41076913 | D10: 00:13:50:05:ff:02:94:28 | E10: 00135005FF029428 | F10: 00L6aC3V02 | G10: Active | H10: Active | I10: L+G IEC U3350 3PH CT CONN LC | J10: S00237-05.05.R50 | K10: 44890 | L10: 5 | M10: 4 | N10: 33 | O10: 24306 | P10: 358 HAMPTON ST | Q10: HAMPTON | R10: 45119 | S10: 3175 | T10: 145.00239 | U10: -37.940344 | V10: =VLOOKUP(A:A,'BVT (50)'!A:A,1,0) -> #N/A
A11: 5010941 | B11: 6408456028 | C11: 41056251 | D11: 00:13:50:05:ff:02:94:38 | E11: 00135005FF029438 | F11: 00L6aC3V02 | G11: Active | H11: Active | I11: L+G IEC U3350 3PH CT CONN LC | J11: S00237-05.05.R50 | K11: 44890 | L11: 5 | M11: 4 | N11: 33 | O11: 24306 | P11: 35-45 BEND RD | Q11: KEYSBOROUGH | R11: 44963 | S11: 3190 | T11: 145.18621 | U11: -38.002785 | V11: =VLOOKUP(A:A,'BVT (50)'!A:A,1,0) -> #N/A
A12: 5010973 | B12: 6407818698 | C12: 40675957 | D12: 00:13:50:05:ff:02:94:39 | E12: 00135005FF029439 | F12: 00L6aC3V02 | G12: Active | H12: Active | I12: L+G IEC U3350 3PH CT CONN LC | J12: S00237-05.05.R50 | K12: 44890 | L12: 5 | M12: 4 | N12: 33 | O12: 24306 | P12: 9 DANDENONG ST | Q12: DANDENONG | R12: 44964 | S12: 3170 | T12: 145.20032 | U12: -37.991276 | V12: =VLOOKUP(A:A,'BVT (50)'!A:A,1,0) -> #N/A
A13: 5010931 | B13: 6408476691 | C13: 41075915 | D13: 00:13:50:05:ff:02:94:3a | E13: 00135005FF02943A | F13: 00L6aC3V02 | G13: Active | H13: Active | I13: L+G IEC U3350 3PH CT CONN LC | J13: S00237-05.05.R50 | K13: 44890 | L13: 5 | M13: 4 | N13: 33 | O13: 24306 | P13: 113 HIGH ST | Q13: DONCASTER | R13: 45270 | S13: 0 | T13: 145.11188 | U13: -37.780259 | V13: =VLOOKUP(A:A,'BVT (50)'!A:A,1,0) -> #N/A
A14: 5010975 | B14: 6408460776 | C14: 41061812 | D14: 00:13:50:05:ff:02:94:3d | E14: 00135005FF02943D | F14: 00L6aC3V02 | G14: Active | H14: Active | I14: L+G IEC U3350 3PH CT CONN LC | J14: S00237-05.05.R50 | K14: 44890 | L14: 5 | M14: 4 | N14: 33 | O14: 24306 | P14: 48 MARLBOROUGH ST | Q14: BALACLAVA | R14: 44974 | S14: 3170 | T14: 144.99289 | U14: -37.869201 | V14: =VLOOKUP(A:A,'BVT (50)'!A:A,1,0) -> #N/A
A15: 5010958 | B15: 6407604478 | C15: 41066582 | D15: 00:13:50:05:ff:02:94:43 | E15: 00135005FF029443 | F15: 00L6aC4V02 | G15: Active | H15: Active | I15: L+G IEC U3350 3PH CT CONN LC | J15: S00237-05.05.R50 | K15: 44890 | L15: 5 | M15: 4 | N15: 33 | O15: 24310 | P15: 306 JETTY RD | Q15: ROSEBUD | R15: 44973 | S15: 3175 | T15: 144.91024 | U15: -38.379971 | V15: =VLOOKUP(A:A,'BVT (50)'!A:A,1,0) -> 5010958 | W15: BVT
A16: 5010947 | B16: 6408443112 | C16: 41040489 | D16: 00:13:50:05:ff:02:94:4a | E16: 00135005FF02944A | F16: 00L6aC3V02 | G16: Active | H16: Active | I16: L+G IEC U3350 3PH CT CONN LC | J16: S00237-05.05.R50 | K16: 44890 | L16: 5 | M16: 4 | N16: 33 | O16: 24306 | P16: 5 IBIS CCT | Q16: DANDENONG SOUTH | R16: 45124 | S16: 3175 | T16: 145.22548 | U16: -38.047133 | V16: =VLOOKUP(A:A,'BVT (50)'!A:A,1,0) -> #N/A
A17: 5010940 | B17: 6408467185 | C17: 41066645 | D17: 00:13:50:05:ff:02:94:4d | E17: 00135005FF02944D | F17: 00L6aC3V02 | G17: Active | H17: Active | I17: L+G IEC U3350 3PH CT CONN LC | J17: S00237-05.05.R50 | K17: 44890 | L17: 5 | M17: 4 | N17: 33 | O17: 24306 | P17: 165 STUD RD | Q17: DANDENONG NORTH | R17: 45020 | S17: 3190 | T17: 145.223 | U17: -37.970812 | V17: =VLOOKUP(A:A,'BVT (50)'!A:A,1,0) -> #N/A
A18: 5010962 | B18: U317690104 | C18: U317690104 | D18: 00:13:50:05:ff:02:94:61 | E18: 00135005FF029461 | F18: 00L6aC3V02 | G18: Active | H18: Active | I18: L+G IEC U3350 3PH CT CONN LC | J18: S00237-05.05.R50 | K18: 44890 | L18: 5 | M18: 4 | N18: 33 | O18: 24306 | P18: 970 NEPEAN HIGHWAY | Q18: MOORABBIN | R18: 0 | S18: 3107 | T18: 145.03783 | U18: -37.939223 | V18: =VLOOKUP(A:A,'BVT (50)'!A:A,1,0) -> #N/A
A19: 5010972 | B19: 6407650778 | C19: 40678672 | D19: 00:13:50:05:ff:02:94:66 | E19: 00135005FF029466 | F19: 00L6aC3V02 | G19: Active | H19: Active | I19: L+G IEC U3350 3PH CT CONN LC | J19: S00237-05.05.R50 | K19: 44890 | L19: 5 | M19: 4 | N19: 33 | O19: 24306 | P19: 8 JELLICO DR | Q19: SCORESBY | R19: 44953 | S19: 3170 | T19: 145.21895 | U19: -37.898653 | V19: =VLOOKUP(A:A,'BVT (50)'!A:A,1,0) -> #N/A
A20: 5010959 | B20: 6408280169 | C20: 40790819 | D20: 00:13:50:05:ff:02:94:67 | E20: 00135005FF029467 | F20: 00L6aC3V02 | G20: Active | H20: Active | I20: L+G IEC U3350 3PH CT CONN LC | J20: S00237-05.05.R50 | K20: 44890 | L20: 5 | M20: 4 | N20: 33 | O20: 24306 | P20: 808-814 HEATHERTON RD | Q20: SPRINGVALE SOUTH | R20: 44945 | S20: 3172 | T20: 145.1448 | U20: -37.961666 | V20: =VLOOKUP(A:A,'BVT (50)'!A:A,1,0) -> #N/A
A21: 5010968 | B21: 6408461039 | C21: 41061630 | D21: 00:13:50:05:ff:02:94:6b | E21: 00135005FF02946B | F21: 00L6aC3V02 | G21: Active | H21: Active | I21: L+G IEC U3350 3PH CT CONN LC | J21: S00237-05.05.R50 | K21: 44890 | L21: 5 | M21: 4 | N21: 33 | O21: 24306 | P21: 1239 NEPEAN HWY | Q21: CHELTENHAM | R21: 44951 | S21: 3170 | T21: 145.055 | U21: -37.957931 | V21: =VLOOKUP(A:A,'BVT (50)'!A:A,1,0) -> #N/A
A22: 5010957 | B22: 6408314304 | C22: 40813705 | D22: 00:13:50:05:ff:02:94:76 | E22: 00135005FF029476 | F22: 00L6aC3V02 | G22: Active | H22: Active | I22: L+G IEC U3350 3PH CT CONN LC | J22: S00237-05.05.R50 | K22: 44890 | L22: 5 | M22: 4 | N22: 33 | O22: 24306 | P22: 90 WALLACES RD | Q22: DROMANA | R22: 44957 | S22: 3175 | T22: 145.02346 | U22: -38.322957 | V22: =VLOOKUP(A:A,'BVT (50)'!A:A,1,0) -> #N/A
A23: 5010926 | B23: 6408470533 | C23: 41072732 | D23: 00:13:50:05:ff:02:94:77 | E23: 00135005FF029477 | F23: 00L6aC3V02 | G23: Active | H23: Active | I23: L+G IEC U3350 3PH CT CONN LC | J23: S00237-05.05.R50 | K23: 44890 | L23: 5 | M23: 4 | N23: 33 | O23: 24306 | P23: 185 MANNINGHAM RD | Q23: TEMPLESTOWE LOWER | R23: 45270 | S23: #N/A | T23: 145.10035 | U23: -37.770961 | V23: =VLOOKUP(A:A,'BVT (50)'!A:A,1,0) -> #N/A
A24: 5010969 | B24: 6407171344 | C24: 40672558 | D24: 00:13:50:05:ff:02:94:7b | E24: 00135005FF02947B | F24: 00L6aC3V02 | G24: Active | H24: Active | I24: L+G IEC U3350 3PH CT CONN LC | J24: S00237-05.05.R50 | K24: 44890 | L24: 5 | M24: 4 | N24: 33 | O24: 24306 | P24: 10 WESLEY CT | Q24: BURWOOD EAST | R24: 44963 | S24: 3170 | T24: 145.16609 | U24: -37.857486 | V24: =VLOOKUP(A:A,'BVT (50)'!A:A,1,0) -> #N/A
A25: 5010945 | B25: 6407651513 | C25: 40670962 | D25: 00:13:50:05:ff:02:94:81 | E25: 00135005FF029481 | F25: 00L6aC3V02 | G25: Active | H25: Active | I25: L+G IEC U3350 3PH CT CONN LC | J25: S00237-05.05.R50 | K25: 44890 | L25: 5 | M25: 4 | N25: 33 | O25: 24306 | P25: SHOP 11 HARBOUR PLAZA 21 THOMPSON RD | Q25: PATTERSON LAKES | R25: 44945 | S25: 3190 | T25: 145.14276 | U25: -38.068189 | V25: =VLOOKUP(A:A,'BVT (50)'!A:A,1,0) -> #N/A
A26: 5010963 | B26: 6408065508 | C26: 40406676 | D26: 00:13:50:05:ff:02:94:86 | E26: 00135005FF029486 | F26: 00L6aC4V02 | G26: Active | H26: Active | I26: L+G IEC U3350 3PH CT CONN LC | J26: S00237-05.05.R50 | K26: 44890 | L26: 5 | M26: 4 | N26: 33 | O26: 24310 | P26: 140 GARNETT RD | Q26: WHEELERS HILL | R26: 44991 | S26: 3107 | T26: 145.2003 | U26: -37.920276 | V26: =VLOOKUP(A:A,'Pilot (10)'!A:A,1,0) -> 5010963 | W26: PILOT
A27: 5010933 | B27: 6407387774 | C27: 41066118 | D27: 00:13:50:05:ff:02:94:88 | E27: 00135005FF029488 | F27: 00L6aC3V02 | G27: Active | H27: Active | I27: L+G IEC U3350 3PH CT CONN LC | J27: S00237-05.05.R50 | K27: 44890 | L27: 5 | M27: 4 | N27: 33 | O27: 24306 | P27: 16 DISSIK ST | Q27: CHELTENHAM | R27: 44949 | S27: 0 | T27: 145.07162 | U27: -37.952736 | V27: =VLOOKUP(A:A,'BVT (50)'!A:A,1,0) -> #N/A
A28: 5010952 | B28: 6407136308 | C28: 40732908 | D28: 00:13:50:05:ff:02:94:89 | E28: 00135005FF029489 | F28: 00L6aC4V02 | G28: Active | H28: Active | I28: L+G IEC U3350 3PH CT CONN LC | J28: S00237-05.05.R50 | K28: 44890 | L28: 5 | M28: 4 | N28: 33 | O28: 24310 | P28: 12-14 VARMAN CT | Q28: NUNAWADING | R28: 44965 | S28: 3175 | T28: 145.17238 | U28: -37.819949 | V28: =VLOOKUP(A:A,'BVT (50)'!A:A,1,0) -> 5010952 | W28: BVT
A29: 5010938 | B29: VEEE0WBATL | C29: 41123370 | D29: 00:13:50:05:ff:02:94:8a | E29: 00135005FF02948A | F29: C0ML0F3001 | G29: Active | H29: Active | I29: L+G IEC U3350 3PH CT CONN LC | J29: S00237-05.05.R50 | K29: 44890 | L29: 5 | M29: 4 | N29: 33 | O29: 28300 | P29: 13-17 Manning Drive | Q29: Noble Park | R29: 45898 | S29: 3190 | T29: 0 | U29: 0 | V29: =VLOOKUP(A:A,'BVT (50)'!A:A,1,0) -> #N/A
A30: 5010934 | B30: 6407285664 | C30: 40549882 | D30: 00:13:50:05:ff:02:94:a7 | E30: 00135005FF0294A7 | F30: 00L6aC3V02 | G30: Active | H30: Active | I30: L+G IEC U3350 3PH CT CONN LC | J30: S00237-05.05.R50 | K30: 44890 | L30: 5 | M30: 4 | N30: 33 | O30: 24306 | P30: 175 CHAPEL ST | Q30: ST KILDA | R30: 44999 | S30: 0 | T30: 144.9897 | U30: -37.870691 | V30: =VLOOKUP(A:A,'BVT (50)'!A:A,1,0) -> #N/A
A31: 5010960 | B31: VEEE02EEU0 | C31: 40676472 | D31: 00:13:50:05:ff:02:94:af | E31: 00135005FF0294AF | F31: 00L6aC3V02 | G31: Active | H31: Active | I31: L+G IEC U3350 3PH CT CONN LC | J31: S00237-05.05.R50 | K31: 44890 | L31: 5 | M31: 4 | N31: 33 | O31: 24306 | P31: 6 BROOKLYN AVE | Q31: DANDENONG | R31: 44937 | S31: 3107 | T31: 145.19739 | U31: -37.992931 | V31: =VLOOKUP(A:A,'BVT (50)'!A:A,1,0) -> #N/A
A32: 5010966 | B32: U317739235 | C32: U317739235 | D32: 00:13:50:05:ff:02:94:be | E32: 00135005FF0294BE | F32: 00L6aC3V02 | G32: Active | H32: Active | I32: L+G IEC U3350 3PH CT CONN LC | J32: S00237-05.05.R50 | K32: 44890 | L32: 5 | M32: 4 | N32: 33 | O32: 24306 | P32: 1 FEDERATION WAY | Q32: MOORABBIN AIRPORT | R32: 0 | S32: 0 | T32: 145.10169 | U32: -37.972387 | V32: =VLOOKUP(A:A,'BVT (50)'!A:A,1,0) -> #N/A
A33: 5010932 | B33: 6408460836 | C33: 41061924 | D33: 00:13:50:05:ff:02:94:c5 | E33: 00135005FF0294C5 | F33: 00L6aC3V02 | G33: Active | H33: Active | I33: L+G IEC U3350 3PH CT CONN LC | J33: S00237-05.05.R50 | K33: 44890 | L33: 5 | M33: 4 | N33: 33 | O33: 24306 | P33: 35-45 BEND RD | Q33: KEYSBOROUGH | R33: 44963 | S33: 0 | T33: 145.18473 | U33: -38.001825 | V33: =VLOOKUP(A:A,'BVT (50)'!A:A,1,0) -> #N/A
A34: 5010935 | B34: 6407512054 | C34: 40787158 | D34: 00:13:50:05:ff:02:94:c7 | E34: 00135005FF0294C7 | F34: 00L6aC3V02 | G34: Active | H34: Active | I34: L+G IEC U3350 3PH CT CONN LC | J34: S00237-05.05.R50 | K34: 44890 | L34: 5 | M34: 4 | N34: 33 | O34: 24902 | P34: Blue Dolphin on Bayside 382-384 NEPEAN HWY | Q34: FRANKSTON | R34: 44981 | S34: 0 | T34: 145.12339 | U34: -38.136696 | V34: =VLOOKUP(A:A,'BVT (50)'!A:A,1,0) -> #N/A
A35: 5010943 | B35: 6408463137 | C35: 41062632 | D35: 00:13:50:05:ff:02:94:c9 | E35: 00135005FF0294C9 | F35: 00L6aC4V02 | G35: Active | H35: Active | I35: L+G IEC U3350 3PH CT CONN LC | J35: S00237-05.05.R50 | K35: 44890 | L35: 5 | M35: 4 | N35: 33 | O35: 24310 | P35: 45 SEYMOUR RD | Q35: ELSTERNWICK | R35: 44944 | S35: 3190 | T35: 145.01066 | U35: -37.880433 | V35: =VLOOKUP(A:A,'BVT (50)'!A:A,1,0) -> 5010943 | W35: BVT
A36: 5010946 | B36: 6407476920 | C36: 40624837 | D36: 00:13:50:05:ff:02:94:ce | E36: 00135005FF0294CE | F36: 00L6aC3V02 | G36: Active | H36: Active | I36: L+G IEC U3350 3PH CT CONN LC | J36: S00237-05.05.R50 | K36: 44890 | L36: 5 | M36: 4 | N36: 33 | O36: 24306 | P36: 6-10 NANTILLA RD | Q36: CLAYTON | R36: 45124 | S36: 3190 | T36: 145.15086 | U36: -37.910726 | V36: =VLOOKUP(A:A,'BVT (50)'!A:A,1,0) -> #N/A
A37: 5010929 | B37: 6407621452 | C37: 40850049 | D37: 00:13:50:05:ff:02:94:de | E37: 00135005FF0294DE | F37: 00L6aC4V02 | G37: Active | H37: Active | I37: L+G IEC U3350 3PH CT CONN LC | J37: S00237-05.05.R50 | K37: 44890 | L37: 5 | M37: 4 | N37: 33 | O37: 24310 | P37: F 1 46 DANDENONG ST | Q37: DANDENONG | R37: 45428 | S37: 0 | T37: 145.19907 | U37: -37.995161 | V37: =VLOOKUP(A:A,'BVT (50)'!A:A,1,0) -> 5010929 | W37: BVT
A38: 5010971 | B38: 6407818242 | C38: 40545525 | D38: 00:13:50:05:ff:02:94:df | E38: 00135005FF0294DF | F38: 00L6aC4V02 | G38: Active | H38: Active | I38: L+G IEC U3350 3PH CT CONN LC | J38: S00237-05.05.R50 | K38: 44890 | L38: 5 | M38: 4 | N38: 33 | O38: 24310 | P38: 97R ROBINSONS RD | Q38: FRANKSTON | R38: 44957 | S38: 3170 | T38: 145.15825 | U38: -38.17553 | V38: =VLOOKUP(A:A,'BVT (50)'!A:A,1,0) -> 5010971 | W38: BVT
A39: 5010954 | B39: 6407387968 | C39: 40682630 | D39: 00:13:50:05:ff:02:94:f6 | E39: 00135005FF0294F6 | F39: 00L6aC3V02 | G39: Active | H39: Active | I39: L+G IEC U3350 3PH CT CONN LC | J39: S00237-05.05.R50 | K39: 44890 | L39: 5 | M39: 4 | N39: 33 | O39: 24306 | P39: 8 LEVANSWELL RD | Q39: MOORABBIN | R39: 44918 | S39: 3175 | T39: 145.06145 | U39: -37.944431 | V39: =VLOOKUP(A:A,'BVT (50)'!A:A,1,0) -> #N/A
A40: 5010944 | B40: VEEE0WMAB3 | C40: 41119926 | D40: 00:13:50:05:ff:02:94:fd | E40: 00135005FF0294FD | F40: C0ML0F3001 | G40: Active | H40: Active | I40: L+G IEC U3350 3PH CT CONN LC | J40: S00237-05.05.R50 | K40: 44890 | L40: 5 | M40: 4 | N40: 33 | O40: 28300 | P40: 21-31 Malcolm Road | Q40: Braeside | R40: 45826 | S40: 3190 | T40: 0 | U40: 0 | V40: =VLOOKUP(A:A,'BVT (50)'!A:A,1,0) -> #N/A
A41: 5010965 | B41: U317786679 | C41: U317786679 | D41: 00:13:50:05:ff:02:95:00 | E41: 00135005FF029500 | F41: 00L6aC3V02 | G41: Active | H41: Active | I41: L+G IEC U3350 3PH CT CONN LC | J41: S00237-05.05.R50 | K41: 44890 | L41: 5 | M41: 4 | N41: 33 | O41: 24306 | P41: 490 SOUTH ROAD | Q41: MOORABBIN | R41: 0 | S41: 3107 | T41: 145.05061 | U41: -37.937655 | V41: =VLOOKUP(A:A,'BVT (50)'!A:A,1,0) -> #N/A
A42: 5010930 | B42: 6408292767 | C42: 41110676 | D42: 00:13:50:05:ff:02:95:15 | E42: 00135005FF029515 | F42: C0ML0F3001 | G42: Active | H42: Active | I42: L+G IEC U3350 3PH CT CONN LC | J42: S00237-05.05.R50 | K42: 44890 | L42: 5 | M42: 4 | N42: 33 | O42: 28300 | P42: 1 32-60 LINTON STREET | Q42: MOORABBIN | R42: 45586 | S42: 0 | T42: 0 | U42: 0 | V42: =VLOOKUP(A:A,'BVT (50)'!A:A,1,0) -> #N/A
A43: 5010964 | B43: U317731749 | C43: U317731749 | D43: 00:13:50:05:ff:02:95:1b | E43: 00135005FF02951B | F43: 00L6aC3V02 | G43: Active | H43: Active | I43: L+G IEC U3350 3PH CT CONN LC | J43: S00237-05.05.R50 | K43: 44890 | L43: 5 | M43: 4 | N43: 33 | O43: 24306 | P43: 979 NEPEAN HIGHWAY | Q43: MOORABBIN | R43: 0 | S43: 3107 | T43: 145.03621 | U43: -37.933533 | V43: =VLOOKUP(A:A,'BVT (50)'!A:A,1,0) -> #N/A
A44: 5010970 | B44: 6407313302 | C44: 40556922 | D44: 00:13:50:05:ff:02:95:1f | E44: 00135005FF02951F | F44: 00L6aC3V02 | G44: Active | H44: Active | I44: L+G IEC U3350 3PH CT CONN LC | J44: S00237-05.05.R50 | K44: 44890 | L44: 5 | M44: 4 | N44: 33 | O44: 24306 | P44: 159 BURKE RD | Q44: GLEN IRIS | R44: 44980 | S44: 3170 | T44: 145.05019 | U44: -37.864247 | V44: =VLOOKUP(A:A,'BVT (50)'!A:A,1,0) -> #N/A
A45: 5010974 | B45: 6407671672 | C45: 40586544 | D45: 00:13:50:05:ff:02:95:23 | E45: 00135005FF029523 | F45: 00L6aC4V02 | G45: Active | H45: Active | I45: L+G IEC U3350 3PH CT CONN LC | J45: S00237-05.05.R50 | K45: 44890 | L45: 5 | M45: 4 | N45: 33 | O45: 24310 | P45: 4295 FRANKSTON-FLINDERS RD | Q45: SHOREHAM | R45: 44999 | S45: 3170 | T45: 145.03728 | U45: -38.447882 | V45: =VLOOKUP(A:A,'BVT (50)'!A:A,1,0) -> 5010974 | W45: BVT
A46: 5010937 | B46: 6407387689 | C46: 40699681 | D46: 00:13:50:05:ff:02:98:c4 | E46: 00135005FF0298C4 | F46: 00L6aC3V02 | G46: Active | H46: Active | I46: L+G IEC U3350 3PH CT CONN LC | J46: S00237-05.05.R50 | K46: 44890 | L46: 5 | M46: 4 | N46: 33 | O46: 24306 | P46: 5 LINTON ST | Q46: MOORABBIN | R46: 45033 | S46: 3190 | T46: 145.04258 | U46: -37.935936 | V46: =VLOOKUP(A:A,'BVT (50)'!A:A,1,0) -> #N/A
A47: 5010441 | B47: 6407496335 | C47: 41062564 | D47: 00:13:50:05:ff:36:1a:9b | E47: 00135005FF361A9B | F47: 00L6aC4V02 | G47: Active | H47: Active | I47: L+G IEC U3350 3PH CT CONN LC | J47: S00237-05.05.R50 | K47: 44772 | L47: 5 | M47: 4 | N47: 33 | O47: 24310 | P47: 12 LEONARD AVE | Q47: NOBLE PARK | R47: 44907 | S47: #N/A | T47: 145.17576 | U47: -37.968104 | V47: =VLOOKUP(A:A,'BVT (50)'!A:A,1,0) -> 5010441 | W47: BVT
A48: 5010439 | B48: 6408499686 | C48: 41120187 | D48: 00:13:50:05:ff:36:1a:bb | E48: 00135005FF361ABB | F48: C0ML0F3001 | G48: Active | H48: Active | I48: L+G IEC U3350 3PH CT CONN LC | J48: S00237-05.05.R50 | K48: 44772 | L48: 5 | M48: 4 | N48: 33 | O48: 28300 | P48: 579 Springvale Road | Q48: Mulgrave | R48: 45826 | S48: #N/A | T48: 0 | U48: 0 | V48: =VLOOKUP(A:A,'BVT (50)'!A:A,1,0) -> #N/A
A49: 5010430 | B49: 6408456752 | C49: 41057807 | D49: 00:13:50:05:ff:36:1c:96 | E49: 00135005FF361C96 | F49: 00L6aC3V02 | G49: Active | H49: Active | I49: L+G IEC U3350 3PH CT CONN LC | J49: S00237-05.05.R50 | K49: 44772 | L49: 5 | M49: 4 | N49: 33 | O49: 24902 | P49: 6-8 HIGH ST | Q49: SORRENTO | R49: 44916 | S49: #N/A | T49: 144.74322 | U49: -38.34464 | V49: =VLOOKUP(A:A,'BVT (50)'!A:A,1,0) -> #N/A
A50: 5010440 | B50: 6407170052 | C50: 41059953 | D50: 00:13:50:05:ff:39:bd:e3 | E50: 00135005FF39BDE3 | F50: 00L6aC3V02 | G50: Active | H50: Active | I50: L+G IEC U3350 3PH CT CONN LC | J50: S00237-05.05.R50 | K50: 44772 | L50: 5 | M50: 4 | N50: 33 | O50: 24306 | P50: 1 MAIN ST | Q50: BOX HILL | R50: 44847 | S50: #N/A | T50: 145.12231 | U50: -37.819645 | V50: =VLOOKUP(A:A,'BVT (50)'!A:A,1,0) -> #N/A
A51: 5010428 | B51: 6408186056 | C51: 40726373 | D51: 00:13:50:05:ff:39:be:34 | E51: 00135005FF39BE34 | F51: 00L6aC3V02 | G51: Active | H51: Active | I51: L+G IEC U3350 3PH CT CONN LC | J51: S00237-05.05.R50 | K51: 44772 | L51: 5 | M51: 4 | N51: 33 | O51: 24902 | P51: 1133 HEATHERTON RD | Q51: NOBLE PARK | R51: 44805 | S51: #N/A | T51: 145.17525 | U51: -37.965062 | V51: =VLOOKUP(A:A,'BVT (50)'!A:A,1,0) -> #N/A
A52: 5010435 | B52: 6408307409 | C52: 40810175 | D52: 00:13:50:05:ff:39:bf:c0 | E52: 00135005FF39BFC0 | F52: 00L6aC3V02 | G52: Active | H52: Active | I52: L+G IEC U3350 3PH CT CONN LC | J52: S00237-05.05.R50 | K52: 44772 | L52: 5 | M52: 4 | N52: 33 | O52: 24902 | P52: Portsea SL Cub 237 BACK BEACH RD | Q52: PORTSEA | R52: 44915 | S52: #N/A | T52: 144.70571 | U52: -38.334519 | V52: =VLOOKUP(A:A,'BVT (50)'!A:A,1,0) -> #N/A
A53: 5010427 | B53: 6408463233 | C53: 41062760 | D53: 00:13:50:05:ff:39:bf:dd | E53: 00135005FF39BFDD | F53: 00L6aC3V02 | G53: Active | H53: Active | I53: L+G IEC U3350 3PH CT CONN LC | J53: S00237-05.05.R50 | K53: 44772 | L53: 5 | M53: 4 | N53: 33 | O53: 24902 | P53: 27-29 CYBER LOOP | Q53: DANDENONG SOUTH | R53: 45000 | S53: #N/A | T53: 145.23577 | U53: -38.022371 | V53: =VLOOKUP(A:A,'BVT (50)'!A:A,1,0) -> #N/A
A54: 5010426 | B54: 6408456281 | C54: 41056806 | D54: 00:13:50:05:ff:39:bf:f2 | E54: 00135005FF39BFF2 | F54: 00L6aC3V02 | G54: Active | H54: Active | I54: L+G IEC U3350 3PH CT CONN LC | J54: S00237-05.05.R50 | K54: 44772 | L54: 5 | M54: 4 | N54: 33 | O54: 24306 | P54: 170 GRANGE RD | Q54: CARNEGIE | R54: 44917 | S54: #N/A | T54: 145.04711 | U54: -37.893706 | V54: =VLOOKUP(A:A,'BVT (50)'!A:A,1,0) -> #N/A
A55: 5010436 | B55: 6407389462 | C55: 40681313 | D55: 00:13:50:05:ff:39:c0:a7 | E55: 00135005FF39C0A7 | F55: 00L6aC3V02 | G55: Active | H55: Active | I55: L+G IEC U3350 3PH CT CONN LC | J55: S00237-05.05.R50 | K55: 44772 | L55: 5 | M55: 4 | N55: 33 | O55: 24902 | P55: Eagle Autoparts Pty Ltd 92 SOUTH GIPPSLAND HWY | Q55: DANDENONG SOUTH | R55: 44825 | S55: #N/A | T55: 145.22835 | U55: -38.008231 | V55: =VLOOKUP(A:A,'BVT (50)'!A:A,1,0) -> #N/A
A56: 5010433 | B56: 6408182233 | C56: 40724877 | D56: 00:13:50:05:ff:39:c0:d3 | E56: 00135005FF39C0D3 | F56: 00L6aC3V02 | G56: Active | H56: Active | I56: L+G IEC U3350 3PH CT CONN LC | J56: S00237-05.05.R50 | K56: 44772 | L56: 5 | M56: 4 | N56: 33 | O56: 24902 | P56: F 2A Unit 1-6 55-67 FRANKSTON-DANDENONG RD | Q56: DANDENONG SOUTH | R56: 44802 | S56: #N/A | T56: 145.21804 | U56: -38.00594 | V56: =VLOOKUP(A:A,'BVT (50)'!A:A,1,0) -> #N/A
A57: 5010438 | B57: 6408451489 | C57: 41052025 | D57: 00:13:50:05:ff:39:c0:dc | E57: 00135005FF39C0DC | F57: 00L6aC3V02 | G57: Active | H57: Active | I57: L+G IEC U3350 3PH CT CONN LC | J57: S00237-05.05.R50 | K57: 44772 | L57: 5 | M57: 4 | N57: 33 | O57: 24902 | P57: 1 LAUER RD | Q57: DONCASTER | R57: 44803 | S57: #N/A | T57: 145.13843 | U57: -37.786149 | V57: =VLOOKUP(A:A,'BVT (50)'!A:A,1,0) -> #N/A
A58: 5010429 | B58: 6407650640 | C58: 41049283 | D58: 00:13:50:05:ff:39:c3:1b | E58: 00135005FF39C31B | F58: 00L6aC3V02 | G58: Active | H58: Active | I58: L+G IEC U3350 3PH CT CONN LC | J58: S00237-05.05.R50 | K58: 44772 | L58: 5 | M58: 4 | N58: 33 | O58: 24902 | P58: 16-18 FULTON ST | Q58: OAKLEIGH SOUTH | R58: 44805 | S58: #N/A | T58: 145.10963 | U58: -37.913542 | V58: =VLOOKUP(A:A,'BVT (50)'!A:A,1,0) -> #N/A
A59: 5010442 | B59: 6408499686 | C59: 41120188 | D59: 00:13:50:05:ff:39:c3:2f | E59: 00135005FF39C32F | F59: C0ML0F3001 | G59: Active | H59: Active | I59: L+G IEC U3350 3PH CT CONN LC | J59: S00237-05.05.R50 | K59: 44772 | L59: 5 | M59: 4 | N59: 33 | O59: 28300 | P59: 579 Springvale Road | Q59: Mulgrave | R59: 45826 | S59: #N/A | T59: 0 | U59: 0 | V59: =VLOOKUP(A:A,'BVT (50)'!A:A,1,0) -> #N/A
A60: 5014365 | B60: U317425828 | C60: U317425828 | D60: 00:13:50:05:ff:4d:a8:e5 | E60: 00135005FF4DA8E5 | F60: 00L6aC3V02 | G60: Active | H60: Active | I60: L+G IEC U3350 3PH CT CONN LC | J60: S00237-05.05.R50 | K60: 44912 | L60: 5 | M60: 4 | N60: 33 | O60: 24306 | P60: 9 CAPITAL DRIVE | Q60: DANDENONG SOUTH | R60: 0 | S60: 3939 | T60: 145.22294 | U60: -38.017571 | V60: =VLOOKUP(A:A,'BVT (50)'!A:A,1,0) -> #N/A
A61: 5014159 | B61: U31E0DYEVS | C61: U31E0DYEVS | D61: 00:13:50:05:ff:4d:a8:ee | E61: 00135005FF4DA8EE | F61: 00L6aC3V02 | G61: Active | H61: Active | I61: L+G IEC U3350 3PH CT CONN LC | J61: S00237-05.05.R50 | K61: 44910 | L61: 5 | M61: 4 | N61: 33 | O61: 24306 | P61: 15 LANGHORNE STREET | Q61: DANDENONG | R61: 0 | S61: 3170 | T61: 145.21524 | U61: -37.987178 | V61: =VLOOKUP(A:A,'BVT (50)'!A:A,1,0) -> #N/A
A62: 5014512 | B62: U317413618 | C62: U317413618 | D62: 00:13:50:05:ff:4d:a8:f4 | E62: 00135005FF4DA8F4 | F62: 00L6aC3V02 | G62: Active | H62: Active | I62: L+G IEC U3350 3PH CT CONN LC | J62: S00237-05.05.R50 | K62: 44914 | L62: 5 | M62: 4 | N62: 33 | O62: 24306 | P62: 18 AIRLIE AVENUE | Q62: DANDENONG | R62: 0 | S62: 3939 | T62: 145.20363 | U62: -37.972224 | V62: =VLOOKUP(A:A,'BVT (50)'!A:A,1,0) -> #N/A
A63: 5014474 | B63: U317736988 | C63: U317736988 | D63: 00:13:50:05:ff:4d:a8:f5 | E63: 00135005FF4DA8F5 | F63: 00L6aC3V02 | G63: Active | H63: Active | I63: L+G IEC U3350 3PH CT CONN LC | J63: S00237-05.05.R50 | K63: 44912 | L63: 5 | M63: 4 | N63: 33 | O63: 24306 | P63: 2 155 ABBOTTS ROAD | Q63: DANDENONG SOUTH | R63: 0 | S63: 3939 | T63: 0 | U63: 0 | V63: =VLOOKUP(A:A,'BVT (50)'!A:A,1,0) -> #N/A
A64: 5014296 | B64: 6407564518 | C64: 40679387 | D64: 00:13:50:05:ff:4d:a8:f7 | E64: 00135005FF4DA8F7 | F64: 00L6aC3V02 | G64: Active | H64: Active | I64: L+G IEC U3350 3PH CT CONN LC | J64: S00237-05.05.R50 | K64: 44911 | L64: 5 | M64: 4 | N64: 33 | O64: 24306 | P64: 18 LOCHIEL AVE | Q64: MOUNT MARTHA | R64: 44971 | S64: 3939 | T64: 145.01316 | U64: -38.267589 | V64: =VLOOKUP(A:A,'BVT (50)'!A:A,1,0) -> #N/A
A65: 5014315 | B65: U317741993 | C65: U317741993 | D65: 00:13:50:05:ff:4d:a8:f8 | E65: 00135005FF4DA8F8 | F65: 00L6aC3V02 | G65: Active | H65: Active | I65: L+G IEC U3350 3PH CT CONN LC | J65: S00237-05.05.R50 | K65: 44911 | L65: 5 | M65: 4 | N65: 33 | O65: 24306 | P65: 43 LETCON DRIVE | Q65: BANGHOLME | R65: 0 | S65: 3939 | T65: 145.19334 | U65: -38.039472 | V65: =VLOOKUP(A:A,'BVT (50)'!A:A,1,0) -> #N/A
A66: 5014328 | B66: U317795534 | C66: U317795534 | D66: 00:13:50:05:ff:4d:a8:fa | E66: 00135005FF4DA8FA | F66: 00L6aC3V02 | G66: Active | H66: Active | I66: L+G IEC U3350 3PH CT CONN LC | J66: S00237-05.05.R50 | K66: 44911 | L66: 5 | M66: 4 | N66: 33 | O66: 24306 | P66: 370 HAMMOND ROAD | Q66: DANDENONG SOUTH | R66: 0 | S66: 3939 | T66: 145.20196 | U66: -38.029813 | V66: =VLOOKUP(A:A,'BVT (50)'!A:A,1,0) -> #N/A
A67: 5014336 | B67: U317735294 | C67: U317735294 | D67: 00:13:50:05:ff:4d:a8:fb | E67: 00135005FF4DA8FB | F67: 00L6aC3V02 | G67: Active | H67: Active | I67: L+G IEC U3350 3PH CT CONN LC | J67: S00237-05.05.R50 | K67: 44911 | L67: 5 | M67: 4 | N67: 33 | O67: 24306 | P67: FY 61 HALLAM VALLEY ROAD | Q67: DANDENONG SOUTH | R67: 0 | S67: 3939 | T67: 145.23689 | U67: -38.013209 | V67: =VLOOKUP(A:A,'BVT (50)'!A:A,1,0) -> #N/A
A68: 5014369 | B68: 6408482020 | C68: 41079247 | D68: 00:13:50:05:ff:4d:a8:fc | E68: 00135005FF4DA8FC | F68: 00L6aC3V02 | G68: Active | H68: Active | I68: L+G IEC U3350 3PH CT CONN LC | J68: S00237-05.05.R50 | K68: 44912 | L68: 5 | M68: 4 | N68: 33 | O68: 24306 | P68: NANCY1B 695 WARRIGAL RD | Q68: CHADSTONE | R68: 45239 | S68: 3939 | T68: 145.09299 | U68: -37.878579 | V68: =VLOOKUP(A:A,'BVT (50)'!A:A,1,0) -> #N/A
A69: 5014513 | B69: U317389585 | C69: U317389585 | D69: 00:13:50:05:ff:4d:a8:ff | E69: 00135005FF4DA8FF | F69: 00L6aC3V02 | G69: Active | H69: Active | I69: L+G IEC U3350 3PH CT CONN LC | J69: S00237-05.05.R50 | K69: 44914 | L69: 5 | M69: 4 | N69: 33 | O69: 24306 | P69: 1 AMBERLEY CRESCENT | Q69: DANDENONG SOUTH | R69: 0 | S69: 3939 | T69: 145.21734 | U69: -38.002061 | V69: =VLOOKUP(A:A,'BVT (50)'!A:A,1,0) -> #N/A
A70: 5014518 | B70: 6408483440 | C70: 41080657 | D70: 00:13:50:05:ff:4d:a9:02 | E70: 00135005FF4DA902 | F70: 00L6aC3V02 | G70: Active | H70: Active | I70: L+G IEC U3350 3PH CT CONN LC | J70: S00237-05.05.R50 | K70: 44914 | L70: 5 | M70: 4 | N70: 33 | O70: 24306 | P70: 93 OUTER CRES | Q70: BRIGHTON | R70: 45219 | S70: 3939 | T70: 144.99425 | U70: -37.909923 | V70: =VLOOKUP(A:A,'BVT (50)'!A:A,1,0) -> #N/A
A71: 5014359 | B71: U317401008 | C71: U317401008 | D71: 00:13:50:05:ff:4d:a9:03 | E71: 00135005FF4DA903 | F71: 00L6aC3V02 | G71: Active | H71: Active | I71: L+G IEC U3350 3PH CT CONN LC | J71: S00237-05.05.R50 | K71: 44912 | L71: 5 | M71: 4 | N71: 33 | O71: 24306 | P71: 26 CAHILL STREET | Q71: DANDENONG SOUTH | R71: 0 | S71: 3939 | T71: 145.19818 | U71: -38.02675 | V71: =VLOOKUP(A:A,'BVT (50)'!A:A,1,0) -> #N/A
A72: 5014401 | B72: U31E0WTCQC | C72: U31E0WTCQC | D72: 00:13:50:05:ff:4d:a9:05 | E72: 00135005FF4DA905 | F72: 00L6aC3V02 | G72: Active | H72: Active | I72: L+G IEC U3350 3PH CT CONN LC | J72: S00237-05.05.R50 | K72: 44912 | L72: 5 | M72: 4 | N72: 33 | O72: 24306 | P72: 13 HEALEY ROAD | Q72: DANDENONG SOUTH | R72: 0 | S72: 3939 | T72: 145.2209 | U72: -38.029379 | V72: =VLOOKUP(A:A,'BVT (50)'!A:A,1,0) -> #N/A
A73: 5014308 | B73: U31E06FC9E | C73: U31E06FC9E | D73: 00:13:50:05:ff:4d:a9:07 | E73: 00135005FF4DA907 | F73: 00L6aC3V02 | G73: Active | H73: Active | I73: L+G IEC U3350 3PH CT CONN LC | J73: S00237-05.05.R50 | K73: 44912 | L73: 5 | M73: 4 | N73: 33 | O73: 24306 | P73: 23 HEALEY ROAD | Q73: DANDENONG SOUTH | R73: 0 | S73: 3939 | T73: 145.2245 | U73: -38.02983 | V73: =VLOOKUP(A:A,'BVT (50)'!A:A,1,0) -> #N/A
A74: 5014286 | B74: 6408473385 | C74: 41073656 | D74: 00:13:50:05:ff:4d:a9:08 | E74: 00135005FF4DA908 | F74: 00L6aC3V02 | G74: Active | H74: Active | I74: L+G IEC U3350 3PH CT CONN LC | J74: S00237-05.05.R50 | K74: 44911 | L74: 5 | M74: 4 | N74: 33 | O74: 24306 | P74: 66-68 BLACK ST | Q74: BRIGHTON | R74: 45108 | S74: 3939 | T74: 144.99961 | U74: -37.916566 | V74: =VLOOKUP(A:A,'BVT (50)'!A:A,1,0) -> #N/A
A75: 5014460 | B75: U31E0E9829 | C75: U31E0E9829 | D75: 00:13:50:05:ff:4d:a9:0e | E75: 00135005FF4DA90E | F75: 00L6aC3V02 | G75: Active | H75: Active | I75: L+G IEC U3350 3PH CT CONN LC | J75: S00237-05.05.R50 | K75: 44912 | L75: 5 | M75: 4 | N75: 33 | O75: 24306 | P75: 222 FRANKSTON-DANDENONG ROAD | Q75: DANDENONG SOUTH | R75: 0 | S75: 3939 | T75: 145.2132 | U75: -38.022567 | V75: =VLOOKUP(A:A,'BVT (50)'!A:A,1,0) -> #N/A
A76: 5014358 | B76: U317732330 | C76: U317732330 | D76: 00:13:50:05:ff:4d:a9:15 | E76: 00135005FF4DA915 | F76: 00L6aC3V02 | G76: Active | H76: Active | I76: L+G IEC U3350 3PH CT CONN LC | J76: S00237-05.05.R50 | K76: 44912 | L76: 5 | M76: 4 | N76: 33 | O76: 24306 | P76: 33 KILKENNY COURT | Q76: DANDENONG SOUTH | R76: 0 | S76: 3939 | T76: 145.20103 | U76: -38.019108 | V76: =VLOOKUP(A:A,'BVT (50)'!A:A,1,0) -> #N/A
A77: 5014381 | B77: U31E0YZ6CG | C77: U31E0YZ6CG | D77: 00:13:50:05:ff:4d:a9:16 | E77: 00135005FF4DA916 | F77: 00L6aC3V02 | G77: Active | H77: Active | I77: L+G IEC U3350 3PH CT CONN LC | J77: S00237-05.05.R50 | K77: 44912 | L77: 5 | M77: 4 | N77: 33 | O77: 24306 | P77: 8 FOWLER ROAD | Q77: DANDENONG SOUTH | R77: 0 | S77: 3939 | T77: 145.2295 | U77: -38.004819 | V77: =VLOOKUP(A:A,'BVT (50)'!A:A,1,0) -> #N/A
A78: 5014378 | B78: U318089359 | C78: U318089359 | D78: 00:13:50:05:ff:4d:a9:18 | E78: 00135005FF4DA918 | F78: 00L6aC3V02 | G78: Active | H78: Active | I78: L+G IEC U3350 3PH CT CONN LC | J78: S00237-05.05.R50 | K78: 44912 | L78: 5 | M78: 4 | N78: 33 | O78: 24306 | P78: 129 CHELTENHAM ROAD | Q78: DANDENONG | R78: 0 | S78: 3939 | T78: 145.19662 | U78: -37.990654 | V78: =VLOOKUP(A:A,'BVT (50)'!A:A,1,0) -> #N/A
A79: 5014352 | B79: U317733330 | C79: U317733330 | D79: 00:13:50:05:ff:4d:a9:19 | E79: 00135005FF4DA919 | F79: 00L6aC3V02 | G79: Active | H79: Active | I79: L+G IEC U3350 3PH CT CONN LC | J79: S00237-05.05.R50 | K79: 44912 | L79: 5 | M79: 4 | N79: 33 | O79: 24306 | P79: 226 LONSDALE STREET | Q79: DANDENONG | R79: 0 | S79: 3939 | T79: 145.21491 | U79: -37.987745 | V79: =VLOOKUP(A:A,'BVT (50)'!A:A,1,0) -> #N/A
A80: 5014386 | B80: 6407810949 | C80: 40681467 | D80: 00:13:50:05:ff:4d:a9:1a | E80: 00135005FF4DA91A | F80: 00L6aC4V02 | G80: Active | H80: Active | I80: L+G IEC U3350 3PH CT CONN LC | J80: S00237-05.05.R50 | K80: 44912 | L80: 5 | M80: 4 | N80: 33 | O80: 24310 | P80: 24 MCDONALDS LANE | Q80: MULGRAVE | R80: 45259 | S80: 3939 | T80: 145.1561 | U80: -37.90873 | V80: =VLOOKUP(A:A,'BVT (50)'!A:A,1,0) -> 5014386 | W80: BVT
A81: 5014488 | B81: U31E0955BV | C81: U31E0955BV | D81: 00:13:50:05:ff:4d:a9:24 | E81: 00135005FF4DA924 | F81: 00L6aC3V02 | G81: Active | H81: Active | I81: L+G IEC U3350 3PH CT CONN LC | J81: S00237-05.05.R50 | K81: 44914 | L81: 5 | M81: 4 | N81: 33 | O81: 24306 | P81: 10 CAHILL STREET | Q81: DANDENONG SOUTH | R81: 0 | S81: 3939 | T81: 145.20123 | U81: -38.027077 | V81: =VLOOKUP(A:A,'BVT (50)'!A:A,1,0) -> #N/A
A82: 5014154 | B82: U317417987 | C82: U317417987 | D82: 00:13:50:05:ff:4d:a9:4c | E82: 00135005FF4DA94C | F82: 00L6aC3V02 | G82: Active | H82: Active | I82: L+G IEC U3350 3PH CT CONN LC | J82: S00237-05.05.R50 | K82: 44910 | L82: 5 | M82: 4 | N82: 33 | O82: 24306 | P82: 82 STUD ROAD | Q82: DANDENONG | R82: 0 | S82: 3170 | T82: 145.22273 | U82: -37.977389 | V82: =VLOOKUP(A:A,'BVT (50)'!A:A,1,0) -> #N/A
A83: 5014221 | B83: U317735741 | C83: U317735741 | D83: 00:13:50:05:ff:4d:a9:4e | E83: 00135005FF4DA94E | F83: 00L6aC3V02 | G83: Active | H83: Active | I83: L+G IEC U3350 3PH CT CONN LC | J83: S00237-05.05.R50 | K83: 44910 | L83: 5 | M83: 4 | N83: 33 | O83: 24306 | P83: 61A PRINCES HIGHWAY | Q83: DANDENONG | R83: 0 | S83: 0 | T83: 145.20939 | U83: -37.981058 | V83: =VLOOKUP(A:A,'BVT (50)'!A:A,1,0) -> #N/A
A84: 5014205 | B84: 6408270176 | C84: 40781921 | D84: 00:13:50:05:ff:4d:a9:4f | E84: 00135005FF4DA94F | F84: 00L6aC3V02 | G84: Active | H84: Active | I84: L+G IEC U3350 3PH CT CONN LC | J84: S00237-05.05.R50 | K84: 44910 | L84: 5 | M84: 4 | N84: 33 | O84: 24306 | P84: 19 IRVING AVE | Q84: BOX HILL | R84: 45086 | S84: 3170 | T84: 145.12123 | U84: -37.815909 | V84: =VLOOKUP(A:A,'BVT (50)'!A:A,1,0) -> #N/A
A85: 5014305 | B85: U31E0K01MM | C85: U31E0K01MM | D85: 00:13:50:05:ff:4d:a9:54 | E85: 00135005FF4DA954 | F85: 00L6aC3V02 | G85: Active | H85: Active | I85: L+G IEC U3350 3PH CT CONN LC | J85: S00237-05.05.R50 | K85: 44911 | L85: 5 | M85: 4 | N85: 33 | O85: 24306 | P85: 88 NATHAN ROAD | Q85: DANDENONG SOUTH | R85: 0 | S85: 3939 | T85: 145.24173 | U85: -38.011399 | V85: =VLOOKUP(A:A,'BVT (50)'!A:A,1,0) -> #N/A
A86: 5014273 | B86: 6407457147 | C86: 40742536 | D86: 00:13:50:05:ff:4d:a9:55 | E86: 00135005FF4DA955 | F86: 00L6aC3V02 | G86: Active | H86: Active | I86: L+G IEC U3350 3PH CT CONN LC | J86: S00237-05.05.R50 | K86: 44911 | L86: 5 | M86: 4 | N86: 33 | O86: 24306 | P86: 22-4 LIONEL RD | Q86: MOUNT WAVERLEY | R86: 45133 | S86: 3939 | T86: 145.14064 | U86: -37.898882 | V86: =VLOOKUP(A:A,'Pilot (10)'!A:A,1,0) -> 5014273 | W86: PILOT
A87: 5014504 | B87: 6408316930 | C87: 40821262 | D87: 00:13:50:05:ff:4d:a9:56 | E87: 00135005FF4DA956 | F87: 00L6aC4V02 | G87: Active | H87: Active | I87: L+G IEC U3350 3PH CT CONN LC | J87: S00237-05.05.R50 | K87: 44914 | L87: 5 | M87: 4 | N87: 33 | O87: 24310 | P87: F 26 125 ROOKS RD | Q87: NUNAWADING | R87: 45161 | S87: 3939 | T87: 145.18742 | U87: -37.830199 | V87: =VLOOKUP(A:A,'BVT (50)'!A:A,1,0) -> 5014504 | W87: BVT
A88: 5014206 | B88: 6408450110 | C88: 41050314 | D88: 00:13:50:05:ff:4d:a9:5d | E88: 00135005FF4DA95D | F88: 00L6aC3V02 | G88: Active | H88: Active | I88: L+G IEC U3350 3PH CT CONN LC | J88: S00237-05.05.R50 | K88: 44910 | L88: 5 | M88: 4 | N88: 33 | O88: 24306 | P88: 70-72 TRAM RD | Q88: DONCASTER | R88: 45084 | S88: 3170 | T88: 145.12573 | U88: -37.790771 | V88: =VLOOKUP(A:A,'BVT (50)'!A:A,1,0) -> #N/A
A89: 5014222 | B89: U318182013 | C89: U318182013 | D89: 00:13:50:05:ff:4d:a9:5e | E89: 00135005FF4DA95E | F89: 00L6aC3V02 | G89: Active | H89: Active | I89: L+G IEC U3350 3PH CT CONN LC | J89: S00237-05.05.R50 | K89: 44910 | L89: 5 | M89: 4 | N89: 33 | O89: 24306 | P89: 790 FRANKSTON-DANDENONG ROAD | Q89: DANDENONG SOUTH | R89: 0 | S89: 0 | T89: 145.19837 | U89: -38.066063 | V89: =VLOOKUP(A:A,'BVT (50)'!A:A,1,0) -> #N/A
A90: 5014345 | B90: 6407427898 | C90: 40682923 | D90: 00:13:50:05:ff:4d:a9:5f | E90: 00135005FF4DA95F | F90: 00L6aC3V02 | G90: Active | H90: Active | I90: L+G IEC U3350 3PH CT CONN LC | J90: S00237-05.05.R50 | K90: 44912 | L90: 5 | M90: 4 | N90: 33 | O90: 24306 | P90: 10 HALL ST | Q90: BRAESIDE | R90: 45244 | S90: 3939 | T90: 145.10851 | U90: -37.992293 | V90: =VLOOKUP(A:A,'BVT (50)'!A:A,1,0) -> #N/A
A91: 5014494 | B91: 6407535122 | C91: 40747333 | D91: 00:13:50:05:ff:4d:a9:62 | E91: 00135005FF4DA962 | F91: 00L6aC3V02 | G91: Active | H91: Active | I91: L+G IEC U3350 3PH CT CONN LC | J91: S00237-05.05.R50 | K91: 44914 | L91: 5 | M91: 4 | N91: 33 | O91: 24306 | P91: 50R RAILWAY PDE | Q91: SEAFORD | R91: 45252 | S91: 3939 | T91: 145.12893 | U91: -38.101966 | V91: =VLOOKUP(A:A,'BVT (50)'!A:A,1,0) -> #N/A
A92: 5014390 | B92: U318300936 | C92: U318300936 | D92: 00:13:50:05:ff:4d:a9:68 | E92: 00135005FF4DA968 | F92: 00L6aC3V02 | G92: Active | H92: Active | I92: L+G IEC U3350 3PH CT CONN LC | J92: S00237-05.05.R50 | K92: 44912 | L92: 5 | M92: 4 | N92: 33 | O92: 24306 | P92: 41 IMAGINE WAY | Q92: DANDENONG SOUTH | R92: 0 | S92: 3939 | T92: 145.21022 | U92: -38.049445 | V92: =VLOOKUP(A:A,'BVT (50)'!A:A,1,0) -> #N/A
A93: 5014480 | B93: 6407724907 | C93: 41121870 | D93: 00:13:50:05:ff:4d:a9:69 | E93: 00135005FF4DA969 | F93: C0ML0F3001 | G93: Active | H93: Active | I93: L+G IEC U3350 3PH CT CONN LC | J93: S00237-05.05.R50 | K93: 44914 | L93: 5 | M93: 4 | N93: 33 | O93: 28300 | P93: HOSP 105 David Stre | Q93: Dandenong | R93: 45903 | S93: 3939 | T93: 0 | U93: 0 | V93: =VLOOKUP(A:A,'BVT (50)'!A:A,1,0) -> #N/A
A94: 5014150 | B94: U317717147 | C94: U317717147 | D94: 00:13:50:05:ff:4d:a9:6a | E94: 00135005FF4DA96A | F94: 00L6aC3V02 | G94: Active | H94: Active | I94: L+G IEC U3350 3PH CT CONN LC | J94: S00237-05.05.R50 | K94: 44910 | L94: 5 | M94: 4 | N94: 33 | O94: 24306 | P94: 43 PRINCES HIGHWAY | Q94: DANDENONG SOUTH | R94: 0 | S94: 3170 | T94: 145.23882 | U94: -38.00508 | V94: =VLOOKUP(A:A,'BVT (50)'!A:A,1,0) -> #N/A
A95: 5014412 | B95: U317426202 | C95: U317426202 | D95: 00:13:50:05:ff:4d:a9:77 | E95: 00135005FF4DA977 | F95: 00L6aC3V02 | G95: Active | H95: Active | I95: L+G IEC U3350 3PH CT CONN LC | J95: S00237-05.05.R50 | K95: 44912 | L95: 5 | M95: 4 | N95: 33 | O95: 24306 | P95: 3/33 ELLIOTT ROAD | Q95: DANDENONG SOUTH | R95: 0 | S95: 3939 | T95: 145.20872 | U95: -38.022968 | V95: =VLOOKUP(A:A,'BVT (50)'!A:A,1,0) -> #N/A
A96: 5014168 | B96: VEEE0WMAB3 | C96: 41119934 | D96: 00:13:50:05:ff:4d:a9:7b | E96: 00135005FF4DA97B | F96: C0ML0F3001 | G96: Active | H96: Active | I96: L+G IEC U3350 3PH CT CONN LC | J96: S00237-05.05.R50 | K96: 44910 | L96: 5 | M96: 4 | N96: 33 | O96: 28300 | P96: 21-31 Malcolm Road | Q96: Braeside | R96: 45826 | S96: 3170 | T96: 0 | U96: 0 | V96: =VLOOKUP(A:A,'BVT (50)'!A:A,1,0) -> #N/A
A97: 5014219 | B97: 6407206065 | C97: 40734993 | D97: 00:13:50:05:ff:4d:a9:80 | E97: 00135005FF4DA980 | F97: 00L6aC3V02 | G97: Active | H97: Active | I97: L+G IEC U3350 3PH CT CONN LC | J97: S00237-05.05.R50 | K97: 44910 | L97: 5 | M97: 4 | N97: 33 | O97: 24306 | P97: PORTER ST | Q97: TEMPLESTOWE | R97: 45061 | S97: 0 | T97: 145.15425 | U97: -37.754487 | V97: =VLOOKUP(A:A,'BVT (50)'!A:A,1,0) -> #N/A
A98: 5014520 | B98: 6408486548 | C98: 41082087 | D98: 00:13:50:05:ff:4d:a9:96 | E98: 00135005FF4DA996 | F98: 00L6aC3V02 | G98: Active | H98: Active | I98: L+G IEC U3350 3PH CT CONN LC | J98: S00237-05.05.R50 | K98: 44914 | L98: 5 | M98: 4 | N98: 33 | O98: 24306 | P98: 37 MCCOMBE ST | Q98: ROSEBUD | R98: 45210 | S98: 3939 | T98: 144.8913 | U98: -38.360187 | V98: =VLOOKUP(A:A,'BVT (50)'!A:A,1,0) -> #N/A
A99: 5014514 | B99: U317720958 | C99: U317720958 | D99: 00:13:50:05:ff:4d:a9:97 | E99: 00135005FF4DA997 | F99: 00L6aC3V02 | G99: Active | H99: Active | I99: L+G IEC U3350 3PH CT CONN LC | J99: S00237-05.05.R50 | K99: 44914 | L99: 5 | M99: 4 | N99: 33 | O99: 24306 | P99: 43 PRINCES HIGHWAY | Q99: DANDENONG SOUTH | R99: 0 | S99: 3939 | T99: 145.23898 | U99: -38.003116 | V99: =VLOOKUP(A:A,'BVT (50)'!A:A,1,0) -> #N/A
A100: 5014507 | B100: U31E0MSQ64 | C100: U31E0MSQ64 | D100: 00:13:50:05:ff:4d:a9:98 | E100: 00135005FF4DA998 | F100: 00L6aC3V02 | G100: Active | H100: Active | I100: L+G IEC U3350 3PH CT CONN LC | J100: S00237-05.05.R50 | K100: 44914 | L100: 5 | M100: 4 | N100: 33 | O100: 24306 | P100: 38 CAHILL STREET | Q100: DANDENONG SOUTH | R100: 0 | S100: 3939 | T100: 145.19533 | U100: -38.026594 | V100: =VLOOKUP(A:A,'BVT (50)'!A:A,1,0) -> #N/A
...

Sheet Pilot (10)
J1: Pre Upgrade | O1: Post Upgrade
A2: Device_Util_ID | B2: Stage | C2: MAC Address | D2: Meter Subtype | E2: Device_Status | F2: Device_Operational_Status | G2: NIC_SW_Ver_No | H2: NIC_SW_Rev_No | I2: NIC_SW_Patch_No | J2: Device_SW_Ver_No | K2: Meter_Program_ID | L2: Meter_Form_Type | M2: Tariff_Id | N2: Pre Upgrade Interval reads | O2: Device_SW_Ver_No | P2: Meter_Program_ID | Q2: Meter_Form_Type | R2: Tariff_Id | S2: Post Upgrade Interval reads
A3: 5010963 | B3: Pilot - 15/04/2026 | C3: =VLOOKUP(A:A,'UE Full List (534)'!A:D,4,0) -> 00:13:50:05:ff:02:94:86 | D3: =VLOOKUP(A:A,'UE Full List (534)'!A:I,9,0) -> L+G IEC U3350 3PH CT CONN LC | E3: =VLOOKUP(A:A,'UE Full List (534)'!A:G,7,0) -> Active | F3: =VLOOKUP(A:A,'UE Full List (534)'!A:H,8,0) -> Active | G3: =VLOOKUP(A:A,'UE Full List (534)'!A:L,12,0) -> 5 | H3: =VLOOKUP(A:A,'UE Full List (534)'!A:M,13,0) -> 4 | I3: =VLOOKUP(A:A,'UE Full List (534)'!A:N,14,0) -> 33 | J3: =VLOOKUP(A:A,'UE Full List (534)'!A:J,10,0) -> S00237-05.05.R50 | K3: =VLOOKUP(A:A,'UE Full List (534)'!A:O,15,0) -> 24310 | L3: =D3 -> L+G IEC U3350 3PH CT CONN LC | M3: =VLOOKUP(A:A,'UE Full List (534)'!A:F,6,0) -> 00L6aC4V02 | N3: Successful | O3: 6.2.R62 | P3: 24310 | Q3: L+G IEC U3350 3PH CT CONN LC | R3: 00L6aC4V02 | S3: Successful
A4: 5014273 | B4: Pilot - 15/04/2026 | C4: =VLOOKUP(A:A,'UE Full List (534)'!A:D,4,0) -> 00:13:50:05:ff:4d:a9:55 | D4: =VLOOKUP(A:A,'UE Full List (534)'!A:I,9,0) -> L+G IEC U3350 3PH CT CONN LC | E4: =VLOOKUP(A:A,'UE Full List (534)'!A:G,7,0) -> Active | F4: =VLOOKUP(A:A,'UE Full List (534)'!A:H,8,0) -> Active | G4: =VLOOKUP(A:A,'UE Full List (534)'!A:L,12,0) -> 5 | H4: =VLOOKUP(A:A,'UE Full List (534)'!A:M,13,0) -> 4 | I4: =VLOOKUP(A:A,'UE Full List (534)'!A:N,14,0) -> 33 | J4: =VLOOKUP(A:A,'UE Full List (534)'!A:J,10,0) -> S00237-05.05.R50 | K4: =VLOOKUP(A:A,'UE Full List (534)'!A:O,15,0) -> 24306 | L4: =D4 -> L+G IEC U3350 3PH CT CONN LC | M4: =VLOOKUP(A:A,'UE Full List (534)'!A:F,6,0) -> 00L6aC3V02 | N4: Successful | O4: 6.2.R62 | P4: 24306 | Q4: L+G IEC U3350 3PH CT CONN LC | R4: 00L6aC3V02 | S4: Successful
A5: 5014284 | B5: Pilot - 15/04/2026 | C5: =VLOOKUP(A:A,'UE Full List (534)'!A:D,4,0) -> 00:13:50:05:ff:4d:a9:b7 | D5: =VLOOKUP(A:A,'UE Full List (534)'!A:I,9,0) -> L+G IEC U3350 3PH CT CONN LC | E5: =VLOOKUP(A:A,'UE Full List (534)'!A:G,7,0) -> Active | F5: =VLOOKUP(A:A,'UE Full List (534)'!A:H,8,0) -> Active | G5: =VLOOKUP(A:A,'UE Full List (534)'!A:L,12,0) -> 5 | H5: =VLOOKUP(A:A,'UE Full List (534)'!A:M,13,0) -> 4 | I5: =VLOOKUP(A:A,'UE Full List (534)'!A:N,14,0) -> 33 | J5: =VLOOKUP(A:A,'UE Full List (534)'!A:J,10,0) -> S00237-05.05.R50 | K5: =VLOOKUP(A:A,'UE Full List (534)'!A:O,15,0) -> 24306 | L5: =D5 -> L+G IEC U3350 3PH CT CONN LC | M5: =VLOOKUP(A:A,'UE Full List (534)'!A:F,6,0) -> 00L6aC3V02 | N5: Successful | O5: 6.2.R62 | P5: 24306 | Q5: L+G IEC U3350 3PH CT CONN LC | R5: 00L6aC3V02 | S5: Successful
A6: 5014281 | B6: Pilot - 15/04/2026 | C6: =VLOOKUP(A:A,'UE Full List (534)'!A:D,4,0) -> 00:13:50:05:ff:4d:aa:8f | D6: =VLOOKUP(A:A,'UE Full List (534)'!A:I,9,0) -> L+G IEC U3350 3PH CT CONN LC | E6: =VLOOKUP(A:A,'UE Full List (534)'!A:G,7,0) -> Active | F6: =VLOOKUP(A:A,'UE Full List (534)'!A:H,8,0) -> Active | G6: =VLOOKUP(A:A,'UE Full List (534)'!A:L,12,0) -> 5 | H6: =VLOOKUP(A:A,'UE Full List (534)'!A:M,13,0) -> 4 | I6: =VLOOKUP(A:A,'UE Full List (534)'!A:N,14,0) -> 33 | J6: =VLOOKUP(A:A,'UE Full List (534)'!A:J,10,0) -> S00237-05.05.R50 | K6: =VLOOKUP(A:A,'UE Full List (534)'!A:O,15,0) -> 24306 | L6: =D6 -> L+G IEC U3350 3PH CT CONN LC | M6: =VLOOKUP(A:A,'UE Full List (534)'!A:F,6,0) -> 00L6aC3V02 | N6: Successful | O6: 6.2.R62 | P6: 24306 | Q6: L+G IEC U3350 3PH CT CONN LC | R6: 00L6aC3V02 | S6: Successful
A7: 5014271 | B7: Pilot - 15/04/2026 | C7: =VLOOKUP(A:A,'UE Full List (534)'!A:D,4,0) -> 00:13:50:05:ff:4d:aa:9d | D7: =VLOOKUP(A:A,'UE Full List (534)'!A:I,9,0) -> L+G IEC U3350 3PH CT CONN LC | E7: =VLOOKUP(A:A,'UE Full List (534)'!A:G,7,0) -> Active | F7: =VLOOKUP(A:A,'UE Full List (534)'!A:H,8,0) -> Active | G7: =VLOOKUP(A:A,'UE Full List (534)'!A:L,12,0) -> 5 | H7: =VLOOKUP(A:A,'UE Full List (534)'!A:M,13,0) -> 4 | I7: =VLOOKUP(A:A,'UE Full List (534)'!A:N,14,0) -> 33 | J7: =VLOOKUP(A:A,'UE Full List (534)'!A:J,10,0) -> S00237-05.05.R50 | K7: =VLOOKUP(A:A,'UE Full List (534)'!A:O,15,0) -> 24310 | L7: =D7 -> L+G IEC U3350 3PH CT CONN LC | M7: =VLOOKUP(A:A,'UE Full List (534)'!A:F,6,0) -> 00L6aC4V02 | N7: Successful | O7: 6.2.R62 | P7: 24310 | Q7: L+G IEC U3350 3PH CT CONN LC | R7: 00L6aC4V02 | S7: Successful
A8: 5014254 | B8: Pilot - 15/04/2026 | C8: =VLOOKUP(A:A,'UE Full List (534)'!A:D,4,0) -> 00:13:50:05:ff:4d:ab:78 | D8: =VLOOKUP(A:A,'UE Full List (534)'!A:I,9,0) -> L+G IEC U3350 3PH CT CONN LC | E8: =VLOOKUP(A:A,'UE Full List (534)'!A:G,7,0) -> Active | F8: =VLOOKUP(A:A,'UE Full List (534)'!A:H,8,0) -> Active | G8: =VLOOKUP(A:A,'UE Full List (534)'!A:L,12,0) -> 5 | H8: =VLOOKUP(A:A,'UE Full List (534)'!A:M,13,0) -> 4 | I8: =VLOOKUP(A:A,'UE Full List (534)'!A:N,14,0) -> 33 | J8: =VLOOKUP(A:A,'UE Full List (534)'!A:J,10,0) -> S00237-05.05.R50 | K8: =VLOOKUP(A:A,'UE Full List (534)'!A:O,15,0) -> 24306 | L8: =D8 -> L+G IEC U3350 3PH CT CONN LC | M8: =VLOOKUP(A:A,'UE Full List (534)'!A:F,6,0) -> 00L6aC3V02 | N8: Successful | O8: 6.2.R62 | P8: 24306 | Q8: L+G IEC U3350 3PH CT CONN LC | R8: 00L6aC3V02 | S8: Successful
A9: 5014280 | B9: Pilot - 15/04/2026 | C9: =VLOOKUP(A:A,'UE Full List (534)'!A:D,4,0) -> 00:13:50:05:ff:4d:ab:ef | D9: =VLOOKUP(A:A,'UE Full List (534)'!A:I,9,0) -> L+G IEC U3350 3PH CT CONN LC | E9: =VLOOKUP(A:A,'UE Full List (534)'!A:G,7,0) -> Active | F9: =VLOOKUP(A:A,'UE Full List (534)'!A:H,8,0) -> Active | G9: =VLOOKUP(A:A,'UE Full List (534)'!A:L,12,0) -> 5 | H9: =VLOOKUP(A:A,'UE Full List (534)'!A:M,13,0) -> 4 | I9: =VLOOKUP(A:A,'UE Full List (534)'!A:N,14,0) -> 33 | J9: =VLOOKUP(A:A,'UE Full List (534)'!A:J,10,0) -> S00237-05.05.R50 | K9: =VLOOKUP(A:A,'UE Full List (534)'!A:O,15,0) -> 24306 | L9: =D9 -> L+G IEC U3350 3PH CT CONN LC | M9: =VLOOKUP(A:A,'UE Full List (534)'!A:F,6,0) -> 00L6aC3V02 | N9: Successful | O9: 6.2.R62 | P9: 24306 | Q9: L+G IEC U3350 3PH CT CONN LC | R9: 00L6aC3V02 | S9: Successful
A10: 5014415 | B10: Pilot - 15/04/2026 | C10: =VLOOKUP(A:A,'UE Full List (534)'!A:D,4,0) -> 00:13:50:05:ff:4d:ac:2f | D10: =VLOOKUP(A:A,'UE Full List (534)'!A:I,9,0) -> L+G IEC U3350 3PH CT CONN LC | E10: =VLOOKUP(A:A,'UE Full List (534)'!A:G,7,0) -> Active | F10: =VLOOKUP(A:A,'UE Full List (534)'!A:H,8,0) -> Active | G10: =VLOOKUP(A:A,'UE Full List (534)'!A:L,12,0) -> 5 | H10: =VLOOKUP(A:A,'UE Full List (534)'!A:M,13,0) -> 4 | I10: =VLOOKUP(A:A,'UE Full List (534)'!A:N,14,0) -> 33 | J10: =VLOOKUP(A:A,'UE Full List (534)'!A:J,10,0) -> S00237-05.05.R50 | K10: =VLOOKUP(A:A,'UE Full List (534)'!A:O,15,0) -> 24306 | L10: =D10 -> L+G IEC U3350 3PH CT CONN LC | M10: =VLOOKUP(A:A,'UE Full List (534)'!A:F,6,0) -> 00L6aC3V02 | N10: Successful | O10: 6.2.R62 | P10: 24306 | Q10: L+G IEC U3350 3PH CT CONN LC | R10: 00L6aC3V02 | S10: Successful
A11: 5014288 | B11: Pilot - 15/04/2026 | C11: =VLOOKUP(A:A,'UE Full List (534)'!A:D,4,0) -> 00:13:50:05:ff:4d:ac:94 | D11: =VLOOKUP(A:A,'UE Full List (534)'!A:I,9,0) -> L+G IEC U3350 3PH CT CONN LC | E11: =VLOOKUP(A:A,'UE Full List (534)'!A:G,7,0) -> Active | F11: =VLOOKUP(A:A,'UE Full List (534)'!A:H,8,0) -> Active | G11: =VLOOKUP(A:A,'UE Full List (534)'!A:L,12,0) -> 5 | H11: =VLOOKUP(A:A,'UE Full List (534)'!A:M,13,0) -> 4 | I11: =VLOOKUP(A:A,'UE Full List (534)'!A:N,14,0) -> 33 | J11: =VLOOKUP(A:A,'UE Full List (534)'!A:J,10,0) -> S00237-05.05.R50 | K11: =VLOOKUP(A:A,'UE Full List (534)'!A:O,15,0) -> 24310 | L11: =D11 -> L+G IEC U3350 3PH CT CONN LC | M11: =VLOOKUP(A:A,'UE Full List (534)'!A:F,6,0) -> 00L6aC4V02 | N11: Successful | O11: 6.2.R62 | P11: 24310 | Q11: L+G IEC U3350 3PH CT CONN LC | R11: 00L6aC4V02 | S11: Successful
A12: 5023552 | B12: Pilot - 15/04/2026 | C12: =VLOOKUP(A:A,'UE Full List (534)'!A:D,4,0) -> 00:13:50:05:ff:50:cb:f1 | D12: =VLOOKUP(A:A,'UE Full List (534)'!A:I,9,0) -> L+G IEC U3350 3PH CT CONN LC | E12: =VLOOKUP(A:A,'UE Full List (534)'!A:G,7,0) -> Active | F12: =VLOOKUP(A:A,'UE Full List (534)'!A:H,8,0) -> Active | G12: =VLOOKUP(A:A,'UE Full List (534)'!A:L,12,0) -> 5 | H12: =VLOOKUP(A:A,'UE Full List (534)'!A:M,13,0) -> 4 | I12: =VLOOKUP(A:A,'UE Full List (534)'!A:N,14,0) -> 33 | J12: =VLOOKUP(A:A,'UE Full List (534)'!A:J,10,0) -> S00237-05.05.R50 | K12: =VLOOKUP(A:A,'UE Full List (534)'!A:O,15,0) -> 26203 | L12: =D12 -> L+G IEC U3350 3PH CT CONN LC | M12: =VLOOKUP(A:A,'UE Full List (534)'!A:F,6,0) -> 00L6aC3V03 | N12: Successful | O12: 6.2.R62 | P12: 26203 | Q12: L+G IEC U3350 3PH CT CONN LC | R12: 00L6aC3V03 | S12: Successful

Sheet Pilot Project Meter events
A1: 5010963
A15: 5014273
A47: 5014284
A97: 5014281
A124: 5014271
A165: 5014254
A180: 5014280
A225: 5014415
A250: 5014288
A295: 5023552

Sheet BVT (50)
J1: Pre Upgrade | O1: Post Upgrade
A2: Device_Util_ID | B2: Stage | C2: MAC Address | D2: Meter Subtype | E2: Device_Status | F2: Device_Operational_Status | G2: NIC_SW_Ver_No | H2: NIC_SW_Rev_No | I2: NIC_SW_Patch_No | J2: Device_SW_Ver_No | K2: Meter_Program_ID | L2: Meter_Form_Type | M2: Tariff_Id | N2: Pre Upgrade Interval reads | O2: Device_SW_Ver_No | P2: Meter_Program_ID | Q2: Meter_Form_Type | R2: Tariff_Id | S2: Post Upgrade Interval reads
A3: 5010956 | B3: BVT - 20/04/2026 | C3: =VLOOKUP(A:A,'UE Full List (534)'!A:D,4,0) -> 00:13:50:05:ff:02:93:f8 | D3: =VLOOKUP(A:A,'UE Full List (534)'!A:I,9,0) -> L+G IEC U3350 3PH CT CONN LC | E3: =VLOOKUP(A:A,'UE Full List (534)'!A:G,7,0) -> Active | F3: =VLOOKUP(A:A,'UE Full List (534)'!A:H,8,0) -> Active | G3: =VLOOKUP(A:A,'UE Full List (534)'!A:L,12,0) -> 5 | H3: =VLOOKUP(A:A,'UE Full List (534)'!A:M,13,0) -> 4 | I3: =VLOOKUP(A:A,'UE Full List (534)'!A:N,14,0) -> 33 | J3: =VLOOKUP(A:A,'UE Full List (534)'!A:J,10,0) -> S00237-05.05.R50 | K3: =VLOOKUP(A:A,'UE Full List (534)'!A:O,15,0) -> 24310 | L3: =D3 -> L+G IEC U3350 3PH CT CONN LC | M3: =VLOOKUP(A:A,'UE Full List (534)'!A:F,6,0) -> 00L6aC4V02
A4: 5010950 | B4: BVT - 20/04/2026 | C4: =VLOOKUP(A:A,'UE Full List (534)'!A:D,4,0) -> 00:13:50:05:ff:02:93:fb | D4: =VLOOKUP(A:A,'UE Full List (534)'!A:I,9,0) -> L+G IEC U3350 3PH CT CONN LC | E4: =VLOOKUP(A:A,'UE Full List (534)'!A:G,7,0) -> Active | F4: =VLOOKUP(A:A,'UE Full List (534)'!A:H,8,0) -> Active | G4: =VLOOKUP(A:A,'UE Full List (534)'!A:L,12,0) -> 5 | H4: =VLOOKUP(A:A,'UE Full List (534)'!A:M,13,0) -> 4 | I4: =VLOOKUP(A:A,'UE Full List (534)'!A:N,14,0) -> 33 | J4: =VLOOKUP(A:A,'UE Full List (534)'!A:J,10,0) -> S00237-05.05.R50 | K4: =VLOOKUP(A:A,'UE Full List (534)'!A:O,15,0) -> 24310 | L4: =D4 -> L+G IEC U3350 3PH CT CONN LC | M4: =VLOOKUP(A:A,'UE Full List (534)'!A:F,6,0) -> 00L6aC4V02
A5: 5010936 | B5: BVT - 20/04/2026 | C5: =VLOOKUP(A:A,'UE Full List (534)'!A:D,4,0) -> 00:13:50:05:ff:02:94:0b | D5: =VLOOKUP(A:A,'UE Full List (534)'!A:I,9,0) -> L+G IEC U3350 3PH CT CONN LC | E5: =VLOOKUP(A:A,'UE Full List (534)'!A:G,7,0) -> Active | F5: =VLOOKUP(A:A,'UE Full List (534)'!A:H,8,0) -> Active | G5: =VLOOKUP(A:A,'UE Full List (534)'!A:L,12,0) -> 5 | H5: =VLOOKUP(A:A,'UE Full List (534)'!A:M,13,0) -> 4 | I5: =VLOOKUP(A:A,'UE Full List (534)'!A:N,14,0) -> 33 | J5: =VLOOKUP(A:A,'UE Full List (534)'!A:J,10,0) -> S00237-05.05.R50 | K5: =VLOOKUP(A:A,'UE Full List (534)'!A:O,15,0) -> 24310 | L5: =D5 -> L+G IEC U3350 3PH CT CONN LC | M5: =VLOOKUP(A:A,'UE Full List (534)'!A:F,6,0) -> 00L6aC4V02
A6: 5010958 | B6: BVT - 20/04/2026 | C6: =VLOOKUP(A:A,'UE Full List (534)'!A:D,4,0) -> 00:13:50:05:ff:02:94:43 | D6: =VLOOKUP(A:A,'UE Full List (534)'!A:I,9,0) -> L+G IEC U3350 3PH CT CONN LC | E6: =VLOOKUP(A:A,'UE Full List (534)'!A:G,7,0) -> Active | F6: =VLOOKUP(A:A,'UE Full List (534)'!A:H,8,0) -> Active | G6: =VLOOKUP(A:A,'UE Full List (534)'!A:L,12,0) -> 5 | H6: =VLOOKUP(A:A,'UE Full List (534)'!A:M,13,0) -> 4 | I6: =VLOOKUP(A:A,'UE Full List (534)'!A:N,14,0) -> 33 | J6: =VLOOKUP(A:A,'UE Full List (534)'!A:J,10,0) -> S00237-05.05.R50 | K6: =VLOOKUP(A:A,'UE Full List (534)'!A:O,15,0) -> 24310 | L6: =D6 -> L+G IEC U3350 3PH CT CONN LC | M6: =VLOOKUP(A:A,'UE Full List (534)'!A:F,6,0) -> 00L6aC4V02
A7: 5010952 | B7: BVT - 20/04/2026 | C7: =VLOOKUP(A:A,'UE Full List (534)'!A:D,4,0) -> 00:13:50:05:ff:02:94:89 | D7: =VLOOKUP(A:A,'UE Full List (534)'!A:I,9,0) -> L+G IEC U3350 3PH CT CONN LC | E7: =VLOOKUP(A:A,'UE Full List (534)'!A:G,7,0) -> Active | F7: =VLOOKUP(A:A,'UE Full List (534)'!A:H,8,0) -> Active | G7: =VLOOKUP(A:A,'UE Full List (534)'!A:L,12,0) -> 5 | H7: =VLOOKUP(A:A,'UE Full List (534)'!A:M,13,0) -> 4 | I7: =VLOOKUP(A:A,'UE Full List (534)'!A:N,14,0) -> 33 | J7: =VLOOKUP(A:A,'UE Full List (534)'!A:J,10,0) -> S00237-05.05.R50 | K7: =VLOOKUP(A:A,'UE Full List (534)'!A:O,15,0) -> 24310 | L7: =D7 -> L+G IEC U3350 3PH CT CONN LC | M7: =VLOOKUP(A:A,'UE Full List (534)'!A:F,6,0) -> 00L6aC4V02
A8: 5010943 | B8: BVT - 20/04/2026 | C8: =VLOOKUP(A:A,'UE Full List (534)'!A:D,4,0) -> 00:13:50:05:ff:02:94:c9 | D8: =VLOOKUP(A:A,'UE Full List (534)'!A:I,9,0) -> L+G IEC U3350 3PH CT CONN LC | E8: =VLOOKUP(A:A,'UE Full List (534)'!A:G,7,0) -> Active | F8: =VLOOKUP(A:A,'UE Full List (534)'!A:H,8,0) -> Active | G8: =VLOOKUP(A:A,'UE Full List (534)'!A:L,12,0) -> 5 | H8: =VLOOKUP(A:A,'UE Full List (534)'!A:M,13,0) -> 4 | I8: =VLOOKUP(A:A,'UE Full List (534)'!A:N,14,0) -> 33 | J8: =VLOOKUP(A:A,'UE Full List (534)'!A:J,10,0) -> S00237-05.05.R50 | K8: =VLOOKUP(A:A,'UE Full List (534)'!A:O,15,0) -> 24310 | L8: =D8 -> L+G IEC U3350 3PH CT CONN LC | M8: =VLOOKUP(A:A,'UE Full List (534)'!A:F,6,0) -> 00L6aC4V02
A9: 5010929 | B9: BVT - 20/04/2026 | C9: =VLOOKUP(A:A,'UE Full List (534)'!A:D,4,0) -> 00:13:50:05:ff:02:94:de | D9: =VLOOKUP(A:A,'UE Full List (534)'!A:I,9,0) -> L+G IEC U3350 3PH CT CONN LC | E9: =VLOOKUP(A:A,'UE Full List (534)'!A:G,7,0) -> Active | F9: =VLOOKUP(A:A,'UE Full List (534)'!A:H,8,0) -> Active | G9: =VLOOKUP(A:A,'UE Full List (534)'!A:L,12,0) -> 5 | H9: =VLOOKUP(A:A,'UE Full List (534)'!A:M,13,0) -> 4 | I9: =VLOOKUP(A:A,'UE Full List (534)'!A:N,14,0) -> 33 | J9: =VLOOKUP(A:A,'UE Full List (534)'!A:J,10,0) -> S00237-05.05.R50 | K9: =VLOOKUP(A:A,'UE Full List (534)'!A:O,15,0) -> 24310 | L9: =D9 -> L+G IEC U3350 3PH CT CONN LC | M9: =VLOOKUP(A:A,'UE Full List (534)'!A:F,6,0) -> 00L6aC4V02
A10: 5010971 | B10: BVT - 20/04/2026 | C10: =VLOOKUP(A:A,'UE Full List (534)'!A:D,4,0) -> 00:13:50:05:ff:02:94:df | D10: =VLOOKUP(A:A,'UE Full List (534)'!A:I,9,0) -> L+G IEC U3350 3PH CT CONN LC | E10: =VLOOKUP(A:A,'UE Full List (534)'!A:G,7,0) -> Active | F10: =VLOOKUP(A:A,'UE Full List (534)'!A:H,8,0) -> Active | G10: =VLOOKUP(A:A,'UE Full List (534)'!A:L,12,0) -> 5 | H10: =VLOOKUP(A:A,'UE Full List (534)'!A:M,13,0) -> 4 | I10: =VLOOKUP(A:A,'UE Full List (534)'!A:N,14,0) -> 33 | J10: =VLOOKUP(A:A,'UE Full List (534)'!A:J,10,0) -> S00237-05.05.R50 | K10: =VLOOKUP(A:A,'UE Full List (534)'!A:O,15,0) -> 24310 | L10: =D10 -> L+G IEC U3350 3PH CT CONN LC | M10: =VLOOKUP(A:A,'UE Full List (534)'!A:F,6,0) -> 00L6aC4V02
A11: 5010974 | B11: BVT - 20/04/2026 | C11: =VLOOKUP(A:A,'UE Full List (534)'!A:D,4,0) -> 00:13:50:05:ff:02:95:23 | D11: =VLOOKUP(A:A,'UE Full List (534)'!A:I,9,0) -> L+G IEC U3350 3PH CT CONN LC | E11: =VLOOKUP(A:A,'UE Full List (534)'!A:G,7,0) -> Active | F11: =VLOOKUP(A:A,'UE Full List (534)'!A:H,8,0) -> Active | G11: =VLOOKUP(A:A,'UE Full List (534)'!A:L,12,0) -> 5 | H11: =VLOOKUP(A:A,'UE Full List (534)'!A:M,13,0) -> 4 | I11: =VLOOKUP(A:A,'UE Full List (534)'!A:N,14,0) -> 33 | J11: =VLOOKUP(A:A,'UE Full List (534)'!A:J,10,0) -> S00237-05.05.R50 | K11: =VLOOKUP(A:A,'UE Full List (534)'!A:O,15,0) -> 24310 | L11: =D11 -> L+G IEC U3350 3PH CT CONN LC | M11: =VLOOKUP(A:A,'UE Full List (534)'!A:F,6,0) -> 00L6aC4V02
A12: 5010441 | B12: BVT - 20/04/2026 | C12: =VLOOKUP(A:A,'UE Full List (534)'!A:D,4,0) -> 00:13:50:05:ff:36:1a:9b | D12: =VLOOKUP(A:A,'UE Full List (534)'!A:I,9,0) -> L+G IEC U3350 3PH CT CONN LC | E12: =VLOOKUP(A:A,'UE Full List (534)'!A:G,7,0) -> Active | F12: =VLOOKUP(A:A,'UE Full List (534)'!A:H,8,0) -> Active | G12: =VLOOKUP(A:A,'UE Full List (534)'!A:L,12,0) -> 5 | H12: =VLOOKUP(A:A,'UE Full List (534)'!A:M,13,0) -> 4 | I12: =VLOOKUP(A:A,'UE Full List (534)'!A:N,14,0) -> 33 | J12: =VLOOKUP(A:A,'UE Full List (534)'!A:J,10,0) -> S00237-05.05.R50 | K12: =VLOOKUP(A:A,'UE Full List (534)'!A:O,15,0) -> 24310 | L12: =D12 -> L+G IEC U3350 3PH CT CONN LC | M12: =VLOOKUP(A:A,'UE Full List (534)'!A:F,6,0) -> 00L6aC4V02
A13: 5014386 | B13: BVT - 20/04/2026 | C13: =VLOOKUP(A:A,'UE Full List (534)'!A:D,4,0) -> 00:13:50:05:ff:4d:a9:1a | D13: =VLOOKUP(A:A,'UE Full List (534)'!A:I,9,0) -> L+G IEC U3350 3PH CT CONN LC | E13: =VLOOKUP(A:A,'UE Full List (534)'!A:G,7,0) -> Active | F13: =VLOOKUP(A:A,'UE Full List (534)'!A:H,8,0) -> Active | G13: =VLOOKUP(A:A,'UE Full List (534)'!A:L,12,0) -> 5 | H13: =VLOOKUP(A:A,'UE Full List (534)'!A:M,13,0) -> 4 | I13: =VLOOKUP(A:A,'UE Full List (534)'!A:N,14,0) -> 33 | J13: =VLOOKUP(A:A,'UE Full List (534)'!A:J,10,0) -> S00237-05.05.R50 | K13: =VLOOKUP(A:A,'UE Full List (534)'!A:O,15,0) -> 24310 | L13: =D13 -> L+G IEC U3350 3PH CT CONN LC | M13: =VLOOKUP(A:A,'UE Full List (534)'!A:F,6,0) -> 00L6aC4V02
A14: 5014504 | B14: BVT - 20/04/2026 | C14: =VLOOKUP(A:A,'UE Full List (534)'!A:D,4,0) -> 00:13:50:05:ff:4d:a9:56 | D14: =VLOOKUP(A:A,'UE Full List (534)'!A:I,9,0) -> L+G IEC U3350 3PH CT CONN LC | E14: =VLOOKUP(A:A,'UE Full List (534)'!A:G,7,0) -> Active | F14: =VLOOKUP(A:A,'UE Full List (534)'!A:H,8,0) -> Active | G14: =VLOOKUP(A:A,'UE Full List (534)'!A:L,12,0) -> 5 | H14: =VLOOKUP(A:A,'UE Full List (534)'!A:M,13,0) -> 4 | I14: =VLOOKUP(A:A,'UE Full List (534)'!A:N,14,0) -> 33 | J14: =VLOOKUP(A:A,'UE Full List (534)'!A:J,10,0) -> S00237-05.05.R50 | K14: =VLOOKUP(A:A,'UE Full List (534)'!A:O,15,0) -> 24310 | L14: =D14 -> L+G IEC U3350 3PH CT CONN LC | M14: =VLOOKUP(A:A,'UE Full List (534)'!A:F,6,0) -> 00L6aC4V02
... A25: 5014503 | B25: BVT - 20/04/2026 | C25: =VLOOKUP(A:A,'UE Full List (534)'!A:D,4,0) -> 00:13:50:05:ff:4d:ab:22 | D25: =VLOOKUP(A:A,'UE Full List (534)'!A:I,9,0) -> L+G IEC U3350 3PH CT CONN LC | E25: =VLOOKUP(A:A,'UE Full List (534)'!A:G,7,0) -> Active | F25: =VLOOKUP(A:A,'UE Full List (534)'!A:H,8,0) -> Active | G25: =VLOOKUP(A:A,'UE Full List (534)'!A:L,12,0) -> 5 | H25: =VLOOKUP(A:A,'UE Full List (534)'!A:M,13,0) -> 4 | I25: =VLOOKUP(A:A,'UE Full List (534)'!A:N,14,0) -> 33 | J25: =VLOOKUP(A:A,'UE Full List (534)'!A:J,10,0) -> S00237-05.05.R50 | K25: =VLOOKUP(A:A,'UE Full List (534)'!A:O,15,0) -> 24310 | L25: =D25 -> L+G IEC U3350 3PH CT CONN LC | M25: =VLOOKUP(A:A,'UE Full List (534)'!A:F,6,0) -> 00L6aC4V02
A26: 5014524 | B26: BVT - 20/04/2026 | C26: 00:13:50:05:ff:4d:ac:05 | D26: L+G IEC U3350 3PH CT CONN LC | E26: Active | F26: Active | G26: 5 | H26: 4 | I26: 33 | J26: S00237-05.05.R50 | K26: 24306 | L26: =D26 -> L+G IEC U3350 3PH CT CONN LC | M26: 00L6aC3V02
A27: 5014195 | B27: BVT - 20/04/2026 | C27: =VLOOKUP(A:A,'UE Full List (534)'!A:D,4,0) -> 00:13:50:05:ff:4d:ab:25 | D27: =VLOOKUP(A:A,'UE Full List (534)'!A:I,9,0) -> L+G IEC U3350 3PH CT CONN LC | E27: =VLOOKUP(A:A,'UE Full List (534)'!A:G,7,0) -> Active | F27: =VLOOKUP(A:A,'UE Full List (534)'!A:H,8,0) -> Active | G27: =VLOOKUP(A:A,'UE Full List (534)'!A:L,12,0) -> 5 | H27: =VLOOKUP(A:A,'UE Full List (534)'!A:M,13,0) -> 4 | I27: =VLOOKUP(A:A,'UE Full List (534)'!A:N,14,0) -> 33 | J27: =VLOOKUP(A:A,'UE Full List (534)'!A:J,10,0) -> S00237-05.05.R50 | K27: =VLOOKUP(A:A,'UE Full List (534)'!A:O,15,0) -> 24310 | L27: =D27 -> L+G IEC U3350 3PH CT CONN LC | M27: =VLOOKUP(A:A,'UE Full List (534)'!A:F,6,0) -> 00L6aC4V02
A28: 5014240 | B28: BVT - 20/04/2026 | C28: =VLOOKUP(A:A,'UE Full List (534)'!A:D,4,0) -> 00:13:50:05:ff:4d:ab:32 | D28: =VLOOKUP(A:A,'UE Full List (534)'!A:I,9,0) -> L+G IEC U3350 3PH CT CONN LC | E28: =VLOOKUP(A:A,'UE Full List (534)'!A:G,7,0) -> Active | F28: =VLOOKUP(A:A,'UE Full List (534)'!A:H,8,0) -> Active | G28: =VLOOKUP(A:A,'UE Full List (534)'!A:L,12,0) -> 5 | H28: =VLOOKUP(A:A,'UE Full List (534)'!A:M,13,0) -> 4 | I28: =VLOOKUP(A:A,'UE Full List (534)'!A:N,14,0) -> 33 | J28: =VLOOKUP(A:A,'UE Full List (534)'!A:J,10,0) -> S00237-05.05.R50 | K28: =VLOOKUP(A:A,'UE Full List (534)'!A:O,15,0) -> 24310 | L28: =D28 -> L+G IEC U3350 3PH CT CONN LC | M28: =VLOOKUP(A:A,'UE Full List (534)'!A:F,6,0) -> 00L6aC4V02
A29: 5014232 | B29: BVT - 20/04/2026 | C29: =VLOOKUP(A:A,'UE Full List (534)'!A:D,4,0) -> 00:13:50:05:ff:4d:ab:48 | D29: =VLOOKUP(A:A,'UE Full List (534)'!A:I,9,0) -> L+G IEC U3350 3PH CT CONN LC | E29: =VLOOKUP(A:A,'UE Full List (534)'!A:G,7,0) -> Active | F29: =VLOOKUP(A:A,'UE Full List (534)'!A:H,8,0) -> Active | G29: =VLOOKUP(A:A,'UE Full List (534)'!A:L,12,0) -> 5 | H29: =VLOOKUP(A:A,'UE Full List (534)'!A:M,13,0) -> 4 | I29: =VLOOKUP(A:A,'UE Full List (534)'!A:N,14,0) -> 33 | J29: =VLOOKUP(A:A,'UE Full List (534)'!A:J,10,0) -> S00237-05.05.R50 | K29: =VLOOKUP(A:A,'UE Full List (534)'!A:O,15,0) -> 24310 | L29: =D29 -> L+G IEC U3350 3PH CT CONN LC | M29: =VLOOKUP(A:A,'UE Full List (534)'!A:F,6,0) -> 00L6aC4V02
A30: 5014201 | B30: BVT - 20/04/2026 | C30: =VLOOKUP(A:A,'UE Full List (534)'!A:D,4,0) -> 00:13:50:05:ff:4d:ab:4d | D30: =VLOOKUP(A:A,'UE Full List (534)'!A:I,9,0) -> L+G IEC U3350 3PH CT CONN LC | E30: =VLOOKUP(A:A,'UE Full List (534)'!A:G,7,0) -> Active | F30: =VLOOKUP(A:A,'UE Full List (534)'!A:H,8,0) -> Active | G30: =VLOOKUP(A:A,'UE Full List (534)'!A:L,12,0) -> 5 | H30: =VLOOKUP(A:A,'UE Full List (534)'!A:M,13,0) -> 4 | I30: =VLOOKUP(A:A,'UE Full List (534)'!A:N,14,0) -> 33 | J30: =VLOOKUP(A:A,'UE Full List (534)'!A:J,10,0) -> S00237-05.05.R50 | K30: =VLOOKUP(A:A,'UE Full List (534)'!A:O,15,0) -> 24310 | L30: =D30 -> L+G IEC U3350 3PH CT CONN LC | M30: =VLOOKUP(A:A,'UE Full List (534)'!A:F,6,0) -> 00L6aC4V02
A31: 5014182 | B31: BVT - 20/04/2026 | C31: =VLOOKUP(A:A,'UE Full List (534)'!A:D,4,0) -> 00:13:50:05:ff:4d:ab:6e | D31: =VLOOKUP(A:A,'UE Full List (534)'!A:I,9,0) -> L+G IEC U3350 3PH CT CONN LC | E31: =VLOOKUP(A:A,'UE Full List (534)'!A:G,7,0) -> Active | F31: =VLOOKUP(A:A,'UE Full List (534)'!A:H,8,0) -> Active | G31: =VLOOKUP(A:A,'UE Full List (534)'!A:L,12,0) -> 5 | H31: =VLOOKUP(A:A,'UE Full List (534)'!A:M,13,0) -> 4 | I31: =VLOOKUP(A:A,'UE Full List (534)'!A:N,14,0) -> 33 | J31: =VLOOKUP(A:A,'UE Full List (534)'!A:J,10,0) -> S00237-05.05.R50 | K31: =VLOOKUP(A:A,'UE Full List (534)'!A:O,15,0) -> 24310 | L31: =D31 -> L+G IEC U3350 3PH CT CONN LC | M31: =VLOOKUP(A:A,'UE Full List (534)'!A:F,6,0) -> 00L6aC4V02
A32: 5014238 | B32: BVT - 20/04/2026 | C32: =VLOOKUP(A:A,'UE Full List (534)'!A:D,4,0) -> 00:13:50:05:ff:4d:ab:6f | D32: =VLOOKUP(A:A,'UE Full List (534)'!A:I,9,0) -> L+G IEC U3350 3PH CT CONN LC | E32: =VLOOKUP(A:A,'UE Full List (534)'!A:G,7,0) -> Active | F32: =VLOOKUP(A:A,'UE Full List (534)'!A:H,8,0) -> Active | G32: =VLOOKUP(A:A,'UE Full List (534)'!A:L,12,0) -> 5 | H32: =VLOOKUP(A:A,'UE Full List (534)'!A:M,13,0) -> 4 | I32: =VLOOKUP(A:A,'UE Full List (534)'!A:N,14,0) -> 33 | J32: =VLOOKUP(A:A,'UE Full List (534)'!A:J,10,0) -> S00237-05.05.R50 | K32: =VLOOKUP(A:A,'UE Full List (534)'!A:O,15,0) -> 24310 | L32: =D32 -> L+G IEC U3350 3PH CT CONN LC | M32: =VLOOKUP(A:A,'UE Full List (534)'!A:F,6,0) -> 00L6aC4V02
A33: 5014244 | B33: BVT - 20/04/2026 | C33: =VLOOKUP(A:A,'UE Full List (534)'!A:D,4,0) -> 00:13:50:05:ff:4d:ac:5b | D33: =VLOOKUP(A:A,'UE Full List (534)'!A:I,9,0) -> L+G IEC U3350 3PH CT CONN LC | E33: =VLOOKUP(A:A,'UE Full List (534)'!A:G,7,0) -> Active | F33: =VLOOKUP(A:A,'UE Full List (534)'!A:H,8,0) -> Active | G33: =VLOOKUP(A:A,'UE Full List (534)'!A:L,12,0) -> 5 | H33: =VLOOKUP(A:A,'UE Full List (534)'!A:M,13,0) -> 4 | I33: =VLOOKUP(A:A,'UE Full List (534)'!A:N,14,0) -> 33 | J33: =VLOOKUP(A:A,'UE Full List (534)'!A:J,10,0) -> S00237-05.05.R50 | K33: =VLOOKUP(A:A,'UE Full List (534)'!A:O,15,0) -> 25500 | L33: =D33 -> L+G IEC U3350 3PH CT CONN LC | M33: =VLOOKUP(A:A,'UE Full List (534)'!A:F,6,0) -> 00L6aC4V03
A34: 5023567 | B34: BVT - 20/04/2026 | C34: =VLOOKUP(A:A,'UE Full List (534)'!A:D,4,0) -> 00:13:50:05:ff:50:cb:d0 | D34: =VLOOKUP(A:A,'UE Full List (534)'!A:I,9,0) -> L+G IEC U3350 3PH CT CONN LC | E34: =VLOOKUP(A:A,'UE Full List (534)'!A:G,7,0) -> Active | F34: =VLOOKUP(A:A,'UE Full List (534)'!A:H,8,0) -> Active | G34: =VLOOKUP(A:A,'UE Full List (534)'!A:L,12,0) -> 5 | H34: =VLOOKUP(A:A,'UE Full List (534)'!A:M,13,0) -> 4 | I34: =VLOOKUP(A:A,'UE Full List (534)'!A:N,14,0) -> 33 | J34: =VLOOKUP(A:A,'UE Full List (534)'!A:J,10,0) -> S00237-05.05.R50 | K34: =VLOOKUP(A:A,'UE Full List (534)'!A:O,15,0) -> 25500 | L34: =D34 -> L+G IEC U3350 3PH CT CONN LC | M34: =VLOOKUP(A:A,'UE Full List (534)'!A:F,6,0) -> 00L6aC4V03
A35: 5023530 | B35: BVT - 20/04/2026 | C35: =VLOOKUP(A:A,'UE Full List (534)'!A:D,4,0) -> 00:13:50:05:ff:50:cb:d4 | D35: =VLOOKUP(A:A,'UE Full List (534)'!A:I,9,0) -> L+G IEC U3350 3PH CT CONN LC | E35: =VLOOKUP(A:A,'UE Full List (534)'!A:G,7,0) -> Active | F35: =VLOOKUP(A:A,'UE Full List (534)'!A:H,8,0) -> Active | G35: =VLOOKUP(A:A,'UE Full List (534)'!A:L,12,0) -> 5 | H35: =VLOOKUP(A:A,'UE Full List (534)'!A:M,13,0) -> 4 | I35: =VLOOKUP(A:A,'UE Full List (534)'!A:N,14,0) -> 33 | J35: =VLOOKUP(A:A,'UE Full List (534)'!A:J,10,0) -> S00237-05.05.R50 | K35: =VLOOKUP(A:A,'UE Full List (534)'!A:O,15,0) -> 25500 | L35: =D35 -> L+G IEC U3350 3PH CT CONN LC | M35: =VLOOKUP(A:A,'UE Full List (534)'!A:F,6,0) -> 00L6aC4V03
A36: 5023577 | B36: BVT - 20/04/2026 | C36: =VLOOKUP(A:A,'UE Full List (534)'!A:D,4,0) -> 00:13:50:05:ff:50:cb:d8 | D36: =VLOOKUP(A:A,'UE Full List (534)'!A:I,9,0) -> L+G IEC U3350 3PH CT CONN LC | E36: =VLOOKUP(A:A,'UE Full List (534)'!A:G,7,0) -> Active | F36: =VLOOKUP(A:A,'UE Full List (534)'!A:H,8,0) -> Active | G36: =VLOOKUP(A:A,'UE Full List (534)'!A:L,12,0) -> 5 | H36: =VLOOKUP(A:A,'UE Full List (534)'!A:M,13,0) -> 4 | I36: =VLOOKUP(A:A,'UE Full List (534)'!A:N,14,0) -> 33 | J36: =VLOOKUP(A:A,'UE Full List (534)'!A:J,10,0) -> S00237-05.05.R50 | K36: =VLOOKUP(A:A,'UE Full List (534)'!A:O,15,0) -> 25500 | L36: =D36 -> L+G IEC U3350 3PH CT CONN LC | M36: =VLOOKUP(A:A,'UE Full List (534)'!A:F,6,0) -> 00L6aC4V03
A37: 5023514 | B37: BVT - 20/04/2026 | C37: =VLOOKUP(A:A,'UE Full List (534)'!A:D,4,0) -> 00:13:50:05:ff:50:cb:df | D37: =VLOOKUP(A:A,'UE Full List (534)'!A:I,9,0) -> L+G IEC U3350 3PH CT CONN LC | E37: =VLOOKUP(A:A,'UE Full List (534)'!A:G,7,0) -> Active | F37: =VLOOKUP(A:A,'UE Full List (534)'!A:H,8,0) -> Active | G37: =VLOOKUP(A:A,'UE Full List (534)'!A:L,12,0) -> 5 | H37: =VLOOKUP(A:A,'UE Full List (534)'!A:M,13,0) -> 4 | I37: =VLOOKUP(A:A,'UE Full List (534)'!A:N,14,0) -> 33 | J37: =VLOOKUP(A:A,'UE Full List (534)'!A:J,10,0) -> S00237-05.05.R50 | K37: =VLOOKUP(A:A,'UE Full List (534)'!A:O,15,0) -> 25500 | L37: =D37 -> L+G IEC U3350 3PH CT CONN LC | M37: =VLOOKUP(A:A,'UE Full List (534)'!A:F,6,0) -> 00L6aC4V03
A38: 5023564 | B38: BVT - 20/04/2026 | C38: =VLOOKUP(A:A,'UE Full List (534)'!A:D,4,0) -> 00:13:50:05:ff:50:cb:ea | D38: =VLOOKUP(A:A,'UE Full List (534)'!A:I,9,0) -> L+G IEC U3350 3PH CT CONN LC | E38: =VLOOKUP(A:A,'UE Full List (534)'!A:G,7,0) -> Active | F38: =VLOOKUP(A:A,'UE Full List (534)'!A:H,8,0) -> Active | G38: =VLOOKUP(A:A,'UE Full List (534)'!A:L,12,0) -> 5 | H38: =VLOOKUP(A:A,'UE Full List (534)'!A:M,13,0) -> 4 | I38: =VLOOKUP(A:A,'UE Full List (534)'!A:N,14,0) -> 33 | J38: =VLOOKUP(A:A,'UE Full List (534)'!A:J,10,0) -> S00237-05.05.R50 | K38: =VLOOKUP(A:A,'UE Full List (534)'!A:O,15,0) -> 26203 | L38: =D38 -> L+G IEC U3350 3PH CT CONN LC | M38: =VLOOKUP(A:A,'UE Full List (534)'!A:F,6,0) -> 00L6aC3V03
... A52: 5023505 | B52: BVT - 20/04/2026 | C52: =VLOOKUP(A:A,'UE Full List (534)'!A:D,4,0) -> 00:13:50:05:ff:50:cc:3e | D52: =VLOOKUP(A:A,'UE Full List (534)'!A:I,9,0) -> L+G IEC U3350 3PH CT CONN LC | E52: =VLOOKUP(A:A,'UE Full List (534)'!A:G,7,0) -> Active | F52: =VLOOKUP(A:A,'UE Full List (534)'!A:H,8,0) -> Active | G52: =VLOOKUP(A:A,'UE Full List (534)'!A:L,12,0) -> 5 | H52: =VLOOKUP(A:A,'UE Full List (534)'!A:M,13,0) -> 4 | I52: =VLOOKUP(A:A,'UE Full List (534)'!A:N,14,0) -> 33 | J52: =VLOOKUP(A:A,'UE Full List (534)'!A:J,10,0) -> S00237-05.05.R50 | K52: =VLOOKUP(A:A,'UE Full List (534)'!A:O,15,0) -> 25500 | L52: =D52 -> L+G IEC U3350 3PH CT CONN LC | M52: =VLOOKUP(A:A,'UE Full List (534)'!A:F,6,0) -> 00L6aC4V03

Sheet Stage 1 (100) 
J1: Pre Upgrade | O1: Post Upgrade
A2: Device_Util_ID | B2: Stage | C2: MAC Address | D2: Meter Subtype | E2: Device_Status | F2: Device_Operational_Status | G2: NIC_SW_Ver_No | H2: NIC_SW_Rev_No | I2: NIC_SW_Patch_No | J2: Device_SW_Ver_No | K2: Meter_Program_ID | L2: Meter_Form_Type | M2: Tariff_Id | N2: Pre Upgrade Interval reads | O2: Device_SW_Ver_No | P2: Meter_Program_ID | Q2: Meter_Form_Type | R2: Tariff_Id | S2: Post Upgrade Interval reads

Sheet Stage 2 (500)
J1: Pre Upgrade | O1: Post Upgrade
A2: Device_Util_ID | B2: Stage | C2: MAC Address | D2: Meter Subtype | E2: Device_Status | F2: Device_Operational_Status | G2: NIC_SW_Ver_No | H2: NIC_SW_Rev_No | I2: NIC_SW_Patch_No | J2: Device_SW_Ver_No | K2: Meter_Program_ID | L2: Meter_Form_Type | M2: Tariff_Id | N2: Pre Upgrade Interval reads | O2: Device_SW_Ver_No | P2: Meter_Program_ID | Q2: Meter_Form_Type | R2: Tariff_Id | S2: Post Upgrade Interval reads
