Workbook

Sheet Days
A1: 1 | B1: Mon | E1: Target Test Velocity per Tester | F1: 8
A2: 2 | B2: Tue | E2: Total Planned # of test cases | F2: 274
A3: 3 | B3: Wed | E3: Total Actual # of test cases | F3: =COUNT('2024 - L&G R64 - Test Instances'!A:A)-1 -> 361
A4: 4 | B4: Thu | E4: Allowance | F4: 0.1
A5: 5 | B5: Fri | E5: Effort (Man Days) | F5: =(F2*(1+F4))/F1 -> 37.675
A6: 6 | B6: Sat | E6: # of resources | F6: 2
A7: 7 | B7: Sun | E7: # of days | F7: =ROUNDUP(F5/F6,0) -> 19
E9: Scheduled Start | F9: 45555
A10: Date | B10: Day | C10: Holiday | E10: Scheduled Finish | F10: 45582
A11: 45292 | B11: =VLOOKUP(WEEKDAY(A11,2),$A$1:$B$7,2,0) -> Mon | C11: New Year's Day | E11: Projected Finish | F11: =VLOOKUP(TODAY(),'2024 - L&G R64 Tracking'!AM:AQ,5,0) -> 45612.2
A12: 45317 | B12: =VLOOKUP(WEEKDAY(A12,2),$A$1:$B$7,2,0) -> Fri | C12: Australia Day | E12: Project Delay | F12: =NETWORKDAYS(F10,F11,$A$11:$A$38) -> 21
A13: 45362 | B13: =VLOOKUP(WEEKDAY(A13,2),$A$1:$B$7,2,0) -> Mon | C13: Labour Day (VIC) | E13: Project Delay | F13: =(NETWORKDAYS(F9,F10,$A$11:$A$38)-NETWORKDAYS(F10,F11,$A$11:$A$38))/NETWORKDAYS(F9,F10,$A$11:$A$38) -> -0.10526316
A14: 45380 | B14: =VLOOKUP(WEEKDAY(A14,2),$A$1:$B$7,2,0) -> Fri | C14: Good Friday
A15: 45381 | B15: =VLOOKUP(WEEKDAY(A15,2),$A$1:$B$7,2,0) -> Sat | C15: Easter Saturday | E15: Original Deadline
A16: 45382 | B16: =VLOOKUP(WEEKDAY(A16,2),$A$1:$B$7,2,0) -> Sun | C16: Easter Sunday | E16: Adjusted Deadline (VPN)
A17: 45383 | B17: =VLOOKUP(WEEKDAY(A17,2),$A$1:$B$7,2,0) -> Mon | C17: Easter Monday | E17: New Deadline (Project)
A18: 45407 | B18: =VLOOKUP(WEEKDAY(A18,2),$A$1:$B$7,2,0) -> Thu | C18: Anzac Day
A19: 45453 | B19: =VLOOKUP(WEEKDAY(A19,2),$A$1:$B$7,2,0) -> Mon | C19: Kings's Birthday
A20: 45562 | B20: =VLOOKUP(WEEKDAY(A20,2),$A$1:$B$7,2,0) -> Fri | C20: AFL Grand Final
A21: 45601 | B21: =VLOOKUP(WEEKDAY(A21,2),$A$1:$B$7,2,0) -> Tue | C21: Melbourne Cup (VIC)
A22: 45651 | B22: =VLOOKUP(WEEKDAY(A22,2),$A$1:$B$7,2,0) -> Wed | C22: Christmas | E22: Target Test Velocity per Tester | F22: =$F$1 -> 8
A23: 45652 | B23: =VLOOKUP(WEEKDAY(A23,2),$A$1:$B$7,2,0) -> Thu | C23: Boxing Day | E23: VPN - Planned # of test cases (UIQ-Patch123) | F23: =ROUND((N11+N14)*1.1,0) -> 0
A24: 45653 | B24: =VLOOKUP(WEEKDAY(A24,2),$A$1:$B$7,2,0) -> Fri | C24: Powercor Day | E24: VPN - Actual # of test cases (UIQ-Patch123) | F24: =GETPIVOTDATA("Executed",'2024 - L&G R64 Pivot'!$A$2) -> #REF!
A25: 45658 | B25: =VLOOKUP(WEEKDAY(A25,2),$A$1:$B$7,2,0) -> Wed | C25: New Year's Day
A26: 45684 | B26: =VLOOKUP(WEEKDAY(A26,2),$A$1:$B$7,2,0) -> Mon | C26: Australia Day | E26: Target Test Velocity per Tester | F26: =$F$1 -> 8
A27: 45726 | B27: =VLOOKUP(WEEKDAY(A27,2),$A$1:$B$7,2,0) -> Mon | C27: Labour Day (VIC) | E27: UE - Planned # of test cases (Phase 2b) | F27: =ROUND(N12*1.1,0) -> 0
A28: 45765 | B28: =VLOOKUP(WEEKDAY(A28,2),$A$1:$B$7,2,0) -> Fri | C28: Good Friday | E28: UE - ACtual # of test cases (Phase 2b) | F28: =GETPIVOTDATA("Executed",'2024 - L&G R64 Pivot'!$A$2,"Target Cycle:","UE_Phase_1a")-GETPIVOTDATA("Executed",'2024 - L&G R64 Pivot'!$A$2,"Target Cycle:","UE_Phase_1a","Executed","RBT") -> #REF!
A29: 45766 | B29: =VLOOKUP(WEEKDAY(A29,2),$A$1:$B$7,2,0) -> Sat | C29: Easter Saturday
A30: 45767 | B30: =VLOOKUP(WEEKDAY(A30,2),$A$1:$B$7,2,0) -> Sun | C30: Easter Sunday | E30: Target Test Velocity per Tester | F30: =$F$1 -> 8
A31: 45768 | B31: =VLOOKUP(WEEKDAY(A31,2),$A$1:$B$7,2,0) -> Mon | C31: Easter Monday | E31: UE - Planned # of test cases (Phase 2b) | F31: =ROUND(N13*1.1,0) -> 0
A32: 45772 | B32: =VLOOKUP(WEEKDAY(A32,2),$A$1:$B$7,2,0) -> Fri | C32: Anzac Day | E32: UE - ACtual # of test cases (Phase 2b) | F32: =GETPIVOTDATA("Executed",'2024 - L&G R64 Pivot'!$A$2,"Target Cycle:","UE_Phase_1b")-GETPIVOTDATA("Executed",'2024 - L&G R64 Pivot'!$A$2,"Target Cycle:","UE_Phase_1b","Executed","RBT") -> #REF!
A33: 45817 | B33: =VLOOKUP(WEEKDAY(A33,2),$A$1:$B$7,2,0) -> Mon | C33: Kings's Birthday
A34: 45926 | B34: =VLOOKUP(WEEKDAY(A34,2),$A$1:$B$7,2,0) -> Fri | C34: AFL Grand Final
A35: 45965 | B35: =VLOOKUP(WEEKDAY(A35,2),$A$1:$B$7,2,0) -> Tue | C35: Melbourne Cup (VIC)
A36: 46016 | B36: =VLOOKUP(WEEKDAY(A36,2),$A$1:$B$7,2,0) -> Thu | C36: Christmas
A37: 46017 | B37: =VLOOKUP(WEEKDAY(A37,2),$A$1:$B$7,2,0) -> Fri | C37: Boxing Day
A38: 46020 | B38: =VLOOKUP(WEEKDAY(A38,2),$A$1:$B$7,2,0) -> Mon | C38: Powercor Day

Sheet 2024 - L&G R64 - Test Instances
A1: Test Configuration: Test ID | B1: Target Cycle: | C1: Test Set: Name: | D1: Test: Subject: | E1: Test: Test Name: | F1: Test: Test Priority: | G1: Comments: | H1: Exec Date: | I1: Time | J1: Test: Execution Status: | K1: Status: | L1: Tester: | M1: Responsible Tester | N1: Executed | O1: Done | P1: Name | Q1: Responsible Testers
A2: 36 | B2: L&G 82-R64 | C2: U3400 R6.4 - NIC5 | D2: 001 - Commissioning | E2: Meter state transitions - New to xxx to Active | F2: 1-Critical | H2: 45559 | I2: 0.72012731 | J2: Blocked | K2: RBT | L2: mkalra(Manoj Kalra) | M2: mkalra(Manoj Kalra) | N2: =IF(OR(K2="No Run",K2="Blocked",K2="N/A"),"No Run",IF(OR(K2="RBT"),"RBT","Executed")) -> RBT | O2: =IF(OR(K2="No Run",K2="Not Completed"),"Unfinished",IF(OR(K2="asdfs"),"RBT",IF(OR(K2="N/A"),"N/A",IF(OR(K2="Passed",K2="Failed",K2="RBT"),"Done",IF(OR(K2="Blocked"),"Blocked","-"))))) -> Done | P2: =CONCATENATE(C2," - ",E2) -> U3400 R6.4 - NIC5 - Meter state transitions - New to xxx to Active
A3: 36 | B3: L&G 82-R64 | C3: U3400 R6.4 - NIC5 | D3: 001 - Commissioning | E3: Meter state transitions - New to xxx to Active | F3: 1-Critical | H3: 45559 | I3: 0.72013889 | J3: Blocked | K3: RBT | L3: mkalra(Manoj Kalra) | M3: mkalra(Manoj Kalra) | N3: =IF(OR(K3="No Run",K3="Blocked",K3="N/A"),"No Run",IF(OR(K3="RBT"),"RBT","Executed")) -> RBT | O3: =IF(OR(K3="No Run",K3="Not Completed"),"Unfinished",IF(OR(K3="asdfs"),"RBT",IF(OR(K3="N/A"),"N/A",IF(OR(K3="Passed",K3="Failed",K3="RBT"),"Done",IF(OR(K3="Blocked"),"Blocked","-"))))) -> Done | P3: =CONCATENATE(C3," - ",E3) -> U3400 R6.4 - NIC5 - Meter state transitions - New to xxx to Active
A4: 36 | B4: L&G 82-R64 | C4: U3400 R6.4 - NIC3 | D4: 001 - Commissioning | E4: Meter state transitions - New to xxx to Active | F4: 1-Critical | H4: 45559 | I4: 0.71958333 | J4: Blocked | K4: RBT | L4: mkalra(Manoj Kalra) | M4: mkalra(Manoj Kalra) | N4: =IF(OR(K4="No Run",K4="Blocked",K4="N/A"),"No Run",IF(OR(K4="RBT"),"RBT","Executed")) -> RBT | O4: =IF(OR(K4="No Run",K4="Not Completed"),"Unfinished",IF(OR(K4="asdfs"),"RBT",IF(OR(K4="N/A"),"N/A",IF(OR(K4="Passed",K4="Failed",K4="RBT"),"Done",IF(OR(K4="Blocked"),"Blocked","-"))))) -> Done | P4: =CONCATENATE(C4," - ",E4) -> U3400 R6.4 - NIC3 - Meter state transitions - New to xxx to Active
A5: 36 | B5: L&G 82-R64 | C5: U3400 R6.4 - NIC3 | D5: 001 - Commissioning | E5: Meter state transitions - New to xxx to Active | F5: 1-Critical | H5: 45559 | I5: 0.71957176 | J5: Blocked | K5: RBT | L5: mkalra(Manoj Kalra) | M5: mkalra(Manoj Kalra) | N5: =IF(OR(K5="No Run",K5="Blocked",K5="N/A"),"No Run",IF(OR(K5="RBT"),"RBT","Executed")) -> RBT | O5: =IF(OR(K5="No Run",K5="Not Completed"),"Unfinished",IF(OR(K5="asdfs"),"RBT",IF(OR(K5="N/A"),"N/A",IF(OR(K5="Passed",K5="Failed",K5="RBT"),"Done",IF(OR(K5="Blocked"),"Blocked","-"))))) -> Done | P5: =CONCATENATE(C5," - ",E5) -> U3400 R6.4 - NIC3 - Meter state transitions - New to xxx to Active
A6: 36 | B6: L&G 82-R64 | C6: U1300 R6.4 - NIC5 | D6: 001 - Commissioning | E6: Meter state transitions - New to xxx to Active | F6: 1-Critical | H6: 45559 | I6: 0.71859954 | J6: Blocked | K6: RBT | L6: mkalra(Manoj Kalra) | M6: knjuguna(Kamau Njuguna) | N6: =IF(OR(K6="No Run",K6="Blocked",K6="N/A"),"No Run",IF(OR(K6="RBT"),"RBT","Executed")) -> RBT | O6: =IF(OR(K6="No Run",K6="Not Completed"),"Unfinished",IF(OR(K6="asdfs"),"RBT",IF(OR(K6="N/A"),"N/A",IF(OR(K6="Passed",K6="Failed",K6="RBT"),"Done",IF(OR(K6="Blocked"),"Blocked","-"))))) -> Done | P6: =CONCATENATE(C6," - ",E6) -> U1300 R6.4 - NIC5 - Meter state transitions - New to xxx to Active
A7: 36 | B7: L&G 82-R64 | C7: U1300 R6.4 - NIC5 | D7: 001 - Commissioning | E7: Meter state transitions - New to xxx to Active | F7: 1-Critical | H7: 45559 | I7: 0.71861111 | J7: Blocked | K7: RBT | L7: mkalra(Manoj Kalra) | M7: knjuguna(Kamau Njuguna) | N7: =IF(OR(K7="No Run",K7="Blocked",K7="N/A"),"No Run",IF(OR(K7="RBT"),"RBT","Executed")) -> RBT | O7: =IF(OR(K7="No Run",K7="Not Completed"),"Unfinished",IF(OR(K7="asdfs"),"RBT",IF(OR(K7="N/A"),"N/A",IF(OR(K7="Passed",K7="Failed",K7="RBT"),"Done",IF(OR(K7="Blocked"),"Blocked","-"))))) -> Done | P7: =CONCATENATE(C7," - ",E7) -> U1300 R6.4 - NIC5 - Meter state transitions - New to xxx to Active
A8: 36 | B8: L&G 82-R64 | C8: U1300 R6.4 - NIC3 | D8: 001 - Commissioning | E8: Meter state transitions - New to xxx to Active | F8: 1-Critical | H8: 45559 | I8: 0.71833333 | J8: Blocked | K8: RBT | L8: mkalra(Manoj Kalra) | M8: knjuguna(Kamau Njuguna) | N8: =IF(OR(K8="No Run",K8="Blocked",K8="N/A"),"No Run",IF(OR(K8="RBT"),"RBT","Executed")) -> RBT | O8: =IF(OR(K8="No Run",K8="Not Completed"),"Unfinished",IF(OR(K8="asdfs"),"RBT",IF(OR(K8="N/A"),"N/A",IF(OR(K8="Passed",K8="Failed",K8="RBT"),"Done",IF(OR(K8="Blocked"),"Blocked","-"))))) -> Done | P8: =CONCATENATE(C8," - ",E8) -> U1300 R6.4 - NIC3 - Meter state transitions - New to xxx to Active
A9: 36 | B9: L&G 82-R64 | C9: U1300 R6.4 - NIC3 | D9: 001 - Commissioning | E9: Meter state transitions - New to xxx to Active | F9: 1-Critical | H9: 45559 | I9: 0.71829861 | J9: Blocked | K9: RBT | L9: mkalra(Manoj Kalra) | M9: knjuguna(Kamau Njuguna) | N9: =IF(OR(K9="No Run",K9="Blocked",K9="N/A"),"No Run",IF(OR(K9="RBT"),"RBT","Executed")) -> RBT | O9: =IF(OR(K9="No Run",K9="Not Completed"),"Unfinished",IF(OR(K9="asdfs"),"RBT",IF(OR(K9="N/A"),"N/A",IF(OR(K9="Passed",K9="Failed",K9="RBT"),"Done",IF(OR(K9="Blocked"),"Blocked","-"))))) -> Done | P9: =CONCATENATE(C9," - ",E9) -> U1300 R6.4 - NIC3 - Meter state transitions - New to xxx to Active
A10: 32 | B10: L&G 82-R64 | C10: U1300 R6.4 - NIC3 | D10: 001 - Commissioning | E10: Reloading RMA meters into UIQ | F10: 1-Critical | H10: 45559 | I10: 0.71835648 | J10: RBT | K10: RBT | L10: mkalra(Manoj Kalra) | M10: knjuguna(Kamau Njuguna) | N10: =IF(OR(K10="No Run",K10="Blocked",K10="N/A"),"No Run",IF(OR(K10="RBT"),"RBT","Executed")) -> RBT | O10: =IF(OR(K10="No Run",K10="Not Completed"),"Unfinished",IF(OR(K10="asdfs"),"RBT",IF(OR(K10="N/A"),"N/A",IF(OR(K10="Passed",K10="Failed",K10="RBT"),"Done",IF(OR(K10="Blocked"),"Blocked","-"))))) -> Done | P10: =CONCATENATE(C10," - ",E10) -> U1300 R6.4 - NIC3 - Reloading RMA meters into UIQ
A11: 32 | B11: L&G 82-R64 | C11: U1300 R6.4 - NIC3 | D11: 001 - Commissioning | E11: Reloading RMA meters into UIQ | F11: 1-Critical | H11: 45559 | I11: 0.71844907 | J11: RBT | K11: RBT | L11: mkalra(Manoj Kalra) | M11: knjuguna(Kamau Njuguna) | N11: =IF(OR(K11="No Run",K11="Blocked",K11="N/A"),"No Run",IF(OR(K11="RBT"),"RBT","Executed")) -> RBT | O11: =IF(OR(K11="No Run",K11="Not Completed"),"Unfinished",IF(OR(K11="asdfs"),"RBT",IF(OR(K11="N/A"),"N/A",IF(OR(K11="Passed",K11="Failed",K11="RBT"),"Done",IF(OR(K11="Blocked"),"Blocked","-"))))) -> Done | P11: =CONCATENATE(C11," - ",E11) -> U1300 R6.4 - NIC3 - Reloading RMA meters into UIQ
A12: 32 | B12: L&G 82-R64 | C12: U1300 R6.4 - NIC5 | D12: 001 - Commissioning | E12: Reloading RMA meters into UIQ | F12: 1-Critical | H12: 45559 | I12: 0.71857639 | J12: RBT | K12: RBT | L12: mkalra(Manoj Kalra) | M12: knjuguna(Kamau Njuguna) | N12: =IF(OR(K12="No Run",K12="Blocked",K12="N/A"),"No Run",IF(OR(K12="RBT"),"RBT","Executed")) -> RBT | O12: =IF(OR(K12="No Run",K12="Not Completed"),"Unfinished",IF(OR(K12="asdfs"),"RBT",IF(OR(K12="N/A"),"N/A",IF(OR(K12="Passed",K12="Failed",K12="RBT"),"Done",IF(OR(K12="Blocked"),"Blocked","-"))))) -> Done | P12: =CONCATENATE(C12," - ",E12) -> U1300 R6.4 - NIC5 - Reloading RMA meters into UIQ
A13: 32 | B13: L&G 82-R64 | C13: U1300 R6.4 - NIC5 | D13: 001 - Commissioning | E13: Reloading RMA meters into UIQ | F13: 1-Critical | H13: 45559 | I13: 0.71855324 | J13: RBT | K13: RBT | L13: mkalra(Manoj Kalra) | M13: knjuguna(Kamau Njuguna) | N13: =IF(OR(K13="No Run",K13="Blocked",K13="N/A"),"No Run",IF(OR(K13="RBT"),"RBT","Executed")) -> RBT | O13: =IF(OR(K13="No Run",K13="Not Completed"),"Unfinished",IF(OR(K13="asdfs"),"RBT",IF(OR(K13="N/A"),"N/A",IF(OR(K13="Passed",K13="Failed",K13="RBT"),"Done",IF(OR(K13="Blocked"),"Blocked","-"))))) -> Done | P13: =CONCATENATE(C13," - ",E13) -> U1300 R6.4 - NIC5 - Reloading RMA meters into UIQ
... A50: 39 | B50: L&G 82-R64 | C50: U3400 R6.4 - NIC3 | D50: 007 - Meter Firmware | E50: FWU meter firmware upgrade - (seedingpercent) percent seeded - Uninterrupted | F50: 1-Critical | H50: 45573 | I50: 0.42417824 | J50: Failed | K50: Failed | L50: mkalra(Manoj Kalra) | M50: mkalra(Manoj Kalra) | N50: =IF(OR(K50="No Run",K50="Blocked",K50="N/A"),"No Run",IF(OR(K50="RBT"),"RBT","Executed")) -> Executed | O50: =IF(OR(K50="No Run",K50="Not Completed"),"Unfinished",IF(OR(K50="asdfs"),"RBT",IF(OR(K50="N/A"),"N/A",IF(OR(K50="Passed",K50="Failed",K50="RBT"),"Done",IF(OR(K50="Blocked"),"Blocked","-"))))) -> Done | P50: =CONCATENATE(C50," - ",E50) -> U3400 R6.4 - NIC3 - FWU meter firmware upgrade - (seedingpercent) percent seeded - Uninterrupted
A51: 1703 | B51: L&G 82-R64 | C51: U3400 R6.4 - NIC3 | D51: 007 - Meter Firmware | E51: FWU meter firmware upgrade - (seedingpercent) percent seeded - Interrupted | F51: 1-Critical | G51: This Test is performed on U1300 meter | H51: 45579 | I51: 0.68684028 | J51: Failed | K51: RBT | L51: mkalra(Manoj Kalra) | M51: mkalra(Manoj Kalra) | N51: =IF(OR(K51="No Run",K51="Blocked",K51="N/A"),"No Run",IF(OR(K51="RBT"),"RBT","Executed")) -> RBT | O51: =IF(OR(K51="No Run",K51="Not Completed"),"Unfinished",IF(OR(K51="asdfs"),"RBT",IF(OR(K51="N/A"),"N/A",IF(OR(K51="Passed",K51="Failed",K51="RBT"),"Done",IF(OR(K51="Blocked"),"Blocked","-"))))) -> Done | P51: =CONCATENATE(C51," - ",E51) -> U3400 R6.4 - NIC3 - FWU meter firmware upgrade - (seedingpercent) percent seeded - Interrupted
A52: 38 | B52: L&G 82-R64 | C52: U3400 R6.4 - NIC3 | D52: 007 - Meter Firmware | E52: Meter firmware audit | F52: 1-Critical | H52: 45569 | I52: 0.38296296 | J52: Passed | K52: Passed | L52: mkalra(Manoj Kalra) | M52: mkalra(Manoj Kalra) | N52: =IF(OR(K52="No Run",K52="Blocked",K52="N/A"),"No Run",IF(OR(K52="RBT"),"RBT","Executed")) -> Executed | O52: =IF(OR(K52="No Run",K52="Not Completed"),"Unfinished",IF(OR(K52="asdfs"),"RBT",IF(OR(K52="N/A"),"N/A",IF(OR(K52="Passed",K52="Failed",K52="RBT"),"Done",IF(OR(K52="Blocked"),"Blocked","-"))))) -> Done | P52: =CONCATENATE(C52," - ",E52) -> U3400 R6.4 - NIC3 - Meter firmware audit
A53: 39 | B53: L&G 82-R64 | C53: U1300 R6.4 - NIC3 | D53: 007 - Meter Firmware | E53: FWU meter firmware upgrade - (seedingpercent) percent seeded - Uninterrupted | F53: 1-Critical | H53: 45555 | I53: 0.45847222 | J53: Failed | K53: Failed | L53: knjuguna(Kamau Njuguna) | M53: knjuguna(Kamau Njuguna) | N53: =IF(OR(K53="No Run",K53="Blocked",K53="N/A"),"No Run",IF(OR(K53="RBT"),"RBT","Executed")) -> Executed | O53: =IF(OR(K53="No Run",K53="Not Completed"),"Unfinished",IF(OR(K53="asdfs"),"RBT",IF(OR(K53="N/A"),"N/A",IF(OR(K53="Passed",K53="Failed",K53="RBT"),"Done",IF(OR(K53="Blocked"),"Blocked","-"))))) -> Done | P53: =CONCATENATE(C53," - ",E53) -> U1300 R6.4 - NIC3 - FWU meter firmware upgrade - (seedingpercent) percent seeded - Uninterrupted
A54: 1703 | B54: L&G 82-R64 | C54: U1300 R6.4 - NIC3 | D54: 007 - Meter Firmware | E54: FWU meter firmware upgrade - (seedingpercent) percent seeded - Interrupted | F54: 1-Critical | H54: 45581 | I54: 0.3975 | J54: Failed | K54: Failed | L54: knjuguna(Kamau Njuguna) | M54: knjuguna(Kamau Njuguna) | N54: =IF(OR(K54="No Run",K54="Blocked",K54="N/A"),"No Run",IF(OR(K54="RBT"),"RBT","Executed")) -> Executed | O54: =IF(OR(K54="No Run",K54="Not Completed"),"Unfinished",IF(OR(K54="asdfs"),"RBT",IF(OR(K54="N/A"),"N/A",IF(OR(K54="Passed",K54="Failed",K54="RBT"),"Done",IF(OR(K54="Blocked"),"Blocked","-"))))) -> Done | P54: =CONCATENATE(C54," - ",E54) -> U1300 R6.4 - NIC3 - FWU meter firmware upgrade - (seedingpercent) percent seeded - Interrupted
A55: 38 | B55: L&G 82-R64 | C55: U1300 R6.4 - NIC3 | D55: 007 - Meter Firmware | E55: Meter firmware audit | F55: 1-Critical | H55: 45555 | I55: 0.55539352 | J55: Passed | K55: Passed | L55: knjuguna(Kamau Njuguna) | M55: knjuguna(Kamau Njuguna) | N55: =IF(OR(K55="No Run",K55="Blocked",K55="N/A"),"No Run",IF(OR(K55="RBT"),"RBT","Executed")) -> Executed | O55: =IF(OR(K55="No Run",K55="Not Completed"),"Unfinished",IF(OR(K55="asdfs"),"RBT",IF(OR(K55="N/A"),"N/A",IF(OR(K55="Passed",K55="Failed",K55="RBT"),"Done",IF(OR(K55="Blocked"),"Blocked","-"))))) -> Done | P55: =CONCATENATE(C55," - ",E55) -> U1300 R6.4 - NIC3 - Meter firmware audit
A56: 39 | B56: L&G 82-R64 | C56: U3400 R6.4 - NIC5 | D56: 007 - Meter Firmware | E56: FWU meter firmware upgrade - (seedingpercent) percent seeded - Uninterrupted | F56: 1-Critical | H56: 45573 | I56: 0.42483796 | J56: Failed | K56: Failed | L56: mkalra(Manoj Kalra) | M56: mkalra(Manoj Kalra) | N56: =IF(OR(K56="No Run",K56="Blocked",K56="N/A"),"No Run",IF(OR(K56="RBT"),"RBT","Executed")) -> Executed | O56: =IF(OR(K56="No Run",K56="Not Completed"),"Unfinished",IF(OR(K56="asdfs"),"RBT",IF(OR(K56="N/A"),"N/A",IF(OR(K56="Passed",K56="Failed",K56="RBT"),"Done",IF(OR(K56="Blocked"),"Blocked","-"))))) -> Done | P56: =CONCATENATE(C56," - ",E56) -> U3400 R6.4 - NIC5 - FWU meter firmware upgrade - (seedingpercent) percent seeded - Uninterrupted
A57: 1703 | B57: L&G 82-R64 | C57: U3400 R6.4 - NIC5 | D57: 007 - Meter Firmware | E57: FWU meter firmware upgrade - (seedingpercent) percent seeded - Interrupted | F57: 1-Critical | G57: This Test is performed on U1300 meter | H57: 45580 | I57: 0.44834491 | J57: Failed | K57: RBT | L57: mkalra(Manoj Kalra) | M57: mkalra(Manoj Kalra) | N57: =IF(OR(K57="No Run",K57="Blocked",K57="N/A"),"No Run",IF(OR(K57="RBT"),"RBT","Executed")) -> RBT | O57: =IF(OR(K57="No Run",K57="Not Completed"),"Unfinished",IF(OR(K57="asdfs"),"RBT",IF(OR(K57="N/A"),"N/A",IF(OR(K57="Passed",K57="Failed",K57="RBT"),"Done",IF(OR(K57="Blocked"),"Blocked","-"))))) -> Done | P57: =CONCATENATE(C57," - ",E57) -> U3400 R6.4 - NIC5 - FWU meter firmware upgrade - (seedingpercent) percent seeded - Interrupted
A58: 38 | B58: L&G 82-R64 | C58: U3400 R6.4 - NIC5 | D58: 007 - Meter Firmware | E58: Meter firmware audit | F58: 1-Critical | H58: 45569 | I58: 0.38293981 | J58: Passed | K58: Passed | L58: mkalra(Manoj Kalra) | M58: mkalra(Manoj Kalra) | N58: =IF(OR(K58="No Run",K58="Blocked",K58="N/A"),"No Run",IF(OR(K58="RBT"),"RBT","Executed")) -> Executed | O58: =IF(OR(K58="No Run",K58="Not Completed"),"Unfinished",IF(OR(K58="asdfs"),"RBT",IF(OR(K58="N/A"),"N/A",IF(OR(K58="Passed",K58="Failed",K58="RBT"),"Done",IF(OR(K58="Blocked"),"Blocked","-"))))) -> Done | P58: =CONCATENATE(C58," - ",E58) -> U3400 R6.4 - NIC5 - Meter firmware audit
A59: 39 | B59: L&G 82-R64 | C59: U1300 R6.4 - NIC5 | D59: 007 - Meter Firmware | E59: FWU meter firmware upgrade - (seedingpercent) percent seeded - Uninterrupted | F59: 1-Critical | H59: 45555 | I59: 0.47291667 | J59: Failed | K59: Failed | L59: knjuguna(Kamau Njuguna) | M59: knjuguna(Kamau Njuguna) | N59: =IF(OR(K59="No Run",K59="Blocked",K59="N/A"),"No Run",IF(OR(K59="RBT"),"RBT","Executed")) -> Executed | O59: =IF(OR(K59="No Run",K59="Not Completed"),"Unfinished",IF(OR(K59="asdfs"),"RBT",IF(OR(K59="N/A"),"N/A",IF(OR(K59="Passed",K59="Failed",K59="RBT"),"Done",IF(OR(K59="Blocked"),"Blocked","-"))))) -> Done | P59: =CONCATENATE(C59," - ",E59) -> U1300 R6.4 - NIC5 - FWU meter firmware upgrade - (seedingpercent) percent seeded - Uninterrupted
A60: 1703 | B60: L&G 82-R64 | C60: U1300 R6.4 - NIC5 | D60: 007 - Meter Firmware | E60: FWU meter firmware upgrade - (seedingpercent) percent seeded - Interrupted | F60: 1-Critical | G60: NIC320 meter has been tested | H60: 45580 | I60: 0.49413194 | J60: Failed | K60: RBT | L60: knjuguna(Kamau Njuguna) | M60: knjuguna(Kamau Njuguna) | N60: =IF(OR(K60="No Run",K60="Blocked",K60="N/A"),"No Run",IF(OR(K60="RBT"),"RBT","Executed")) -> RBT | O60: =IF(OR(K60="No Run",K60="Not Completed"),"Unfinished",IF(OR(K60="asdfs"),"RBT",IF(OR(K60="N/A"),"N/A",IF(OR(K60="Passed",K60="Failed",K60="RBT"),"Done",IF(OR(K60="Blocked"),"Blocked","-"))))) -> Done | P60: =CONCATENATE(C60," - ",E60) -> U1300 R6.4 - NIC5 - FWU meter firmware upgrade - (seedingpercent) percent seeded - Interrupted
A61: 38 | B61: L&G 82-R64 | C61: U1300 R6.4 - NIC5 | D61: 007 - Meter Firmware | E61: Meter firmware audit | F61: 1-Critical | H61: 45555 | I61: 0.6258912 | J61: Passed | K61: Passed | L61: knjuguna(Kamau Njuguna) | M61: knjuguna(Kamau Njuguna) | N61: =IF(OR(K61="No Run",K61="Blocked",K61="N/A"),"No Run",IF(OR(K61="RBT"),"RBT","Executed")) -> Executed | O61: =IF(OR(K61="No Run",K61="Not Completed"),"Unfinished",IF(OR(K61="asdfs"),"RBT",IF(OR(K61="N/A"),"N/A",IF(OR(K61="Passed",K61="Failed",K61="RBT"),"Done",IF(OR(K61="Blocked"),"Blocked","-"))))) -> Done | P61: =CONCATENATE(C61," - ",E61) -> U1300 R6.4 - NIC5 - Meter firmware audit
A62: 41 | B62: L&G 82-R64 | C62: U3400 R6.4 - NIC3 | D62: 008 - Meter Program | E62: Meter Program - Remote 1 - Load a full meter program (New Meter Program in UIQ) | F62: 1-Critical | H62: 45572 | I62: 0.65039352 | J62: Not Completed | K62: Passed | L62: mkalra(Manoj Kalra) | M62: mkalra(Manoj Kalra) | N62: =IF(OR(K62="No Run",K62="Blocked",K62="N/A"),"No Run",IF(OR(K62="RBT"),"RBT","Executed")) -> Executed | O62: =IF(OR(K62="No Run",K62="Not Completed"),"Unfinished",IF(OR(K62="asdfs"),"RBT",IF(OR(K62="N/A"),"N/A",IF(OR(K62="Passed",K62="Failed",K62="RBT"),"Done",IF(OR(K62="Blocked"),"Blocked","-"))))) -> Done | P62: =CONCATENATE(C62," - ",E62) -> U3400 R6.4 - NIC3 - Meter Program - Remote 1 - Load a full meter program (New Meter Program in UIQ)
A63: 42 | B63: L&G 82-R64 | C63: U3400 R6.4 - NIC3 | D63: 008 - Meter Program | E63: Meter Program - Remote 4 - Load a full meter program (Meter Program exists in UIQ) | F63: 1-Critical | H63: 45573 | I63: 0.74234954 | J63: Passed | K63: Passed | L63: mkalra(Manoj Kalra) | M63: mkalra(Manoj Kalra) | N63: =IF(OR(K63="No Run",K63="Blocked",K63="N/A"),"No Run",IF(OR(K63="RBT"),"RBT","Executed")) -> Executed | O63: =IF(OR(K63="No Run",K63="Not Completed"),"Unfinished",IF(OR(K63="asdfs"),"RBT",IF(OR(K63="N/A"),"N/A",IF(OR(K63="Passed",K63="Failed",K63="RBT"),"Done",IF(OR(K63="Blocked"),"Blocked","-"))))) -> Done | P63: =CONCATENATE(C63," - ",E63) -> U3400 R6.4 - NIC3 - Meter Program - Remote 4 - Load a full meter program (Meter Program exists in UIQ)
A64: 61 | B64: L&G 82-R64 | C64: U3400 R6.4 - NIC3 | D64: 008 - Meter Program | E64: Meter Program - export events | F64: 1-Critical | H64: 45565 | I64: 0.57336806 | J64: RBT | K64: Passed | L64: mkalra(Manoj Kalra) | M64: mkalra(Manoj Kalra) | N64: =IF(OR(K64="No Run",K64="Blocked",K64="N/A"),"No Run",IF(OR(K64="RBT"),"RBT","Executed")) -> Executed | O64: =IF(OR(K64="No Run",K64="Not Completed"),"Unfinished",IF(OR(K64="asdfs"),"RBT",IF(OR(K64="N/A"),"N/A",IF(OR(K64="Passed",K64="Failed",K64="RBT"),"Done",IF(OR(K64="Blocked"),"Blocked","-"))))) -> Done | P64: =CONCATENATE(C64," - ",E64) -> U3400 R6.4 - NIC3 - Meter Program - export events
A65: 40 | B65: L&G 82-R64 | C65: U3400 R6.4 - NIC3 | D65: 008 - Meter Program | E65: Meter program audit | F65: 1-Critical | H65: 45572 | I65: 0.66690972 | J65: Passed | K65: Passed | L65: mkalra(Manoj Kalra) | M65: mkalra(Manoj Kalra) | N65: =IF(OR(K65="No Run",K65="Blocked",K65="N/A"),"No Run",IF(OR(K65="RBT"),"RBT","Executed")) -> Executed | O65: =IF(OR(K65="No Run",K65="Not Completed"),"Unfinished",IF(OR(K65="asdfs"),"RBT",IF(OR(K65="N/A"),"N/A",IF(OR(K65="Passed",K65="Failed",K65="RBT"),"Done",IF(OR(K65="Blocked"),"Blocked","-"))))) -> Done | P65: =CONCATENATE(C65," - ",E65) -> U3400 R6.4 - NIC3 - Meter program audit
A66: 41 | B66: L&G 82-R64 | C66: U1300 R6.4 - NIC3 | D66: 008 - Meter Program | E66: Meter Program - Remote 1 - Load a full meter program (New Meter Program in UIQ) | F66: 1-Critical | H66: 45568 | I66: 0.61731481 | J66: Not Completed | K66: Failed | L66: knjuguna(Kamau Njuguna) | M66: knjuguna(Kamau Njuguna) | N66: =IF(OR(K66="No Run",K66="Blocked",K66="N/A"),"No Run",IF(OR(K66="RBT"),"RBT","Executed")) -> Executed | O66: =IF(OR(K66="No Run",K66="Not Completed"),"Unfinished",IF(OR(K66="asdfs"),"RBT",IF(OR(K66="N/A"),"N/A",IF(OR(K66="Passed",K66="Failed",K66="RBT"),"Done",IF(OR(K66="Blocked"),"Blocked","-"))))) -> Done | P66: =CONCATENATE(C66," - ",E66) -> U1300 R6.4 - NIC3 - Meter Program - Remote 1 - Load a full meter program (New Meter Program in UIQ)
A67: 42 | B67: L&G 82-R64 | C67: U1300 R6.4 - NIC3 | D67: 008 - Meter Program | E67: Meter Program - Remote 4 - Load a full meter program (Meter Program exists in UIQ) | F67: 1-Critical | H67: 45568 | I67: 0.66568287 | J67: Passed | K67: Failed | L67: knjuguna(Kamau Njuguna) | M67: knjuguna(Kamau Njuguna) | N67: =IF(OR(K67="No Run",K67="Blocked",K67="N/A"),"No Run",IF(OR(K67="RBT"),"RBT","Executed")) -> Executed | O67: =IF(OR(K67="No Run",K67="Not Completed"),"Unfinished",IF(OR(K67="asdfs"),"RBT",IF(OR(K67="N/A"),"N/A",IF(OR(K67="Passed",K67="Failed",K67="RBT"),"Done",IF(OR(K67="Blocked"),"Blocked","-"))))) -> Done | P67: =CONCATENATE(C67," - ",E67) -> U1300 R6.4 - NIC3 - Meter Program - Remote 4 - Load a full meter program (Meter Program exists in UIQ)
A68: 61 | B68: L&G 82-R64 | C68: U1300 R6.4 - NIC3 | D68: 008 - Meter Program | E68: Meter Program - export events | F68: 1-Critical | G68: Covered in Meter Data Integrity test | H68: 45589 | I68: 0.61400463 | J68: RBT | K68: RBT | L68: knjuguna(Kamau Njuguna) | M68: knjuguna(Kamau Njuguna) | N68: =IF(OR(K68="No Run",K68="Blocked",K68="N/A"),"No Run",IF(OR(K68="RBT"),"RBT","Executed")) -> RBT | O68: =IF(OR(K68="No Run",K68="Not Completed"),"Unfinished",IF(OR(K68="asdfs"),"RBT",IF(OR(K68="N/A"),"N/A",IF(OR(K68="Passed",K68="Failed",K68="RBT"),"Done",IF(OR(K68="Blocked"),"Blocked","-"))))) -> Done | P68: =CONCATENATE(C68," - ",E68) -> U1300 R6.4 - NIC3 - Meter Program - export events
A69: 40 | B69: L&G 82-R64 | C69: U1300 R6.4 - NIC3 | D69: 008 - Meter Program | E69: Meter program audit | F69: 1-Critical | H69: 45566 | I69: 0.6930787 | J69: Passed | K69: Failed | L69: knjuguna(Kamau Njuguna) | M69: knjuguna(Kamau Njuguna) | N69: =IF(OR(K69="No Run",K69="Blocked",K69="N/A"),"No Run",IF(OR(K69="RBT"),"RBT","Executed")) -> Executed | O69: =IF(OR(K69="No Run",K69="Not Completed"),"Unfinished",IF(OR(K69="asdfs"),"RBT",IF(OR(K69="N/A"),"N/A",IF(OR(K69="Passed",K69="Failed",K69="RBT"),"Done",IF(OR(K69="Blocked"),"Blocked","-"))))) -> Done | P69: =CONCATENATE(C69," - ",E69) -> U1300 R6.4 - NIC3 - Meter program audit
A70: 41 | B70: L&G 82-R64 | C70: U3400 R6.4 - NIC5 | D70: 008 - Meter Program | E70: Meter Program - Remote 1 - Load a full meter program (New Meter Program in UIQ) | F70: 1-Critical | H70: 45572 | I70: 0.63010417 | J70: Not Completed | K70: Passed | L70: mkalra(Manoj Kalra) | M70: mkalra(Manoj Kalra) | N70: =IF(OR(K70="No Run",K70="Blocked",K70="N/A"),"No Run",IF(OR(K70="RBT"),"RBT","Executed")) -> Executed | O70: =IF(OR(K70="No Run",K70="Not Completed"),"Unfinished",IF(OR(K70="asdfs"),"RBT",IF(OR(K70="N/A"),"N/A",IF(OR(K70="Passed",K70="Failed",K70="RBT"),"Done",IF(OR(K70="Blocked"),"Blocked","-"))))) -> Done | P70: =CONCATENATE(C70," - ",E70) -> U3400 R6.4 - NIC5 - Meter Program - Remote 1 - Load a full meter program (New Meter Program in UIQ)
A71: 42 | B71: L&G 82-R64 | C71: U3400 R6.4 - NIC5 | D71: 008 - Meter Program | E71: Meter Program - Remote 4 - Load a full meter program (Meter Program exists in UIQ) | F71: 1-Critical | H71: 45573 | I71: 0.74237269 | J71: Passed | K71: Passed | L71: mkalra(Manoj Kalra) | M71: mkalra(Manoj Kalra) | N71: =IF(OR(K71="No Run",K71="Blocked",K71="N/A"),"No Run",IF(OR(K71="RBT"),"RBT","Executed")) -> Executed | O71: =IF(OR(K71="No Run",K71="Not Completed"),"Unfinished",IF(OR(K71="asdfs"),"RBT",IF(OR(K71="N/A"),"N/A",IF(OR(K71="Passed",K71="Failed",K71="RBT"),"Done",IF(OR(K71="Blocked"),"Blocked","-"))))) -> Done | P71: =CONCATENATE(C71," - ",E71) -> U3400 R6.4 - NIC5 - Meter Program - Remote 4 - Load a full meter program (Meter Program exists in UIQ)
A72: 61 | B72: L&G 82-R64 | C72: U3400 R6.4 - NIC5 | D72: 008 - Meter Program | E72: Meter Program - export events | F72: 1-Critical | H72: 45565 | I72: 0.56559028 | J72: RBT | K72: Passed | L72: mkalra(Manoj Kalra) | M72: mkalra(Manoj Kalra) | N72: =IF(OR(K72="No Run",K72="Blocked",K72="N/A"),"No Run",IF(OR(K72="RBT"),"RBT","Executed")) -> Executed | O72: =IF(OR(K72="No Run",K72="Not Completed"),"Unfinished",IF(OR(K72="asdfs"),"RBT",IF(OR(K72="N/A"),"N/A",IF(OR(K72="Passed",K72="Failed",K72="RBT"),"Done",IF(OR(K72="Blocked"),"Blocked","-"))))) -> Done | P72: =CONCATENATE(C72," - ",E72) -> U3400 R6.4 - NIC5 - Meter Program - export events
A73: 40 | B73: L&G 82-R64 | C73: U3400 R6.4 - NIC5 | D73: 008 - Meter Program | E73: Meter program audit | F73: 1-Critical | H73: 45572 | I73: 0.666875 | J73: Passed | K73: Passed | L73: mkalra(Manoj Kalra) | M73: mkalra(Manoj Kalra) | N73: =IF(OR(K73="No Run",K73="Blocked",K73="N/A"),"No Run",IF(OR(K73="RBT"),"RBT","Executed")) -> Executed | O73: =IF(OR(K73="No Run",K73="Not Completed"),"Unfinished",IF(OR(K73="asdfs"),"RBT",IF(OR(K73="N/A"),"N/A",IF(OR(K73="Passed",K73="Failed",K73="RBT"),"Done",IF(OR(K73="Blocked"),"Blocked","-"))))) -> Done | P73: =CONCATENATE(C73," - ",E73) -> U3400 R6.4 - NIC5 - Meter program audit
A74: 41 | B74: L&G 82-R64 | C74: U1300 R6.4 - NIC5 | D74: 008 - Meter Program | E74: Meter Program - Remote 1 - Load a full meter program (New Meter Program in UIQ) | F74: 1-Critical | H74: 45568 | I74: 0.61173611 | J74: Not Completed | K74: Failed | L74: knjuguna(Kamau Njuguna) | M74: knjuguna(Kamau Njuguna) | N74: =IF(OR(K74="No Run",K74="Blocked",K74="N/A"),"No Run",IF(OR(K74="RBT"),"RBT","Executed")) -> Executed | O74: =IF(OR(K74="No Run",K74="Not Completed"),"Unfinished",IF(OR(K74="asdfs"),"RBT",IF(OR(K74="N/A"),"N/A",IF(OR(K74="Passed",K74="Failed",K74="RBT"),"Done",IF(OR(K74="Blocked"),"Blocked","-"))))) -> Done | P74: =CONCATENATE(C74," - ",E74) -> U1300 R6.4 - NIC5 - Meter Program - Remote 1 - Load a full meter program (New Meter Program in UIQ)
A75: 42 | B75: L&G 82-R64 | C75: U1300 R6.4 - NIC5 | D75: 008 - Meter Program | E75: Meter Program - Remote 4 - Load a full meter program (Meter Program exists in UIQ) | F75: 1-Critical | H75: 45568 | I75: 0.68877315 | J75: Passed | K75: Failed | L75: knjuguna(Kamau Njuguna) | M75: knjuguna(Kamau Njuguna) | N75: =IF(OR(K75="No Run",K75="Blocked",K75="N/A"),"No Run",IF(OR(K75="RBT"),"RBT","Executed")) -> Executed | O75: =IF(OR(K75="No Run",K75="Not Completed"),"Unfinished",IF(OR(K75="asdfs"),"RBT",IF(OR(K75="N/A"),"N/A",IF(OR(K75="Passed",K75="Failed",K75="RBT"),"Done",IF(OR(K75="Blocked"),"Blocked","-"))))) -> Done | P75: =CONCATENATE(C75," - ",E75) -> U1300 R6.4 - NIC5 - Meter Program - Remote 4 - Load a full meter program (Meter Program exists in UIQ)
A76: 61 | B76: L&G 82-R64 | C76: U1300 R6.4 - NIC5 | D76: 008 - Meter Program | E76: Meter Program - export events | F76: 1-Critical | G76: Covered in Meter Data Integrity test | H76: 45589 | I76: 0.615 | J76: RBT | K76: RBT | L76: knjuguna(Kamau Njuguna) | M76: knjuguna(Kamau Njuguna) | N76: =IF(OR(K76="No Run",K76="Blocked",K76="N/A"),"No Run",IF(OR(K76="RBT"),"RBT","Executed")) -> RBT | O76: =IF(OR(K76="No Run",K76="Not Completed"),"Unfinished",IF(OR(K76="asdfs"),"RBT",IF(OR(K76="N/A"),"N/A",IF(OR(K76="Passed",K76="Failed",K76="RBT"),"Done",IF(OR(K76="Blocked"),"Blocked","-"))))) -> Done | P76: =CONCATENATE(C76," - ",E76) -> U1300 R6.4 - NIC5 - Meter Program - export events
A77: 40 | B77: L&G 82-R64 | C77: U1300 R6.4 - NIC5 | D77: 008 - Meter Program | E77: Meter program audit | F77: 1-Critical | H77: 45566 | I77: 0.69702546 | J77: Passed | K77: Failed | L77: knjuguna(Kamau Njuguna) | M77: knjuguna(Kamau Njuguna) | N77: =IF(OR(K77="No Run",K77="Blocked",K77="N/A"),"No Run",IF(OR(K77="RBT"),"RBT","Executed")) -> Executed | O77: =IF(OR(K77="No Run",K77="Not Completed"),"Unfinished",IF(OR(K77="asdfs"),"RBT",IF(OR(K77="N/A"),"N/A",IF(OR(K77="Passed",K77="Failed",K77="RBT"),"Done",IF(OR(K77="Blocked"),"Blocked","-"))))) -> Done | P77: =CONCATENATE(C77," - ",E77) -> U1300 R6.4 - NIC5 - Meter program audit
A78: 141 | B78: L&G 82-R64 | C78: U3400 R6.4 - NIC5 | D78: 008 - Meter Program | E78: Meter Program - NIC program seal | F78: 1-Critical | H78: 45565 | I78: 0.43917824 | J78: Passed | K78: Passed | L78: mkalra(Manoj Kalra) | M78: mkalra(Manoj Kalra) | N78: =IF(OR(K78="No Run",K78="Blocked",K78="N/A"),"No Run",IF(OR(K78="RBT"),"RBT","Executed")) -> Executed | O78: =IF(OR(K78="No Run",K78="Not Completed"),"Unfinished",IF(OR(K78="asdfs"),"RBT",IF(OR(K78="N/A"),"N/A",IF(OR(K78="Passed",K78="Failed",K78="RBT"),"Done",IF(OR(K78="Blocked"),"Blocked","-"))))) -> Done | P78: =CONCATENATE(C78," - ",E78) -> U3400 R6.4 - NIC5 - Meter Program - NIC program seal
A79: 141 | B79: L&G 82-R64 | C79: U1300 R6.4 - NIC3 | D79: 008 - Meter Program | E79: Meter Program - NIC program seal | F79: 1-Critical | H79: 45574 | I79: 0.66349537 | J79: Passed | K79: Passed | L79: knjuguna(Kamau Njuguna) | M79: knjuguna(Kamau Njuguna) | N79: =IF(OR(K79="No Run",K79="Blocked",K79="N/A"),"No Run",IF(OR(K79="RBT"),"RBT","Executed")) -> Executed | O79: =IF(OR(K79="No Run",K79="Not Completed"),"Unfinished",IF(OR(K79="asdfs"),"RBT",IF(OR(K79="N/A"),"N/A",IF(OR(K79="Passed",K79="Failed",K79="RBT"),"Done",IF(OR(K79="Blocked"),"Blocked","-"))))) -> Done | P79: =CONCATENATE(C79," - ",E79) -> U1300 R6.4 - NIC3 - Meter Program - NIC program seal
A80: 141 | B80: L&G 82-R64 | C80: U1300 R6.4 - NIC5 | D80: 008 - Meter Program | E80: Meter Program - NIC program seal | F80: 1-Critical | H80: 45574 | I80: 0.66684028 | J80: Passed | K80: Passed | L80: knjuguna(Kamau Njuguna) | M80: knjuguna(Kamau Njuguna) | N80: =IF(OR(K80="No Run",K80="Blocked",K80="N/A"),"No Run",IF(OR(K80="RBT"),"RBT","Executed")) -> Executed | O80: =IF(OR(K80="No Run",K80="Not Completed"),"Unfinished",IF(OR(K80="asdfs"),"RBT",IF(OR(K80="N/A"),"N/A",IF(OR(K80="Passed",K80="Failed",K80="RBT"),"Done",IF(OR(K80="Blocked"),"Blocked","-"))))) -> Done | P80: =CONCATENATE(C80," - ",E80) -> U1300 R6.4 - NIC5 - Meter Program - NIC program seal
A81: 141 | B81: L&G 82-R64 | C81: U3400 R6.4 - NIC3 | D81: 008 - Meter Program | E81: Meter Program - NIC program seal | F81: 1-Critical | H81: 45565 | I81: 0.43913194 | J81: Passed | K81: Passed | L81: mkalra(Manoj Kalra) | M81: mkalra(Manoj Kalra) | N81: =IF(OR(K81="No Run",K81="Blocked",K81="N/A"),"No Run",IF(OR(K81="RBT"),"RBT","Executed")) -> Executed | O81: =IF(OR(K81="No Run",K81="Not Completed"),"Unfinished",IF(OR(K81="asdfs"),"RBT",IF(OR(K81="N/A"),"N/A",IF(OR(K81="Passed",K81="Failed",K81="RBT"),"Done",IF(OR(K81="Blocked"),"Blocked","-"))))) -> Done | P81: =CONCATENATE(C81," - ",E81) -> U3400 R6.4 - NIC3 - Meter Program - NIC program seal
A82: 140 | B82: L&G 82-R64 | C82: U3400 R6.4 - NIC5 | D82: 008 - Meter Program | E82: Meter Program - Partial programming (Remote) | F82: 1-Critical | H82: 45559 | I82: 0.72015046 | J82: RBT | K82: RBT | L82: mkalra(Manoj Kalra) | M82: mkalra(Manoj Kalra) | N82: =IF(OR(K82="No Run",K82="Blocked",K82="N/A"),"No Run",IF(OR(K82="RBT"),"RBT","Executed")) -> RBT | O82: =IF(OR(K82="No Run",K82="Not Completed"),"Unfinished",IF(OR(K82="asdfs"),"RBT",IF(OR(K82="N/A"),"N/A",IF(OR(K82="Passed",K82="Failed",K82="RBT"),"Done",IF(OR(K82="Blocked"),"Blocked","-"))))) -> Done | P82: =CONCATENATE(C82," - ",E82) -> U3400 R6.4 - NIC5 - Meter Program - Partial programming (Remote)
A83: 140 | B83: L&G 82-R64 | C83: U3400 R6.4 - NIC3 | D83: 008 - Meter Program | E83: Meter Program - Partial programming (Remote) | F83: 1-Critical | H83: 45559 | I83: 0.71956019 | J83: RBT | K83: RBT | L83: mkalra(Manoj Kalra) | M83: mkalra(Manoj Kalra) | N83: =IF(OR(K83="No Run",K83="Blocked",K83="N/A"),"No Run",IF(OR(K83="RBT"),"RBT","Executed")) -> RBT | O83: =IF(OR(K83="No Run",K83="Not Completed"),"Unfinished",IF(OR(K83="asdfs"),"RBT",IF(OR(K83="N/A"),"N/A",IF(OR(K83="Passed",K83="Failed",K83="RBT"),"Done",IF(OR(K83="Blocked"),"Blocked","-"))))) -> Done | P83: =CONCATENATE(C83," - ",E83) -> U3400 R6.4 - NIC3 - Meter Program - Partial programming (Remote)
A84: 140 | B84: L&G 82-R64 | C84: U1300 R6.4 - NIC5 | D84: 008 - Meter Program | E84: Meter Program - Partial programming (Remote) | F84: 1-Critical | H84: 45559 | I84: 0.71862269 | J84: RBT | K84: RBT | L84: mkalra(Manoj Kalra) | M84: knjuguna(Kamau Njuguna) | N84: =IF(OR(K84="No Run",K84="Blocked",K84="N/A"),"No Run",IF(OR(K84="RBT"),"RBT","Executed")) -> RBT | O84: =IF(OR(K84="No Run",K84="Not Completed"),"Unfinished",IF(OR(K84="asdfs"),"RBT",IF(OR(K84="N/A"),"N/A",IF(OR(K84="Passed",K84="Failed",K84="RBT"),"Done",IF(OR(K84="Blocked"),"Blocked","-"))))) -> Done | P84: =CONCATENATE(C84," - ",E84) -> U1300 R6.4 - NIC5 - Meter Program - Partial programming (Remote)
A85: 140 | B85: L&G 82-R64 | C85: U1300 R6.4 - NIC3 | D85: 008 - Meter Program | E85: Meter Program - Partial programming (Remote) | F85: 1-Critical | H85: 45559 | I85: 0.71827546 | J85: RBT | K85: RBT | L85: mkalra(Manoj Kalra) | M85: knjuguna(Kamau Njuguna) | N85: =IF(OR(K85="No Run",K85="Blocked",K85="N/A"),"No Run",IF(OR(K85="RBT"),"RBT","Executed")) -> RBT | O85: =IF(OR(K85="No Run",K85="Not Completed"),"Unfinished",IF(OR(K85="asdfs"),"RBT",IF(OR(K85="N/A"),"N/A",IF(OR(K85="Passed",K85="Failed",K85="RBT"),"Done",IF(OR(K85="Blocked"),"Blocked","-"))))) -> Done | P85: =CONCATENATE(C85," - ",E85) -> U1300 R6.4 - NIC3 - Meter Program - Partial programming (Remote)
A86: 1770 | B86: L&G 82-R64 | C86: U1300 R6.4 - NIC3 | D86: 008A - Meter Program Tests | E86: L&G_LP_Enable | F86: 3-Medium | H86: 45575 | I86: 0.6669213 | J86: Not Completed | K86: Passed | L86: knjuguna(Kamau Njuguna) | M86: knjuguna(Kamau Njuguna) | N86: =IF(OR(K86="No Run",K86="Blocked",K86="N/A"),"No Run",IF(OR(K86="RBT"),"RBT","Executed")) -> Executed | O86: =IF(OR(K86="No Run",K86="Not Completed"),"Unfinished",IF(OR(K86="asdfs"),"RBT",IF(OR(K86="N/A"),"N/A",IF(OR(K86="Passed",K86="Failed",K86="RBT"),"Done",IF(OR(K86="Blocked"),"Blocked","-"))))) -> Done | P86: =CONCATENATE(C86," - ",E86) -> U1300 R6.4 - NIC3 - L&G_LP_Enable
A87: 1770 | B87: L&G 82-R64 | C87: U1300 R6.4 - NIC5 | D87: 008A - Meter Program Tests | E87: L&G_LP_Enable | F87: 3-Medium | H87: 45575 | I87: 0.66707176 | J87: Not Completed | K87: Passed | L87: knjuguna(Kamau Njuguna) | M87: knjuguna(Kamau Njuguna) | N87: =IF(OR(K87="No Run",K87="Blocked",K87="N/A"),"No Run",IF(OR(K87="RBT"),"RBT","Executed")) -> Executed | O87: =IF(OR(K87="No Run",K87="Not Completed"),"Unfinished",IF(OR(K87="asdfs"),"RBT",IF(OR(K87="N/A"),"N/A",IF(OR(K87="Passed",K87="Failed",K87="RBT"),"Done",IF(OR(K87="Blocked"),"Blocked","-"))))) -> Done | P87: =CONCATENATE(C87," - ",E87) -> U1300 R6.4 - NIC5 - L&G_LP_Enable
A88: 1770 | B88: L&G 82-R64 | C88: U3400 R6.4 - NIC3 | D88: 008A - Meter Program Tests | E88: L&G_LP_Enable | F88: 3-Medium | H88: 45579 | I88: 0.67858796 | J88: Not Completed | K88: Passed | L88: mkalra(Manoj Kalra) | M88: mkalra(Manoj Kalra) | N88: =IF(OR(K88="No Run",K88="Blocked",K88="N/A"),"No Run",IF(OR(K88="RBT"),"RBT","Executed")) -> Executed | O88: =IF(OR(K88="No Run",K88="Not Completed"),"Unfinished",IF(OR(K88="asdfs"),"RBT",IF(OR(K88="N/A"),"N/A",IF(OR(K88="Passed",K88="Failed",K88="RBT"),"Done",IF(OR(K88="Blocked"),"Blocked","-"))))) -> Done | P88: =CONCATENATE(C88," - ",E88) -> U3400 R6.4 - NIC3 - L&G_LP_Enable
A89: 1770 | B89: L&G 82-R64 | C89: U3400 R6.4 - NIC5 | D89: 008A - Meter Program Tests | E89: L&G_LP_Enable | F89: 3-Medium | H89: 45561 | I89: 0.59513889 | J89: Not Completed | K89: Passed | L89: mkalra(Manoj Kalra) | M89: mkalra(Manoj Kalra) | N89: =IF(OR(K89="No Run",K89="Blocked",K89="N/A"),"No Run",IF(OR(K89="RBT"),"RBT","Executed")) -> Executed | O89: =IF(OR(K89="No Run",K89="Not Completed"),"Unfinished",IF(OR(K89="asdfs"),"RBT",IF(OR(K89="N/A"),"N/A",IF(OR(K89="Passed",K89="Failed",K89="RBT"),"Done",IF(OR(K89="Blocked"),"Blocked","-"))))) -> Done | P89: =CONCATENATE(C89," - ",E89) -> U3400 R6.4 - NIC5 - L&G_LP_Enable
A90: 111 | B90: L&G 82-R64 | C90: U3400 R6.4 - NIC3 | D90: 009 - Metrology | E90: Meter Accuracy | F90: 1-Critical | G90: Report from L&G is used for this test. | H90: 45589 | I90: 0.56944444 | J90: RBT | K90: RBT | L90: mkalra(Manoj Kalra) | M90: mkalra(Manoj Kalra) | N90: =IF(OR(K90="No Run",K90="Blocked",K90="N/A"),"No Run",IF(OR(K90="RBT"),"RBT","Executed")) -> RBT | O90: =IF(OR(K90="No Run",K90="Not Completed"),"Unfinished",IF(OR(K90="asdfs"),"RBT",IF(OR(K90="N/A"),"N/A",IF(OR(K90="Passed",K90="Failed",K90="RBT"),"Done",IF(OR(K90="Blocked"),"Blocked","-"))))) -> Done | P90: =CONCATENATE(C90," - ",E90) -> U3400 R6.4 - NIC3 - Meter Accuracy
A91: 1709 | B91: L&G 82-R64 | C91: U3400 R6.4 - NIC3 | D91: 009 - Metrology | E91: Meter Data Integrity - Meter to UIQ (Full) | F91: 1-Critical | H91: 45576 | I91: 0.61821759 | J91: Passed | K91: Passed | L91: mkalra(Manoj Kalra) | M91: mkalra(Manoj Kalra) | N91: =IF(OR(K91="No Run",K91="Blocked",K91="N/A"),"No Run",IF(OR(K91="RBT"),"RBT","Executed")) -> Executed | O91: =IF(OR(K91="No Run",K91="Not Completed"),"Unfinished",IF(OR(K91="asdfs"),"RBT",IF(OR(K91="N/A"),"N/A",IF(OR(K91="Passed",K91="Failed",K91="RBT"),"Done",IF(OR(K91="Blocked"),"Blocked","-"))))) -> Done | P91: =CONCATENATE(C91," - ",E91) -> U3400 R6.4 - NIC3 - Meter Data Integrity - Meter to UIQ (Full)
A92: 66 | B92: L&G 82-R64 | C92: U3400 R6.4 - NIC3 | D92: 009 - Metrology | E92: AMM - On Demand Read - C1219 Read | F92: 1-Critical | H92: 45560 | I92: 0.58519676 | J92: Passed | K92: Passed | L92: mkalra(Manoj Kalra) | M92: mkalra(Manoj Kalra) | N92: =IF(OR(K92="No Run",K92="Blocked",K92="N/A"),"No Run",IF(OR(K92="RBT"),"RBT","Executed")) -> Executed | O92: =IF(OR(K92="No Run",K92="Not Completed"),"Unfinished",IF(OR(K92="asdfs"),"RBT",IF(OR(K92="N/A"),"N/A",IF(OR(K92="Passed",K92="Failed",K92="RBT"),"Done",IF(OR(K92="Blocked"),"Blocked","-"))))) -> Done | P92: =CONCATENATE(C92," - ",E92) -> U3400 R6.4 - NIC3 - AMM - On Demand Read - C1219 Read
A93: 63 | B93: L&G 82-R64 | C93: U3400 R6.4 - NIC3 | D93: 009 - Metrology | E93: AMM - On Demand Read - Interval | F93: 1-Critical | H93: 45560 | I93: 0.59387731 | J93: Passed | K93: Passed | L93: mkalra(Manoj Kalra) | M93: mkalra(Manoj Kalra) | N93: =IF(OR(K93="No Run",K93="Blocked",K93="N/A"),"No Run",IF(OR(K93="RBT"),"RBT","Executed")) -> Executed | O93: =IF(OR(K93="No Run",K93="Not Completed"),"Unfinished",IF(OR(K93="asdfs"),"RBT",IF(OR(K93="N/A"),"N/A",IF(OR(K93="Passed",K93="Failed",K93="RBT"),"Done",IF(OR(K93="Blocked"),"Blocked","-"))))) -> Done | P93: =CONCATENATE(C93," - ",E93) -> U3400 R6.4 - NIC3 - AMM - On Demand Read - Interval
A94: 62 | B94: L&G 82-R64 | C94: U3400 R6.4 - NIC3 | D94: 009 - Metrology | E94: AMM - On Demand Read - New Data | F94: 1-Critical | H94: 45560 | I94: 0.66185185 | J94: Passed | K94: Passed | L94: mkalra(Manoj Kalra) | M94: mkalra(Manoj Kalra) | N94: =IF(OR(K94="No Run",K94="Blocked",K94="N/A"),"No Run",IF(OR(K94="RBT"),"RBT","Executed")) -> Executed | O94: =IF(OR(K94="No Run",K94="Not Completed"),"Unfinished",IF(OR(K94="asdfs"),"RBT",IF(OR(K94="N/A"),"N/A",IF(OR(K94="Passed",K94="Failed",K94="RBT"),"Done",IF(OR(K94="Blocked"),"Blocked","-"))))) -> Done | P94: =CONCATENATE(C94," - ",E94) -> U3400 R6.4 - NIC3 - AMM - On Demand Read - New Data
A95: 64 | B95: L&G 82-R64 | C95: U3400 R6.4 - NIC3 | D95: 009 - Metrology | E95: AMM - On Demand Read - Register | F95: 1-Critical | H95: 45560 | I95: 0.71431713 | J95: Passed | K95: Passed | L95: mkalra(Manoj Kalra) | M95: mkalra(Manoj Kalra) | N95: =IF(OR(K95="No Run",K95="Blocked",K95="N/A"),"No Run",IF(OR(K95="RBT"),"RBT","Executed")) -> Executed | O95: =IF(OR(K95="No Run",K95="Not Completed"),"Unfinished",IF(OR(K95="asdfs"),"RBT",IF(OR(K95="N/A"),"N/A",IF(OR(K95="Passed",K95="Failed",K95="RBT"),"Done",IF(OR(K95="Blocked"),"Blocked","-"))))) -> Done | P95: =CONCATENATE(C95," - ",E95) -> U3400 R6.4 - NIC3 - AMM - On Demand Read - Register
A96: 65 | B96: L&G 82-R64 | C96: U3400 R6.4 - NIC3 | D96: 009 - Metrology | E96: AMM - On Demand Read - Stored Self Read | F96: 1-Critical | H96: 45561 | I96: 0.43929398 | J96: Passed | K96: Passed | L96: mkalra(Manoj Kalra) | M96: mkalra(Manoj Kalra) | N96: =IF(OR(K96="No Run",K96="Blocked",K96="N/A"),"No Run",IF(OR(K96="RBT"),"RBT","Executed")) -> Executed | O96: =IF(OR(K96="No Run",K96="Not Completed"),"Unfinished",IF(OR(K96="asdfs"),"RBT",IF(OR(K96="N/A"),"N/A",IF(OR(K96="Passed",K96="Failed",K96="RBT"),"Done",IF(OR(K96="Blocked"),"Blocked","-"))))) -> Done | P96: =CONCATENATE(C96," - ",E96) -> U3400 R6.4 - NIC3 - AMM - On Demand Read - Stored Self Read
A97: 59 | B97: L&G 82-R64 | C97: U3400 R6.4 - NIC3 | D97: 009 - Metrology | E97: Meter Data Integrity - AMM export | F97: 1-Critical | H97: 45579 | I97: 0.53675926 | J97: Passed | K97: Passed | L97: mkalra(Manoj Kalra) | M97: mkalra(Manoj Kalra) | N97: =IF(OR(K97="No Run",K97="Blocked",K97="N/A"),"No Run",IF(OR(K97="RBT"),"RBT","Executed")) -> Executed | O97: =IF(OR(K97="No Run",K97="Not Completed"),"Unfinished",IF(OR(K97="asdfs"),"RBT",IF(OR(K97="N/A"),"N/A",IF(OR(K97="Passed",K97="Failed",K97="RBT"),"Done",IF(OR(K97="Blocked"),"Blocked","-"))))) -> Done | P97: =CONCATENATE(C97," - ",E97) -> U3400 R6.4 - NIC3 - Meter Data Integrity - AMM export
A98: 58 | B98: L&G 82-R64 | C98: U3400 R6.4 - NIC3 | D98: 009 - Metrology | E98: Meter Data Integrity - EBQK | F98: 1-Critical | G98: MOG group will be doing this test for R64 | H98: 45580 | I98: 0.46018519 | J98: RBT | K98: RBT | L98: mkalra(Manoj Kalra) | M98: mkalra(Manoj Kalra) | N98: =IF(OR(K98="No Run",K98="Blocked",K98="N/A"),"No Run",IF(OR(K98="RBT"),"RBT","Executed")) -> RBT | O98: =IF(OR(K98="No Run",K98="Not Completed"),"Unfinished",IF(OR(K98="asdfs"),"RBT",IF(OR(K98="N/A"),"N/A",IF(OR(K98="Passed",K98="Failed",K98="RBT"),"Done",IF(OR(K98="Blocked"),"Blocked","-"))))) -> Done | P98: =CONCATENATE(C98," - ",E98) -> U3400 R6.4 - NIC3 - Meter Data Integrity - EBQK
A99: 111 | B99: L&G 82-R64 | C99: U1300 R6.4 - NIC3 | D99: 009 - Metrology | E99: Meter Accuracy | F99: 1-Critical | H99: 45589 | I99: 0.60972222 | J99: RBT | K99: Passed | L99: knjuguna(Kamau Njuguna) | M99: knjuguna(Kamau Njuguna) | N99: =IF(OR(K99="No Run",K99="Blocked",K99="N/A"),"No Run",IF(OR(K99="RBT"),"RBT","Executed")) -> Executed | O99: =IF(OR(K99="No Run",K99="Not Completed"),"Unfinished",IF(OR(K99="asdfs"),"RBT",IF(OR(K99="N/A"),"N/A",IF(OR(K99="Passed",K99="Failed",K99="RBT"),"Done",IF(OR(K99="Blocked"),"Blocked","-"))))) -> Done | P99: =CONCATENATE(C99," - ",E99) -> U1300 R6.4 - NIC3 - Meter Accuracy
A100: 1709 | B100: L&G 82-R64 | C100: U1300 R6.4 - NIC3 | D100: 009 - Metrology | E100: Meter Data Integrity - Meter to UIQ (Full) | F100: 1-Critical | H100: 45566 | I100: 0.57756944 | J100: Passed | K100: Passed | L100: knjuguna(Kamau Njuguna) | M100: knjuguna(Kamau Njuguna) | N100: =IF(OR(K100="No Run",K100="Blocked",K100="N/A"),"No Run",IF(OR(K100="RBT"),"RBT","Executed")) -> Executed | O100: =IF(OR(K100="No Run",K100="Not Completed"),"Unfinished",IF(OR(K100="asdfs"),"RBT",IF(OR(K100="N/A"),"N/A",IF(OR(K100="Passed",K100="Failed",K100="RBT"),"Done",IF(OR(K100="Blocked"),"Blocked","-"))))) -> Done | P100: =CONCATENATE(C100," - ",E100) -> U1300 R6.4 - NIC3 - Meter Data Integrity - Meter to UIQ (Full)
A101: 66 | B101: L&G 82-R64 | C101: U1300 R6.4 - NIC3 | D101: 009 - Metrology | E101: AMM - On Demand Read - C1219 Read | F101: 1-Critical | H101: 45559 | I101: 0.35947917 | J101: Passed | K101: Passed | L101: knjuguna(Kamau Njuguna) | M101: knjuguna(Kamau Njuguna) | N101: =IF(OR(K101="No Run",K101="Blocked",K101="N/A"),"No Run",IF(OR(K101="RBT"),"RBT","Executed")) -> Executed | O101: =IF(OR(K101="No Run",K101="Not Completed"),"Unfinished",IF(OR(K101="asdfs"),"RBT",IF(OR(K101="N/A"),"N/A",IF(OR(K101="Passed",K101="Failed",K101="RBT"),"Done",IF(OR(K101="Blocked"),"Blocked","-"))))) -> Done | P101: =CONCATENATE(C101," - ",E101) -> U1300 R6.4 - NIC3 - AMM - On Demand Read - C1219 Read
A102: 63 | B102: L&G 82-R64 | C102: U1300 R6.4 - NIC3 | D102: 009 - Metrology | E102: AMM - On Demand Read - Interval | F102: 1-Critical | H102: 45559 | I102: 0.36273148 | J102: Passed | K102: Passed | L102: knjuguna(Kamau Njuguna) | M102: knjuguna(Kamau Njuguna) | N102: =IF(OR(K102="No Run",K102="Blocked",K102="N/A"),"No Run",IF(OR(K102="RBT"),"RBT","Executed")) -> Executed | O102: =IF(OR(K102="No Run",K102="Not Completed"),"Unfinished",IF(OR(K102="asdfs"),"RBT",IF(OR(K102="N/A"),"N/A",IF(OR(K102="Passed",K102="Failed",K102="RBT"),"Done",IF(OR(K102="Blocked"),"Blocked","-"))))) -> Done | P102: =CONCATENATE(C102," - ",E102) -> U1300 R6.4 - NIC3 - AMM - On Demand Read - Interval
A103: 62 | B103: L&G 82-R64 | C103: U1300 R6.4 - NIC3 | D103: 009 - Metrology | E103: AMM - On Demand Read - New Data | F103: 1-Critical | H103: 45559 | I103: 0.38510417 | J103: Passed | K103: Passed | L103: knjuguna(Kamau Njuguna) | M103: knjuguna(Kamau Njuguna) | N103: =IF(OR(K103="No Run",K103="Blocked",K103="N/A"),"No Run",IF(OR(K103="RBT"),"RBT","Executed")) -> Executed | O103: =IF(OR(K103="No Run",K103="Not Completed"),"Unfinished",IF(OR(K103="asdfs"),"RBT",IF(OR(K103="N/A"),"N/A",IF(OR(K103="Passed",K103="Failed",K103="RBT"),"Done",IF(OR(K103="Blocked"),"Blocked","-"))))) -> Done | P103: =CONCATENATE(C103," - ",E103) -> U1300 R6.4 - NIC3 - AMM - On Demand Read - New Data
A104: 64 | B104: L&G 82-R64 | C104: U1300 R6.4 - NIC3 | D104: 009 - Metrology | E104: AMM - On Demand Read - Register | F104: 1-Critical | H104: 45559 | I104: 0.39012731 | J104: Passed | K104: Passed | L104: knjuguna(Kamau Njuguna) | M104: knjuguna(Kamau Njuguna) | N104: =IF(OR(K104="No Run",K104="Blocked",K104="N/A"),"No Run",IF(OR(K104="RBT"),"RBT","Executed")) -> Executed | O104: =IF(OR(K104="No Run",K104="Not Completed"),"Unfinished",IF(OR(K104="asdfs"),"RBT",IF(OR(K104="N/A"),"N/A",IF(OR(K104="Passed",K104="Failed",K104="RBT"),"Done",IF(OR(K104="Blocked"),"Blocked","-"))))) -> Done | P104: =CONCATENATE(C104," - ",E104) -> U1300 R6.4 - NIC3 - AMM - On Demand Read - Register
A105: 65 | B105: L&G 82-R64 | C105: U1300 R6.4 - NIC3 | D105: 009 - Metrology | E105: AMM - On Demand Read - Stored Self Read | F105: 1-Critical | H105: 45559 | I105: 0.42791667 | J105: Passed | K105: Passed | L105: knjuguna(Kamau Njuguna) | M105: knjuguna(Kamau Njuguna) | N105: =IF(OR(K105="No Run",K105="Blocked",K105="N/A"),"No Run",IF(OR(K105="RBT"),"RBT","Executed")) -> Executed | O105: =IF(OR(K105="No Run",K105="Not Completed"),"Unfinished",IF(OR(K105="asdfs"),"RBT",IF(OR(K105="N/A"),"N/A",IF(OR(K105="Passed",K105="Failed",K105="RBT"),"Done",IF(OR(K105="Blocked"),"Blocked","-"))))) -> Done | P105: =CONCATENATE(C105," - ",E105) -> U1300 R6.4 - NIC3 - AMM - On Demand Read - Stored Self Read
A106: 59 | B106: L&G 82-R64 | C106: U1300 R6.4 - NIC3 | D106: 009 - Metrology | E106: Meter Data Integrity - AMM export | F106: 1-Critical | H106: 45572 | I106: 0.44396991 | J106: Passed | K106: Passed | L106: knjuguna(Kamau Njuguna) | M106: knjuguna(Kamau Njuguna) | N106: =IF(OR(K106="No Run",K106="Blocked",K106="N/A"),"No Run",IF(OR(K106="RBT"),"RBT","Executed")) -> Executed | O106: =IF(OR(K106="No Run",K106="Not Completed"),"Unfinished",IF(OR(K106="asdfs"),"RBT",IF(OR(K106="N/A"),"N/A",IF(OR(K106="Passed",K106="Failed",K106="RBT"),"Done",IF(OR(K106="Blocked"),"Blocked","-"))))) -> Done | P106: =CONCATENATE(C106," - ",E106) -> U1300 R6.4 - NIC3 - Meter Data Integrity - AMM export
A107: 58 | B107: L&G 82-R64 | C107: U1300 R6.4 - NIC3 | D107: 009 - Metrology | E107: Meter Data Integrity - EBQK | F107: 1-Critical | G107: To be covered under meter accuracy test | H107: 45580 | I107: 0.49680556 | J107: RBT | K107: RBT | L107: knjuguna(Kamau Njuguna) | M107: knjuguna(Kamau Njuguna) | N107: =IF(OR(K107="No Run",K107="Blocked",K107="N/A"),"No Run",IF(OR(K107="RBT"),"RBT","Executed")) -> RBT | O107: =IF(OR(K107="No Run",K107="Not Completed"),"Unfinished",IF(OR(K107="asdfs"),"RBT",IF(OR(K107="N/A"),"N/A",IF(OR(K107="Passed",K107="Failed",K107="RBT"),"Done",IF(OR(K107="Blocked"),"Blocked","-"))))) -> Done | P107: =CONCATENATE(C107," - ",E107) -> U1300 R6.4 - NIC3 - Meter Data Integrity - EBQK
A108: 111 | B108: L&G 82-R64 | C108: U3400 R6.4 - NIC5 | D108: 009 - Metrology | E108: Meter Accuracy | F108: 1-Critical | G108: Report from L&G is used for this test. | H108: 45589 | I108: 0.56652778 | J108: RBT | K108: Passed | L108: mkalra(Manoj Kalra) | M108: mkalra(Manoj Kalra) | N108: =IF(OR(K108="No Run",K108="Blocked",K108="N/A"),"No Run",IF(OR(K108="RBT"),"RBT","Executed")) -> Executed | O108: =IF(OR(K108="No Run",K108="Not Completed"),"Unfinished",IF(OR(K108="asdfs"),"RBT",IF(OR(K108="N/A"),"N/A",IF(OR(K108="Passed",K108="Failed",K108="RBT"),"Done",IF(OR(K108="Blocked"),"Blocked","-"))))) -> Done | P108: =CONCATENATE(C108," - ",E108) -> U3400 R6.4 - NIC5 - Meter Accuracy
A109: 1709 | B109: L&G 82-R64 | C109: U3400 R6.4 - NIC5 | D109: 009 - Metrology | E109: Meter Data Integrity - Meter to UIQ (Full) | F109: 1-Critical | H109: 45576 | I109: 0.62707176 | J109: Passed | K109: Passed | L109: mkalra(Manoj Kalra) | M109: mkalra(Manoj Kalra) | N109: =IF(OR(K109="No Run",K109="Blocked",K109="N/A"),"No Run",IF(OR(K109="RBT"),"RBT","Executed")) -> Executed | O109: =IF(OR(K109="No Run",K109="Not Completed"),"Unfinished",IF(OR(K109="asdfs"),"RBT",IF(OR(K109="N/A"),"N/A",IF(OR(K109="Passed",K109="Failed",K109="RBT"),"Done",IF(OR(K109="Blocked"),"Blocked","-"))))) -> Done | P109: =CONCATENATE(C109," - ",E109) -> U3400 R6.4 - NIC5 - Meter Data Integrity - Meter to UIQ (Full)
A110: 66 | B110: L&G 82-R64 | C110: U3400 R6.4 - NIC5 | D110: 009 - Metrology | E110: AMM - On Demand Read - C1219 Read | F110: 1-Critical | H110: 45560 | I110: 0.58525463 | J110: Passed | K110: Passed | L110: mkalra(Manoj Kalra) | M110: mkalra(Manoj Kalra) | N110: =IF(OR(K110="No Run",K110="Blocked",K110="N/A"),"No Run",IF(OR(K110="RBT"),"RBT","Executed")) -> Executed | O110: =IF(OR(K110="No Run",K110="Not Completed"),"Unfinished",IF(OR(K110="asdfs"),"RBT",IF(OR(K110="N/A"),"N/A",IF(OR(K110="Passed",K110="Failed",K110="RBT"),"Done",IF(OR(K110="Blocked"),"Blocked","-"))))) -> Done | P110: =CONCATENATE(C110," - ",E110) -> U3400 R6.4 - NIC5 - AMM - On Demand Read - C1219 Read
A111: 63 | B111: L&G 82-R64 | C111: U3400 R6.4 - NIC5 | D111: 009 - Metrology | E111: AMM - On Demand Read - Interval | F111: 1-Critical | H111: 45560 | I111: 0.59391204 | J111: Passed | K111: Passed | L111: mkalra(Manoj Kalra) | M111: mkalra(Manoj Kalra) | N111: =IF(OR(K111="No Run",K111="Blocked",K111="N/A"),"No Run",IF(OR(K111="RBT"),"RBT","Executed")) -> Executed | O111: =IF(OR(K111="No Run",K111="Not Completed"),"Unfinished",IF(OR(K111="asdfs"),"RBT",IF(OR(K111="N/A"),"N/A",IF(OR(K111="Passed",K111="Failed",K111="RBT"),"Done",IF(OR(K111="Blocked"),"Blocked","-"))))) -> Done | P111: =CONCATENATE(C111," - ",E111) -> U3400 R6.4 - NIC5 - AMM - On Demand Read - Interval
A112: 62 | B112: L&G 82-R64 | C112: U3400 R6.4 - NIC5 | D112: 009 - Metrology | E112: AMM - On Demand Read - New Data | F112: 1-Critical | H112: 45560 | I112: 0.66189815 | J112: Passed | K112: Passed | L112: mkalra(Manoj Kalra) | M112: mkalra(Manoj Kalra) | N112: =IF(OR(K112="No Run",K112="Blocked",K112="N/A"),"No Run",IF(OR(K112="RBT"),"RBT","Executed")) -> Executed | O112: =IF(OR(K112="No Run",K112="Not Completed"),"Unfinished",IF(OR(K112="asdfs"),"RBT",IF(OR(K112="N/A"),"N/A",IF(OR(K112="Passed",K112="Failed",K112="RBT"),"Done",IF(OR(K112="Blocked"),"Blocked","-"))))) -> Done | P112: =CONCATENATE(C112," - ",E112) -> U3400 R6.4 - NIC5 - AMM - On Demand Read - New Data
A113: 64 | B113: L&G 82-R64 | C113: U3400 R6.4 - NIC5 | D113: 009 - Metrology | E113: AMM - On Demand Read - Register | F113: 1-Critical | H113: 45560 | I113: 0.71337963 | J113: Passed | K113: Passed | L113: mkalra(Manoj Kalra) | M113: mkalra(Manoj Kalra) | N113: =IF(OR(K113="No Run",K113="Blocked",K113="N/A"),"No Run",IF(OR(K113="RBT"),"RBT","Executed")) -> Executed | O113: =IF(OR(K113="No Run",K113="Not Completed"),"Unfinished",IF(OR(K113="asdfs"),"RBT",IF(OR(K113="N/A"),"N/A",IF(OR(K113="Passed",K113="Failed",K113="RBT"),"Done",IF(OR(K113="Blocked"),"Blocked","-"))))) -> Done | P113: =CONCATENATE(C113," - ",E113) -> U3400 R6.4 - NIC5 - AMM - On Demand Read - Register
A114: 65 | B114: L&G 82-R64 | C114: U3400 R6.4 - NIC5 | D114: 009 - Metrology | E114: AMM - On Demand Read - Stored Self Read | F114: 1-Critical | H114: 45561 | I114: 0.44012731 | J114: Passed | K114: Passed | L114: mkalra(Manoj Kalra) | M114: mkalra(Manoj Kalra) | N114: =IF(OR(K114="No Run",K114="Blocked",K114="N/A"),"No Run",IF(OR(K114="RBT"),"RBT","Executed")) -> Executed | O114: =IF(OR(K114="No Run",K114="Not Completed"),"Unfinished",IF(OR(K114="asdfs"),"RBT",IF(OR(K114="N/A"),"N/A",IF(OR(K114="Passed",K114="Failed",K114="RBT"),"Done",IF(OR(K114="Blocked"),"Blocked","-"))))) -> Done | P114: =CONCATENATE(C114," - ",E114) -> U3400 R6.4 - NIC5 - AMM - On Demand Read - Stored Self Read
A115: 59 | B115: L&G 82-R64 | C115: U3400 R6.4 - NIC5 | D115: 009 - Metrology | E115: Meter Data Integrity - AMM export | F115: 1-Critical | H115: 45579 | I115: 0.52391204 | J115: Passed | K115: Passed | L115: mkalra(Manoj Kalra) | M115: mkalra(Manoj Kalra) | N115: =IF(OR(K115="No Run",K115="Blocked",K115="N/A"),"No Run",IF(OR(K115="RBT"),"RBT","Executed")) -> Executed | O115: =IF(OR(K115="No Run",K115="Not Completed"),"Unfinished",IF(OR(K115="asdfs"),"RBT",IF(OR(K115="N/A"),"N/A",IF(OR(K115="Passed",K115="Failed",K115="RBT"),"Done",IF(OR(K115="Blocked"),"Blocked","-"))))) -> Done | P115: =CONCATENATE(C115," - ",E115) -> U3400 R6.4 - NIC5 - Meter Data Integrity - AMM export
A116: 58 | B116: L&G 82-R64 | C116: U3400 R6.4 - NIC5 | D116: 009 - Metrology | E116: Meter Data Integrity - EBQK | F116: 1-Critical | G116: MOG group will be doing this test for R64 | H116: 45589 | I116: 0.58092593 | J116: RBT | K116: RBT | L116: mkalra(Manoj Kalra) | M116: mkalra(Manoj Kalra) | N116: =IF(OR(K116="No Run",K116="Blocked",K116="N/A"),"No Run",IF(OR(K116="RBT"),"RBT","Executed")) -> RBT | O116: =IF(OR(K116="No Run",K116="Not Completed"),"Unfinished",IF(OR(K116="asdfs"),"RBT",IF(OR(K116="N/A"),"N/A",IF(OR(K116="Passed",K116="Failed",K116="RBT"),"Done",IF(OR(K116="Blocked"),"Blocked","-"))))) -> Done | P116: =CONCATENATE(C116," - ",E116) -> U3400 R6.4 - NIC5 - Meter Data Integrity - EBQK
A117: 111 | B117: L&G 82-R64 | C117: U1300 R6.4 - NIC5 | D117: 009 - Metrology | E117: Meter Accuracy | F117: 1-Critical | H117: 45589 | I117: 0.60195602 | J117: RBT | K117: Passed | L117: knjuguna(Kamau Njuguna) | M117: knjuguna(Kamau Njuguna) | N117: =IF(OR(K117="No Run",K117="Blocked",K117="N/A"),"No Run",IF(OR(K117="RBT"),"RBT","Executed")) -> Executed | O117: =IF(OR(K117="No Run",K117="Not Completed"),"Unfinished",IF(OR(K117="asdfs"),"RBT",IF(OR(K117="N/A"),"N/A",IF(OR(K117="Passed",K117="Failed",K117="RBT"),"Done",IF(OR(K117="Blocked"),"Blocked","-"))))) -> Done | P117: =CONCATENATE(C117," - ",E117) -> U1300 R6.4 - NIC5 - Meter Accuracy
A118: 1709 | B118: L&G 82-R64 | C118: U1300 R6.4 - NIC5 | D118: 009 - Metrology | E118: Meter Data Integrity - Meter to UIQ (Full) | F118: 1-Critical | H118: 45580 | I118: 0.63990741 | J118: Passed | K118: Passed | L118: knjuguna(Kamau Njuguna) | M118: knjuguna(Kamau Njuguna) | N118: =IF(OR(K118="No Run",K118="Blocked",K118="N/A"),"No Run",IF(OR(K118="RBT"),"RBT","Executed")) -> Executed | O118: =IF(OR(K118="No Run",K118="Not Completed"),"Unfinished",IF(OR(K118="asdfs"),"RBT",IF(OR(K118="N/A"),"N/A",IF(OR(K118="Passed",K118="Failed",K118="RBT"),"Done",IF(OR(K118="Blocked"),"Blocked","-"))))) -> Done | P118: =CONCATENATE(C118," - ",E118) -> U1300 R6.4 - NIC5 - Meter Data Integrity - Meter to UIQ (Full)
A119: 66 | B119: L&G 82-R64 | C119: U1300 R6.4 - NIC5 | D119: 009 - Metrology | E119: AMM - On Demand Read - C1219 Read | F119: 1-Critical | H119: 45565 | I119: 0.56895833 | J119: Passed | K119: Passed | L119: knjuguna(Kamau Njuguna) | M119: knjuguna(Kamau Njuguna) | N119: =IF(OR(K119="No Run",K119="Blocked",K119="N/A"),"No Run",IF(OR(K119="RBT"),"RBT","Executed")) -> Executed | O119: =IF(OR(K119="No Run",K119="Not Completed"),"Unfinished",IF(OR(K119="asdfs"),"RBT",IF(OR(K119="N/A"),"N/A",IF(OR(K119="Passed",K119="Failed",K119="RBT"),"Done",IF(OR(K119="Blocked"),"Blocked","-"))))) -> Done | P119: =CONCATENATE(C119," - ",E119) -> U1300 R6.4 - NIC5 - AMM - On Demand Read - C1219 Read
A120: 63 | B120: L&G 82-R64 | C120: U1300 R6.4 - NIC5 | D120: 009 - Metrology | E120: AMM - On Demand Read - Interval | F120: 1-Critical | H120: 45565 | I120: 0.57320602 | J120: Passed | K120: Passed | L120: knjuguna(Kamau Njuguna) | M120: knjuguna(Kamau Njuguna) | N120: =IF(OR(K120="No Run",K120="Blocked",K120="N/A"),"No Run",IF(OR(K120="RBT"),"RBT","Executed")) -> Executed | O120: =IF(OR(K120="No Run",K120="Not Completed"),"Unfinished",IF(OR(K120="asdfs"),"RBT",IF(OR(K120="N/A"),"N/A",IF(OR(K120="Passed",K120="Failed",K120="RBT"),"Done",IF(OR(K120="Blocked"),"Blocked","-"))))) -> Done | P120: =CONCATENATE(C120," - ",E120) -> U1300 R6.4 - NIC5 - AMM - On Demand Read - Interval
A121: 62 | B121: L&G 82-R64 | C121: U1300 R6.4 - NIC5 | D121: 009 - Metrology | E121: AMM - On Demand Read - New Data | F121: 1-Critical | H121: 45565 | I121: 0.60293981 | J121: Passed | K121: Passed | L121: knjuguna(Kamau Njuguna) | M121: knjuguna(Kamau Njuguna) | N121: =IF(OR(K121="No Run",K121="Blocked",K121="N/A"),"No Run",IF(OR(K121="RBT"),"RBT","Executed")) -> Executed | O121: =IF(OR(K121="No Run",K121="Not Completed"),"Unfinished",IF(OR(K121="asdfs"),"RBT",IF(OR(K121="N/A"),"N/A",IF(OR(K121="Passed",K121="Failed",K121="RBT"),"Done",IF(OR(K121="Blocked"),"Blocked","-"))))) -> Done | P121: =CONCATENATE(C121," - ",E121) -> U1300 R6.4 - NIC5 - AMM - On Demand Read - New Data
A122: 64 | B122: L&G 82-R64 | C122: U1300 R6.4 - NIC5 | D122: 009 - Metrology | E122: AMM - On Demand Read - Register | F122: 1-Critical | H122: 45565 | I122: 0.60408565 | J122: Passed | K122: Passed | L122: knjuguna(Kamau Njuguna) | M122: knjuguna(Kamau Njuguna) | N122: =IF(OR(K122="No Run",K122="Blocked",K122="N/A"),"No Run",IF(OR(K122="RBT"),"RBT","Executed")) -> Executed | O122: =IF(OR(K122="No Run",K122="Not Completed"),"Unfinished",IF(OR(K122="asdfs"),"RBT",IF(OR(K122="N/A"),"N/A",IF(OR(K122="Passed",K122="Failed",K122="RBT"),"Done",IF(OR(K122="Blocked"),"Blocked","-"))))) -> Done | P122: =CONCATENATE(C122," - ",E122) -> U1300 R6.4 - NIC5 - AMM - On Demand Read - Register
A123: 65 | B123: L&G 82-R64 | C123: U1300 R6.4 - NIC5 | D123: 009 - Metrology | E123: AMM - On Demand Read - Stored Self Read | F123: 1-Critical | H123: 45565 | I123: 0.60706019 | J123: Passed | K123: Passed | L123: knjuguna(Kamau Njuguna) | M123: knjuguna(Kamau Njuguna) | N123: =IF(OR(K123="No Run",K123="Blocked",K123="N/A"),"No Run",IF(OR(K123="RBT"),"RBT","Executed")) -> Executed | O123: =IF(OR(K123="No Run",K123="Not Completed"),"Unfinished",IF(OR(K123="asdfs"),"RBT",IF(OR(K123="N/A"),"N/A",IF(OR(K123="Passed",K123="Failed",K123="RBT"),"Done",IF(OR(K123="Blocked"),"Blocked","-"))))) -> Done | P123: =CONCATENATE(C123," - ",E123) -> U1300 R6.4 - NIC5 - AMM - On Demand Read - Stored Self Read
A124: 59 | B124: L&G 82-R64 | C124: U1300 R6.4 - NIC5 | D124: 009 - Metrology | E124: Meter Data Integrity - AMM export | F124: 1-Critical | H124: 45572 | I124: 0.46847222 | J124: Passed | K124: Passed | L124: knjuguna(Kamau Njuguna) | M124: knjuguna(Kamau Njuguna) | N124: =IF(OR(K124="No Run",K124="Blocked",K124="N/A"),"No Run",IF(OR(K124="RBT"),"RBT","Executed")) -> Executed | O124: =IF(OR(K124="No Run",K124="Not Completed"),"Unfinished",IF(OR(K124="asdfs"),"RBT",IF(OR(K124="N/A"),"N/A",IF(OR(K124="Passed",K124="Failed",K124="RBT"),"Done",IF(OR(K124="Blocked"),"Blocked","-"))))) -> Done | P124: =CONCATENATE(C124," - ",E124) -> U1300 R6.4 - NIC5 - Meter Data Integrity - AMM export
A125: 58 | B125: L&G 82-R64 | C125: U1300 R6.4 - NIC5 | D125: 009 - Metrology | E125: Meter Data Integrity - EBQK | F125: 1-Critical | G125: Test to be covered under meter accuracy test | H125: 45580 | I125: 0.49546296 | J125: RBT | K125: RBT | L125: knjuguna(Kamau Njuguna) | M125: knjuguna(Kamau Njuguna) | N125: =IF(OR(K125="No Run",K125="Blocked",K125="N/A"),"No Run",IF(OR(K125="RBT"),"RBT","Executed")) -> RBT | O125: =IF(OR(K125="No Run",K125="Not Completed"),"Unfinished",IF(OR(K125="asdfs"),"RBT",IF(OR(K125="N/A"),"N/A",IF(OR(K125="Passed",K125="Failed",K125="RBT"),"Done",IF(OR(K125="Blocked"),"Blocked","-"))))) -> Done | P125: =CONCATENATE(C125," - ",E125) -> U1300 R6.4 - NIC5 - Meter Data Integrity - EBQK
A126: 1710 | B126: L&G 82-R64 | C126: U1300 R6.4 - NIC3 | D126: 009 - Metrology | E126: Meter Data Integrity - Meter to UIQ (Sanity) | F126: 1-Critical | H126: 45575 | I126: 0.4221875 | J126: Passed | K126: Passed | L126: knjuguna(Kamau Njuguna) | M126: knjuguna(Kamau Njuguna) | N126: =IF(OR(K126="No Run",K126="Blocked",K126="N/A"),"No Run",IF(OR(K126="RBT"),"RBT","Executed")) -> Executed | O126: =IF(OR(K126="No Run",K126="Not Completed"),"Unfinished",IF(OR(K126="asdfs"),"RBT",IF(OR(K126="N/A"),"N/A",IF(OR(K126="Passed",K126="Failed",K126="RBT"),"Done",IF(OR(K126="Blocked"),"Blocked","-"))))) -> Done | P126: =CONCATENATE(C126," - ",E126) -> U1300 R6.4 - NIC3 - Meter Data Integrity - Meter to UIQ (Sanity)
A127: 1710 | B127: L&G 82-R64 | C127: U1300 R6.4 - NIC5 | D127: 009 - Metrology | E127: Meter Data Integrity - Meter to UIQ (Sanity) | F127: 1-Critical | H127: 45575 | I127: 0.47996528 | J127: Passed | K127: Passed | L127: knjuguna(Kamau Njuguna) | M127: knjuguna(Kamau Njuguna) | N127: =IF(OR(K127="No Run",K127="Blocked",K127="N/A"),"No Run",IF(OR(K127="RBT"),"RBT","Executed")) -> Executed | O127: =IF(OR(K127="No Run",K127="Not Completed"),"Unfinished",IF(OR(K127="asdfs"),"RBT",IF(OR(K127="N/A"),"N/A",IF(OR(K127="Passed",K127="Failed",K127="RBT"),"Done",IF(OR(K127="Blocked"),"Blocked","-"))))) -> Done | P127: =CONCATENATE(C127," - ",E127) -> U1300 R6.4 - NIC5 - Meter Data Integrity - Meter to UIQ (Sanity)
A128: 1710 | B128: L&G 82-R64 | C128: U3400 R6.4 - NIC3 | D128: 009 - Metrology | E128: Meter Data Integrity - Meter to UIQ (Sanity) | F128: 1-Critical | H128: 45576 | I128: 0.50627315 | J128: Passed | K128: Passed | L128: mkalra(Manoj Kalra) | M128: mkalra(Manoj Kalra) | N128: =IF(OR(K128="No Run",K128="Blocked",K128="N/A"),"No Run",IF(OR(K128="RBT"),"RBT","Executed")) -> Executed | O128: =IF(OR(K128="No Run",K128="Not Completed"),"Unfinished",IF(OR(K128="asdfs"),"RBT",IF(OR(K128="N/A"),"N/A",IF(OR(K128="Passed",K128="Failed",K128="RBT"),"Done",IF(OR(K128="Blocked"),"Blocked","-"))))) -> Done | P128: =CONCATENATE(C128," - ",E128) -> U3400 R6.4 - NIC3 - Meter Data Integrity - Meter to UIQ (Sanity)
A129: 1710 | B129: L&G 82-R64 | C129: U3400 R6.4 - NIC5 | D129: 009 - Metrology | E129: Meter Data Integrity - Meter to UIQ (Sanity) | F129: 1-Critical | H129: 45576 | I129: 0.50613426 | J129: Passed | K129: Passed | L129: mkalra(Manoj Kalra) | M129: mkalra(Manoj Kalra) | N129: =IF(OR(K129="No Run",K129="Blocked",K129="N/A"),"No Run",IF(OR(K129="RBT"),"RBT","Executed")) -> Executed | O129: =IF(OR(K129="No Run",K129="Not Completed"),"Unfinished",IF(OR(K129="asdfs"),"RBT",IF(OR(K129="N/A"),"N/A",IF(OR(K129="Passed",K129="Failed",K129="RBT"),"Done",IF(OR(K129="Blocked"),"Blocked","-"))))) -> Done | P129: =CONCATENATE(C129," - ",E129) -> U3400 R6.4 - NIC5 - Meter Data Integrity - Meter to UIQ (Sanity)
A130: 33 | B130: L&G 82-R64 | C130: U1300 R6.4 - NIC3 | D130: 009 - Metrology | E130: AMM - On Demand Read - NIC Event Log | F130: 1-Critical | H130: 45574 | I130: 0.67428241 | J130: Passed | K130: Passed | L130: knjuguna(Kamau Njuguna) | M130: knjuguna(Kamau Njuguna) | N130: =IF(OR(K130="No Run",K130="Blocked",K130="N/A"),"No Run",IF(OR(K130="RBT"),"RBT","Executed")) -> Executed | O130: =IF(OR(K130="No Run",K130="Not Completed"),"Unfinished",IF(OR(K130="asdfs"),"RBT",IF(OR(K130="N/A"),"N/A",IF(OR(K130="Passed",K130="Failed",K130="RBT"),"Done",IF(OR(K130="Blocked"),"Blocked","-"))))) -> Done | P130: =CONCATENATE(C130," - ",E130) -> U1300 R6.4 - NIC3 - AMM - On Demand Read - NIC Event Log
A131: 33 | B131: L&G 82-R64 | C131: U1300 R6.4 - NIC5 | D131: 009 - Metrology | E131: AMM - On Demand Read - NIC Event Log | F131: 1-Critical | H131: 45574 | I131: 0.67479167 | J131: Passed | K131: Passed | L131: knjuguna(Kamau Njuguna) | M131: knjuguna(Kamau Njuguna) | N131: =IF(OR(K131="No Run",K131="Blocked",K131="N/A"),"No Run",IF(OR(K131="RBT"),"RBT","Executed")) -> Executed | O131: =IF(OR(K131="No Run",K131="Not Completed"),"Unfinished",IF(OR(K131="asdfs"),"RBT",IF(OR(K131="N/A"),"N/A",IF(OR(K131="Passed",K131="Failed",K131="RBT"),"Done",IF(OR(K131="Blocked"),"Blocked","-"))))) -> Done | P131: =CONCATENATE(C131," - ",E131) -> U1300 R6.4 - NIC5 - AMM - On Demand Read - NIC Event Log
A132: 33 | B132: L&G 82-R64 | C132: U3400 R6.4 - NIC3 | D132: 009 - Metrology | E132: AMM - On Demand Read - NIC Event Log | F132: 1-Critical | H132: 45561 | I132: 0.46074074 | J132: Passed | K132: Passed | L132: mkalra(Manoj Kalra) | M132: mkalra(Manoj Kalra) | N132: =IF(OR(K132="No Run",K132="Blocked",K132="N/A"),"No Run",IF(OR(K132="RBT"),"RBT","Executed")) -> Executed | O132: =IF(OR(K132="No Run",K132="Not Completed"),"Unfinished",IF(OR(K132="asdfs"),"RBT",IF(OR(K132="N/A"),"N/A",IF(OR(K132="Passed",K132="Failed",K132="RBT"),"Done",IF(OR(K132="Blocked"),"Blocked","-"))))) -> Done | P132: =CONCATENATE(C132," - ",E132) -> U3400 R6.4 - NIC3 - AMM - On Demand Read - NIC Event Log
A133: 33 | B133: L&G 82-R64 | C133: U3400 R6.4 - NIC5 | D133: 009 - Metrology | E133: AMM - On Demand Read - NIC Event Log | F133: 1-Critical | H133: 45561 | I133: 0.46123843 | J133: Passed | K133: Passed | L133: mkalra(Manoj Kalra) | M133: mkalra(Manoj Kalra) | N133: =IF(OR(K133="No Run",K133="Blocked",K133="N/A"),"No Run",IF(OR(K133="RBT"),"RBT","Executed")) -> Executed | O133: =IF(OR(K133="No Run",K133="Not Completed"),"Unfinished",IF(OR(K133="asdfs"),"RBT",IF(OR(K133="N/A"),"N/A",IF(OR(K133="Passed",K133="Failed",K133="RBT"),"Done",IF(OR(K133="Blocked"),"Blocked","-"))))) -> Done | P133: =CONCATENATE(C133," - ",E133) -> U3400 R6.4 - NIC5 - AMM - On Demand Read - NIC Event Log
A134: 60 | B134: L&G 82-R64 | C134: U1300 R6.4 - NIC3 | D134: 009 - Metrology | E134: Meter display - register resolution | F134: 3-Medium | H134: 45572 | I134: 0.6894213 | J134: Passed | K134: Passed | L134: knjuguna(Kamau Njuguna) | M134: knjuguna(Kamau Njuguna) | N134: =IF(OR(K134="No Run",K134="Blocked",K134="N/A"),"No Run",IF(OR(K134="RBT"),"RBT","Executed")) -> Executed | O134: =IF(OR(K134="No Run",K134="Not Completed"),"Unfinished",IF(OR(K134="asdfs"),"RBT",IF(OR(K134="N/A"),"N/A",IF(OR(K134="Passed",K134="Failed",K134="RBT"),"Done",IF(OR(K134="Blocked"),"Blocked","-"))))) -> Done | P134: =CONCATENATE(C134," - ",E134) -> U1300 R6.4 - NIC3 - Meter display - register resolution
A135: 60 | B135: L&G 82-R64 | C135: U1300 R6.4 - NIC5 | D135: 009 - Metrology | E135: Meter display - register resolution | F135: 3-Medium | H135: 45572 | I135: 0.69012731 | J135: Passed | K135: Passed | L135: knjuguna(Kamau Njuguna) | M135: knjuguna(Kamau Njuguna) | N135: =IF(OR(K135="No Run",K135="Blocked",K135="N/A"),"No Run",IF(OR(K135="RBT"),"RBT","Executed")) -> Executed | O135: =IF(OR(K135="No Run",K135="Not Completed"),"Unfinished",IF(OR(K135="asdfs"),"RBT",IF(OR(K135="N/A"),"N/A",IF(OR(K135="Passed",K135="Failed",K135="RBT"),"Done",IF(OR(K135="Blocked"),"Blocked","-"))))) -> Done | P135: =CONCATENATE(C135," - ",E135) -> U1300 R6.4 - NIC5 - Meter display - register resolution
A136: 60 | B136: L&G 82-R64 | C136: U3400 R6.4 - NIC3 | D136: 009 - Metrology | E136: Meter display - register resolution | F136: 3-Medium | H136: 45572 | I136: 0.51140046 | J136: Passed | K136: Passed | L136: mkalra(Manoj Kalra) | M136: mkalra(Manoj Kalra) | N136: =IF(OR(K136="No Run",K136="Blocked",K136="N/A"),"No Run",IF(OR(K136="RBT"),"RBT","Executed")) -> Executed | O136: =IF(OR(K136="No Run",K136="Not Completed"),"Unfinished",IF(OR(K136="asdfs"),"RBT",IF(OR(K136="N/A"),"N/A",IF(OR(K136="Passed",K136="Failed",K136="RBT"),"Done",IF(OR(K136="Blocked"),"Blocked","-"))))) -> Done | P136: =CONCATENATE(C136," - ",E136) -> U3400 R6.4 - NIC3 - Meter display - register resolution
...

Sheet 2024 - L&G R64 Pivot
A2: TC Status | B2: Status | P2: Make sure this is only sorted by Test Name
B3: knjuguna(Kamau Njuguna) | F3: knjuguna(Kamau Njuguna) Total | G3: mkalra(Manoj Kalra) | K3: mkalra(Manoj Kalra) Total | L3: Grand Total | P3: Count of Test: Test Name: | Q3: Column Labels
A4: Test Cycle | B4: Done | C4: Unfinished | D4: - | E4: N/A | G4: Done | H4: - | I4: N/A | J4: Blocked | P4: Row Labels | Q4: U1300 R6.4 - NIC3 | R4: U1300 R6.4 - NIC5 | S4: U3400 R6.4 - NIC3 | T4: U3400 R6.4 - NIC5 | U4: Grand Total | V4: Remarks
A5: L&G 82-R64 | B5: 169 | C5: 4 | D5: 1 | E5: 6 | F5: 180 | G5: 171 | H5: 3 | I5: 6 | J5: 2 | K5: 182 | L5: 362 | P5: 01 Meter Time synchronisation to NIC - forward within interval (Auto) | Q5: 1 | R5: 1 | S5: 1 | T5: 1 | U5: 4 | V5: Execute at the same time
A6: Grand Total | B6: 169 | C6: 4 | D6: 1 | E6: 6 | F6: 180 | G6: 171 | H6: 3 | I6: 6 | J6: 2 | K6: 182 | L6: 362 | P6: 02 L&G PQ Configuration - Remote Enable-Disable | Q6: 1 | R6: 1 | S6: 1 | T6: 1 | U6: 4 | V6: Execute at the same time
P7: 02 Meter Time synchronisation to NIC - forward within interval (Force) | Q7: 1 | R7: 1 | S7: 1 | T7: 1 | U7: 4 | V7: Execute at the same time
P8: 03 L&G PQ Polling - Data Integrity | Q8: 1 | R8: 1 | S8: 1 | T8: 1 | U8: 4 | V8: Execute at the same time
P9: 03 Meter Time synchronisation to NIC - backward within interval (Auto) | Q9: 1 | R9: 1 | S9: 1 | T9: 1 | U9: 4 | V9: Execute at the same time
A10: TC Status | B10: Status | P10: 04 Meter Time synchronisation to NIC - backward within interval (Force) | Q10: 1 | R10: 1 | S10: 1 | T10: 1 | U10: 4 | V10: Execute at the same time
B11: knjuguna(Kamau Njuguna) | F11: knjuguna(Kamau Njuguna) Total | G11: mkalra(Manoj Kalra) | K11: mkalra(Manoj Kalra) Total | L11: Grand Total | P11: 05 Meter Time synchronisation to NIC - forward crossing interval (Auto) | Q11: 1 | R11: 1 | S11: 1 | T11: 1 | U11: 4 | V11: Execute at the same time
A12: Test Cycle | B12: Done | C12: Unfinished | D12: - | E12: N/A | G12: Done | H12: - | I12: N/A | J12: Blocked | P12: 06 Meter Time synchronisation to NIC - forward crossing interval (Force) | Q12: 1 | R12: 1 | S12: 1 | T12: 1 | U12: 4 | V12: Execute at the same time
A13: L&G 82-R64 | B13: 0.46685083 | C13: 0.011049724 | D13: 0.0027624309 | E13: 0.016574586 | F13: 0.49723757 | G13: 0.47237569 | H13: 0.0082872928 | I13: 0.016574586 | J13: 0.0055248619 | K13: 0.50276243 | L13: 1 | P13: 07 Meter Time synchronisation to NIC - backward crossing interval (Auto) | Q13: 1 | R13: 1 | S13: 1 | T13: 1 | U13: 4
A14: Grand Total | B14: 0.46685083 | C14: 0.011049724 | D14: 0.0027624309 | E14: 0.016574586 | F14: 0.49723757 | G14: 0.47237569 | H14: 0.0082872928 | I14: 0.016574586 | J14: 0.0055248619 | K14: 0.50276243 | L14: 1 | P14: 08 Meter Time synchronisation to NIC - backward crossing interval (Force) | Q14: 1 | R14: 1 | S14: 1 | T14: 1 | U14: 4
P15: AMM - On Demand Read - C1219 Read | Q15: 1 | R15: 1 | S15: 1 | T15: 1 | U15: 4
P16: AMM - On Demand Read - Interval | Q16: 1 | R16: 1 | S16: 1 | T16: 1 | U16: 4
P17: AMM - On Demand Read - New Data | Q17: 1 | R17: 1 | S17: 1 | T17: 1 | U17: 4
P18: AMM - On Demand Read - NIC Event Log | Q18: 1 | R18: 1 | S18: 1 | T18: 1 | U18: 4
P19: AMM - On Demand Read - Register | Q19: 1 | R19: 1 | S19: 1 | T19: 1 | U19: 4
A20: Target Cycle: | B20: L&G 82-R64 | P20: AMM - On Demand Read - Stored Self Read | Q20: 1 | R20: 1 | S20: 1 | T20: 1 | U20: 4
P21: Auto-Disconnect - Disabled | Q21: 1 | R21: 1 | S21: 1 | T21: 1 | U21: 4
A22: Count of Done | B22: Column Labels | P22: Auto-Disconnect - Enabled | Q22: 1 | R22: 1 | S22: 1 | T22: 1 | U22: 4
A23: Row Labels | B23: 1-Critical | C23: 2-High | D23: 3-Medium | E23: 4-Low | F23: Grand Total | P23: Auto-Disconnect - Override For NAP (L+G) | Q23: 1 | R23: 1 | S23: 1 | T23: 1 | U23: 4
A24: Done | B24: 174 | C24: 139 | D24: 23 | E24: 4 | F24: 340 | P24: Auto-Disconnect - Remote Lockout | Q24: 1 | R24: 1 | S24: 1 | T24: 1 | U24: 4
A25: Unfinished | B25: 3 | C25: 1 | F25: 4 | P25: Boost operation - Disabled | Q25: 1 | R25: 1 | S25: 1 | T25: 1 | U25: 4
A26: - | B26: 4 | F26: 4 | P26: Boost operation - Enabled - Boost (Boost Duration) minutes | Q26: 1 | R26: 1 | S26: 1 | T26: 1 | U26: 4
A27: N/A | B27: 8 | D27: 4 | F27: 12 | P27: Boost Primacy - Boost time longer than LC override | Q27: 1 | R27: 1 | S27: 1 | T27: 1 | U27: 4 | V27: Execute at the same time
A28: Blocked | B28: 1 | D28: 1 | F28: 2 | P28: Boost Primacy - Disabled | Q28: 1 | R28: 1 | S28: 1 | T28: 1 | U28: 4 | V28: Execute at the same time
A29: Grand Total | B29: 190 | C29: 140 | D29: 28 | E29: 4 | F29: 362 | P29: Boost Primacy - Enable-Disable | Q29: 1 | R29: 1 | S29: 1 | T29: 1 | U29: 4 | V29: Execute at the same time
P30: Broadcast - Load contactor connect via broadcast (immediate, no randomisation) | Q30: 1 | R30: 1 | S30: 1 | T30: 1 | U30: 4 | V30: Execute at the same time
P31: Broadcast - Load contactor connect via broadcast (immediate, randomisation) | Q31: 1 | R31: 1 | S31: 1 | T31: 1 | U31: 4 | V31: Execute at the same time
P32: Broadcast - Load contactor connect via broadcast (scheduled, no randomisation) | Q32: 1 | R32: 1 | S32: 1 | T32: 1 | U32: 4 | V32: Execute at the same time
P33: Broadcast - Load contactor disconnect via broadcast (immediate, no randomisation) | Q33: 1 | R33: 1 | S33: 1 | T33: 1 | U33: 4 | V33: Execute at the same time
P34: Broadcast - Load contactor disconnect via broadcast (immediate, randomisation) | Q34: 1 | R34: 1 | S34: 1 | T34: 1 | U34: 4 | V34: Execute at the same time
P35: Broadcast - Load contactor disconnect via broadcast (scheduled, no randomisation) | Q35: 1 | R35: 1 | S35: 1 | T35: 1 | U35: 4 | V35: Execute at the same time
P36: Broadcast 01 - Broadcast Groups - UIQ to meter | Q36: 1 | R36: 1 | S36: 1 | T36: 1 | U36: 4 | V36: Execute at the same time
P37: Broadcast 02 - Broadcast Groups - meter to UIQ | Q37: 1 | R37: 1 | S37: 1 | T37: 1 | U37: 4
P38: Broadcast 04 - Confirm the range of broadcast groups | Q38: 1 | R38: 1 | S38: 1 | T38: 1 | U38: 4
A39: Status: | B39: (All) | P39: Broadcast 05 - Broadcast cert upload via netmgr | Q39: 1 | R39: 1 | S39: 1 | T39: 1 | U39: 4
A40: Target Cycle: | B40: (All) | P40: Broadcast 06 - Broadcast cert upload via FSU | Q40: 1 | R40: 1 | S40: 1 | T40: 1 | U40: 4
P41: Broadcast 07 - Broadcast cert upload via Network Centre | Q41: 1 | R41: 1 | S41: 1 | T41: 1 | U41: 4
A42: Count of Status: | B42: Tester | P42: Broadcast 08 - ESCC opeation via broadcast | Q42: 1 | R42: 1 | S42: 1 | T42: 1 | U42: 4
A43: Exec Date | B43: knjuguna(Kamau Njuguna) | C43: (blank) | D43: mkalra(Manoj Kalra) | E43: Grand Total | P43: Broadcast 09 - Load contactor opeation via broadcast | Q43: 1 | R43: 1 | S43: 1 | T43: 1 | U43: 4
A44: 45555 | B44: 10 | D44: 8 | E44: 18 | P44: ESCC Normal Operation - Active Meters | Q44: 1 | R44: 1 | S44: 1 | T44: 1 | U44: 4
A45: 45558 | B45: 2 | E45: 2 | P45: ESCC Operation on Export | Q45: 1 | R45: 1 | S45: 1 | T45: 1 | U45: 4
A46: 45559 | B46: 5 | D46: 92 | E46: 97 | P46: FWU meter firmware upgrade - (seedingpercent) percent seeded - Interrupted | Q46: 1 | R46: 1 | S46: 1 | T46: 1 | U46: 4
A47: 45560 | D47: 14 | E47: 14 | P47: FWU meter firmware upgrade - (seedingpercent) percent seeded - Uninterrupted | Q47: 1 | R47: 1 | S47: 1 | T47: 1 | U47: 4
A48: 45561 | B48: 8 | D48: 5 | E48: 13 | P48: HCM - Import ESI | Q48: 1 | R48: 1 | S48: 1 | T48: 1 | U48: 4
A49: 45565 | B49: 14 | D49: 10 | E49: 24 | P49: HCM - Import IHD | Q49: 1 | R49: 1 | S49: 1 | T49: 1 | U49: 4
A50: 45566 | B50: 3 | D50: 10 | E50: 13 | P50: HCM - Provision ESI | Q50: 1 | R50: 1 | S50: 1 | T50: 1 | U50: 4
A51: 45567 | D51: 8 | E51: 8 | P51: HCM - Sync ESI | Q51: 1 | R51: 1 | S51: 1 | T51: 1 | U51: 4
A52: 45568 | B52: 8 | D52: 4 | E52: 12 | P52: HCM - Associate IHD to ESI | Q52: 1 | R52: 1 | S52: 1 | T52: 1 | U52: 4
A53: 45569 | B53: 14 | D53: 14 | E53: 28 | P53: HCM - Display meter consumption on IHD | Q53: 1 | R53: 1 | S53: 1 | T53: 1 | U53: 4
A54: 45572 | B54: 12 | D54: 18 | E54: 30 | P54: HCM - Enroll ESI to HCM program | Q54: 1 | R54: 1 | S54: 1 | T54: 1 | U54: 4
A55: 45573 | B55: 10 | D55: 4 | E55: 14 | P55: HCM - HAN secure key establishment | Q55: 1 | R55: 1 | S55: 1 | T55: 1 | U55: 4
A56: 45574 | B56: 12 | D56: 9 | E56: 21 | P56: HCM - Join IHD to ESI | Q56: 1 | R56: 1 | S56: 1 | T56: 1 | U56: 4
A57: 45575 | B57: 5 | D57: 5 | E57: 10 | P57: HCM - Ping IHD via ESI | Q57: 1 | R57: 1 | S57: 1 | T57: 1 | U57: 4
A58: 45576 | B58: 10 | D58: 6 | E58: 16 | P58: HCM - Send message to IHD | Q58: 1 | R58: 1 | S58: 1 | T58: 1 | U58: 4
A59: 45579 | B59: 8 | D59: 14 | E59: 22 | P59: HCM - Support for 2E meters metering cluster | Q59: 1 | R59: 1 | S59: 1 | T59: 1 | U59: 4
A60: 45580 | B60: 12 | D60: 5 | E60: 17 | P60: HCM - Unjoin IHD to ESI | Q60: 1 | R60: 1 | S60: 1 | T60: 1 | U60: 4
A61: 45581 | B61: 3 | E61: 3 | P61: L&G_LP_Enable | Q61: 1 | R61: 1 | S61: 1 | T61: 1 | U61: 4
A62: (blank) | P62: Loss of phase supply on 3-phase meters | S62: 1 | T62: 1 | U62: 2
A63: Grand Total | B63: 136 | D63: 226 | E63: 362 | P63: Loss of supply - threshold | Q63: 1 | R63: 1 | S63: 1 | T63: 1 | U63: 4
P64: Loss of supply - Verify last gasp for multiple meter outage | Q64: 1 | R64: 1 | S64: 1 | T64: 1 | U64: 4
P65: Meter Accuracy | Q65: 1 | R65: 1 | S65: 1 | T65: 1 | U65: 4
B66: Test: Test Priority: | C66: (Multiple Items) | P66: Meter Data Integrity - AMM export | Q66: 1 | R66: 1 | S66: 1 | T66: 1 | U66: 4
B67: Target Cycle: | C67: (All) | P67: Meter Data Integrity - EBQK | Q67: 1 | R67: 1 | S67: 1 | T67: 1 | U67: 4
P68: Meter Data Integrity - Meter to UIQ (Full) | Q68: 1 | R68: 1 | S68: 1 | T68: 1 | U68: 4
B69: Count of Status: | C69: Column Labels | P69: Meter Data Integrity - Meter to UIQ (Sanity) | Q69: 1 | R69: 1 | S69: 1 | T69: 1 | U69: 4
B70: Row Labels | C70: Failed | D70: Passed | E70: Not Completed | F70: RBT | G70: Deferred | H70: N/A | I70: Blocked | J70: Grand Total | P70: Meter display - register resolution | Q70: 1 | R70: 1 | S70: 1 | T70: 1 | U70: 4
B71: knjuguna(Kamau Njuguna) | C71: 17 | D71: 102 | E71: 4 | F71: 50 | G71: 1 | H71: 6 | J71: 180 | P71: Meter firmware audit | Q71: 1 | R71: 1 | S71: 1 | T71: 1 | U71: 4
B72: mkalra(Manoj Kalra) | C72: 10 | D72: 112 | F72: 49 | G72: 3 | H72: 6 | I72: 2 | J72: 182 | P72: Meter load contactor - remote override (close) | Q72: 1 | R72: 1 | S72: 1 | T72: 1 | U72: 4
B73: Grand Total | C73: 27 | D73: 214 | E73: 4 | F73: 99 | G73: 4 | H73: 12 | I73: 2 | J73: 362 | P73: Meter load contactor - remote override (open) | Q73: 1 | R73: 1 | S73: 1 | T73: 1 | U73: 4
P74: Meter load contactor - switching schedule 5-on-5-off | Q74: 1 | R74: 1 | S74: 1 | T74: 1 | U74: 4
P75: Meter Program - export events | Q75: 1 | R75: 1 | S75: 1 | T75: 1 | U75: 4
P76: Meter Program - NIC program seal | Q76: 1 | R76: 1 | S76: 1 | T76: 1 | U76: 4
P77: Meter Program - Partial programming (Remote) | Q77: 1 | R77: 1 | S77: 1 | T77: 1 | U77: 4
P78: Meter Program - Remote 1 - Load a full meter program (New Meter Program in UIQ) | Q78: 1 | R78: 1 | S78: 1 | T78: 1 | U78: 4
P79: Meter Program - Remote 4 - Load a full meter program (Meter Program exists in UIQ) | Q79: 1 | R79: 1 | S79: 1 | T79: 1 | U79: 4
P80: Meter program audit | Q80: 1 | R80: 1 | S80: 1 | T80: 1 | U80: 4
P81: Meter state transitions - New to xxx to Active | Q81: 2 | R81: 2 | S81: 2 | T81: 2 | U81: 8
P82: Meter supply contactor - Arm Remotely | Q82: 1 | R82: 1 | S82: 1 | T82: 1 | U82: 4
P83: Meter supply contactor - Remote Lockout | Q83: 1 | R83: 1 | S83: 1 | T83: 1 | U83: 4
P84: Meter supply contactor connect disconnect - local | Q84: 1 | R84: 1 | S84: 1 | T84: 1 | U84: 4
P85: Meter supply contactor connect disconnect - remote | Q85: 1 | R85: 1 | S85: 1 | T85: 1 | U85: 4
... P94: Grand Total | Q94: 90 | R94: 90 | S94: 91 | T94: 91 | U94: 362

Sheet 2024 - L&G R64  Tracking
D1: Actual Resource Availability | H1: Planned Resource Availability | L1: Planned Velocity | P1: Delta Velocity | V1: Actual Velocity | Z1: Running Average Velocity | AD1: Daily Velocity | AI1: Total Velocity | AM1: Projection | AR1: # of testers = 2 | AS1: Target Finish Date | AU1: =Days!F10 -> 45582 | AV1: Actual Resource Availability (Based on if testing that day) | AZ1: Running Average Velocity (Based on if testing that day)
A2: Day | B2: Date | C2: Working Day | D2: Kamau | E2: Manoj | F2: Leonard | H2: Kamau | I2: Manoj | J2: Leonard | L2: Kamau | M2: Manoj | N2: Leonard | P2: Kamau | Q2: Manoj | R2: Leonard | T2: Date | U2: Working Day | V2: knjuguna(Kamau Njuguna) | W2: mkalra(Manoj Kalra) | X2: ljarillas(Leonard Jarillas) | Y2: Target | Z2: knjuguna(Kamau Njuguna) | AA2: mkalra(Manoj Kalra) | AB2: ljarillas(Leonard Jarillas) | AD2: Date | AE2: Planned | AF2: Actual | AG2: Average | AI2: Date | AJ2: Planned | AK2: Actual | AM2: Date | AN2: 5D Running Average | AO2: 5D Running Average / Resource | AP2: Average/Resource | AQ2: Projected Finish | AR2: Needed velocity | AS2: Needed velocity / tester | AU2: Notes | AV2: Kamau | AW2: Manoj | AX2: Leonard | AY2: Date | AZ2: knjuguna(Kamau Njuguna) | BA2: mkalra(Manoj Kalra) | BB2: ljarillas(Leonard Jarillas)
A3: =VLOOKUP(WEEKDAY(B3,2),Days!$A$1:$B$7,2,0) -> Fri | B3: 45555 | C3: =IF(AND(A3<>"Sat",A3<>"Sun",ISERROR(VLOOKUP(B3,Days!$A$10:$A$38,1,0))),1,(IF(AF3<>0,1,0))) -> 1 | D3: 1 | E3: 1 | F3: 0 | H3: 1 | I3: 1 | J3: 0 | L3: =$C3*H3*Days!$F$1 -> 8 | M3: =$C3*I3*Days!$F$1 -> 8 | N3: =$C3*J3*Days!$F$1 -> 0 | P3: =IF(B3>TODAY(),0,V3-L3) -> 2 | Q3: =IF(B3>TODAY(),0,W3-M3) -> 0 | R3: =IF(B3>TODAY(),0,X3-N3) -> 0 | T3: =B3 -> 45555 | U3: =C3 -> 1 | V3: =COUNTIFS('2024 - L&G R64 - Test Instances'!H:H,B3,'2024 - L&G R64 - Test Instances'!L:L,$V$2,'2024 - L&G R64 - Test Instances'!O:O,"Done") -> 10 | W3: =COUNTIFS('2024 - L&G R64 - Test Instances'!H:H,B3,'2024 - L&G R64 - Test Instances'!L:L,$W$2,'2024 - L&G R64 - Test Instances'!O:O,"Done") -> 8 | X3: =COUNTIFS('2024 - L&G R64 - Test Instances'!H:H,B3,'2024 - L&G R64 - Test Instances'!L:L,$X$2,'2024 - L&G R64 - Test Instances'!O:O,"Done") -> 0 | Y3: 8 | Z3: =IF(B3>TODAY(),"",SUM($V$3:V3)/SUM($D$3:D3)) -> 10 | AA3: =IF(B3>TODAY(),"",SUM($W$3:W3)/SUM($E$3:E3)) -> 8 | AB3: =IF(B3>TODAY(),"",SUM($X$3:X3)/SUM($F$3:F3)) -> #DIV/0! | AD3: =B3 -> 45555 | AE3: =SUM(L3:N3) -> 16 | AF3: =SUM(V3:W3) -> 18 | AG3: =SUMIF(Z3:AA3,"<>#DIV/0!",Z3:AA3) -> 18 | AI3: =B3 -> 45555 | AJ3: =Days!F2 -> 274 | AK3: =Days!F3 -> 361 | AM3: =B3 -> 45555 | AP3: =IF(ISERROR(AF3/SUM(D3:F3)),0,AF3/SUM(D3:F3)) -> 9 | AR3: =AK3/(NETWORKDAYS(B3,$AU$1,Days!$A$11:$A$25)-1) -> 20.055556 | AS3: =AR3/((RIGHT($AR$1,1)*1)) -> 10.027778 | AV3: =IF(V3>0,1,0) -> 1 | AW3: =IF(W3>0,1,0) -> 1 | AX3: =IF(X3>0,1,0) -> 0 | AY3: =B3 -> 45555 | AZ3: =IF(B3>TODAY(),"",SUM($V$3:V3)/SUM($AV$3:AV3)) -> 10 | BA3: =IF(B3>TODAY(),"",SUM($W$3:W3)/SUM($AW$3:AW3)) -> 8 | BB3: =IF(B3>TODAY(),"",SUM($X$3:X3)/SUM($AX$3:AX3)) -> #DIV/0!
A4: =VLOOKUP(WEEKDAY(B4,2),Days!$A$1:$B$7,2,0) -> Sat | B4: =B3+1 -> 45556 | C4: =IF(AND(A4<>"Sat",A4<>"Sun",ISERROR(VLOOKUP(B4,Days!$A$10:$A$38,1,0))),1,(IF(AF4<>0,1,0))) -> 0 | D4: 0 | E4: 0 | F4: 0 | H4: 0 | I4: 0 | J4: 0 | L4: =$C4*H4*Days!$F$1 -> 0 | M4: =$C4*I4*Days!$F$1 -> 0 | N4: =$C4*J4*Days!$F$1 -> 0 | P4: =IF(B4>TODAY(),0,V4-L4) -> 0 | Q4: =IF(B4>TODAY(),0,W4-M4) -> 0 | R4: =IF(B4>TODAY(),0,X4-N4) -> 0 | T4: =B4 -> 45556 | U4: =C4 -> 0 | V4: =COUNTIFS('2024 - L&G R64 - Test Instances'!H:H,B4,'2024 - L&G R64 - Test Instances'!L:L,$V$2,'2024 - L&G R64 - Test Instances'!O:O,"Done") -> 0 | W4: =COUNTIFS('2024 - L&G R64 - Test Instances'!H:H,B4,'2024 - L&G R64 - Test Instances'!L:L,$W$2,'2024 - L&G R64 - Test Instances'!O:O,"Done") -> 0 | X4: =COUNTIFS('2024 - L&G R64 - Test Instances'!H:H,B4,'2024 - L&G R64 - Test Instances'!L:L,$X$2,'2024 - L&G R64 - Test Instances'!O:O,"Done") -> 0 | Y4: 8 | Z4: =IF(B4>TODAY(),"",SUM($V$3:V4)/SUM($D$3:D4)) -> 10 | AA4: =IF(B4>TODAY(),"",SUM($W$3:W4)/SUM($E$3:E4)) -> 8 | AB4: =IF(B4>TODAY(),"",SUM($X$3:X4)/SUM($F$3:F4)) -> #DIV/0! | AD4: =B4 -> 45556 | AE4: =SUM(L4:N4) -> 0 | AF4: =SUM(V4:W4) -> 0 | AG4: =SUMIF(Z4:AA4,"<>#DIV/0!",Z4:AA4) -> 18 | AI4: =B4 -> 45556 | AJ4: =AJ3-AE4 -> 274 | AK4: =IF(B4>TODAY(),"",AK3-AF4) -> 361 | AM4: =B4 -> 45556 | AP4: =IF(ISERROR(AF4/SUM(D4:F4)),0,AF4/SUM(D4:F4)) -> 0 | AR4: =AK4/(NETWORKDAYS(B4,$AU$1,Days!$A$11:$A$25)-1) -> 21.235294 | AS4: =AR4/((RIGHT($AR$1,1)*1)) -> 10.617647 | AV4: =IF(V4>0,1,0) -> 0 | AW4: =IF(W4>0,1,0) -> 0 | AX4: =IF(X4>0,1,0) -> 0 | AY4: =B4 -> 45556 | AZ4: =IF(B4>TODAY(),"",SUM($V$3:V4)/SUM($AV$3:AV4)) -> 10 | BA4: =IF(B4>TODAY(),"",SUM($W$3:W4)/SUM($AW$3:AW4)) -> 8 | BB4: =IF(B4>TODAY(),"",SUM($X$3:X4)/SUM($AX$3:AX4)) -> #DIV/0!
A5: =VLOOKUP(WEEKDAY(B5,2),Days!$A$1:$B$7,2,0) -> Sun | B5: =B4+1 -> 45557 | C5: =IF(AND(A5<>"Sat",A5<>"Sun",ISERROR(VLOOKUP(B5,Days!$A$10:$A$38,1,0))),1,(IF(AF5<>0,1,0))) -> 0 | D5: 0 | E5: 0 | F5: 0 | H5: 0 | I5: 0 | J5: 0 | L5: =$C5*H5*Days!$F$1 -> 0 | M5: =$C5*I5*Days!$F$1 -> 0 | N5: =$C5*J5*Days!$F$1 -> 0 | P5: =IF(B5>TODAY(),0,V5-L5) -> 0 | Q5: =IF(B5>TODAY(),0,W5-M5) -> 0 | R5: =IF(B5>TODAY(),0,X5-N5) -> 0 | T5: =B5 -> 45557 | U5: =C5 -> 0 | V5: =COUNTIFS('2024 - L&G R64 - Test Instances'!H:H,B5,'2024 - L&G R64 - Test Instances'!L:L,$V$2,'2024 - L&G R64 - Test Instances'!O:O,"Done") -> 0 | W5: =COUNTIFS('2024 - L&G R64 - Test Instances'!H:H,B5,'2024 - L&G R64 - Test Instances'!L:L,$W$2,'2024 - L&G R64 - Test Instances'!O:O,"Done") -> 0 | X5: =COUNTIFS('2024 - L&G R64 - Test Instances'!H:H,B5,'2024 - L&G R64 - Test Instances'!L:L,$X$2,'2024 - L&G R64 - Test Instances'!O:O,"Done") -> 0 | Y5: 8 | Z5: =IF(B5>TODAY(),"",SUM($V$3:V5)/SUM($D$3:D5)) -> 10 | AA5: =IF(B5>TODAY(),"",SUM($W$3:W5)/SUM($E$3:E5)) -> 8 | AB5: =IF(B5>TODAY(),"",SUM($X$3:X5)/SUM($F$3:F5)) -> #DIV/0! | AD5: =B5 -> 45557 | AE5: =SUM(L5:N5) -> 0 | AF5: =SUM(V5:W5) -> 0 | AG5: =SUMIF(Z5:AA5,"<>#DIV/0!",Z5:AA5) -> 18 | AI5: =B5 -> 45557 | AJ5: =AJ4-AE5 -> 274 | AK5: =IF(B5>TODAY(),"",AK4-AF5) -> 361 | AM5: =B5 -> 45557 | AP5: =IF(ISERROR(AF5/SUM(D5:F5)),0,AF5/SUM(D5:F5)) -> 0 | AR5: =AK5/(NETWORKDAYS(B5,$AU$1,Days!$A$11:$A$25)-1) -> 21.235294 | AS5: =AR5/((RIGHT($AR$1,1)*1)) -> 10.617647 | AV5: =IF(V5>0,1,0) -> 0 | AW5: =IF(W5>0,1,0) -> 0 | AX5: =IF(X5>0,1,0) -> 0 | AY5: =B5 -> 45557 | AZ5: =IF(B5>TODAY(),"",SUM($V$3:V5)/SUM($AV$3:AV5)) -> 10 | BA5: =IF(B5>TODAY(),"",SUM($W$3:W5)/SUM($AW$3:AW5)) -> 8 | BB5: =IF(B5>TODAY(),"",SUM($X$3:X5)/SUM($AX$3:AX5)) -> #DIV/0!
A6: =VLOOKUP(WEEKDAY(B6,2),Days!$A$1:$B$7,2,0) -> Mon | B6: =B5+1 -> 45558 | C6: =IF(AND(A6<>"Sat",A6<>"Sun",ISERROR(VLOOKUP(B6,Days!$A$10:$A$38,1,0))),1,(IF(AF6<>0,1,0))) -> 1 | D6: 1 | E6: 1 | F6: 0 | H6: 1 | I6: 1 | J6: 0 | L6: =$C6*H6*Days!$F$1 -> 8 | M6: =$C6*I6*Days!$F$1 -> 8 | N6: =$C6*J6*Days!$F$1 -> 0 | P6: =IF(B6>TODAY(),0,V6-L6) -> -6 | Q6: =IF(B6>TODAY(),0,W6-M6) -> -8 | R6: =IF(B6>TODAY(),0,X6-N6) -> 0 | T6: =B6 -> 45558 | U6: =C6 -> 1 | V6: =COUNTIFS('2024 - L&G R64 - Test Instances'!H:H,B6,'2024 - L&G R64 - Test Instances'!L:L,$V$2,'2024 - L&G R64 - Test Instances'!O:O,"Done") -> 2 | W6: =COUNTIFS('2024 - L&G R64 - Test Instances'!H:H,B6,'2024 - L&G R64 - Test Instances'!L:L,$W$2,'2024 - L&G R64 - Test Instances'!O:O,"Done") -> 0 | X6: =COUNTIFS('2024 - L&G R64 - Test Instances'!H:H,B6,'2024 - L&G R64 - Test Instances'!L:L,$X$2,'2024 - L&G R64 - Test Instances'!O:O,"Done") -> 0 | Y6: 8 | Z6: =IF(B6>TODAY(),"",SUM($V$3:V6)/SUM($D$3:D6)) -> 6 | AA6: =IF(B6>TODAY(),"",SUM($W$3:W6)/SUM($E$3:E6)) -> 4 | AB6: =IF(B6>TODAY(),"",SUM($X$3:X6)/SUM($F$3:F6)) -> #DIV/0! | AD6: =B6 -> 45558 | AE6: =SUM(L6:N6) -> 16 | AF6: =SUM(V6:W6) -> 2 | AG6: =SUMIF(Z6:AA6,"<>#DIV/0!",Z6:AA6) -> 10 | AI6: =B6 -> 45558 | AJ6: =AJ5-AE6 -> 258 | AK6: =IF(B6>TODAY(),"",AK5-AF6) -> 359 | AM6: =B6 -> 45558 | AP6: =IF(ISERROR(AF6/SUM(D6:F6)),0,AF6/SUM(D6:F6)) -> 1 | AR6: =AK6/(NETWORKDAYS(B6,$AU$1,Days!$A$11:$A$25)-1) -> 21.117647 | AS6: =AR6/((RIGHT($AR$1,1)*1)) -> 10.558824 | AV6: =IF(V6>0,1,0) -> 1 | AW6: =IF(W6>0,1,0) -> 0 | AX6: =IF(X6>0,1,0) -> 0 | AY6: =B6 -> 45558 | AZ6: =IF(B6>TODAY(),"",SUM($V$3:V6)/SUM($AV$3:AV6)) -> 6 | BA6: =IF(B6>TODAY(),"",SUM($W$3:W6)/SUM($AW$3:AW6)) -> 8 | BB6: =IF(B6>TODAY(),"",SUM($X$3:X6)/SUM($AX$3:AX6)) -> #DIV/0!
A7: =VLOOKUP(WEEKDAY(B7,2),Days!$A$1:$B$7,2,0) -> Tue | B7: =B6+1 -> 45559 | C7: =IF(AND(A7<>"Sat",A7<>"Sun",ISERROR(VLOOKUP(B7,Days!$A$10:$A$38,1,0))),1,(IF(AF7<>0,1,0))) -> 1 | D7: 1 | E7: 1 | F7: 0 | H7: 1 | I7: 1 | J7: 0 | L7: =$C7*H7*Days!$F$1 -> 8 | M7: =$C7*I7*Days!$F$1 -> 8 | N7: =$C7*J7*Days!$F$1 -> 0 | P7: =IF(B7>TODAY(),0,V7-L7) -> -3 | Q7: =IF(B7>TODAY(),0,W7-M7) -> 84 | R7: =IF(B7>TODAY(),0,X7-N7) -> 0 | T7: =B7 -> 45559 | U7: =C7 -> 1 | V7: =COUNTIFS('2024 - L&G R64 - Test Instances'!H:H,B7,'2024 - L&G R64 - Test Instances'!L:L,$V$2,'2024 - L&G R64 - Test Instances'!O:O,"Done") -> 5 | W7: =COUNTIFS('2024 - L&G R64 - Test Instances'!H:H,B7,'2024 - L&G R64 - Test Instances'!L:L,$W$2,'2024 - L&G R64 - Test Instances'!O:O,"Done") -> 92 | X7: =COUNTIFS('2024 - L&G R64 - Test Instances'!H:H,B7,'2024 - L&G R64 - Test Instances'!L:L,$X$2,'2024 - L&G R64 - Test Instances'!O:O,"Done") -> 0 | Y7: 8 | Z7: =IF(B7>TODAY(),"",SUM($V$3:V7)/SUM($D$3:D7)) -> 5.6666667 | AA7: =IF(B7>TODAY(),"",SUM($W$3:W7)/SUM($E$3:E7)) -> 33.333333 | AB7: =IF(B7>TODAY(),"",SUM($X$3:X7)/SUM($F$3:F7)) -> #DIV/0! | AD7: =B7 -> 45559 | AE7: =SUM(L7:N7) -> 16 | AF7: =SUM(V7:W7) -> 97 | AG7: =SUMIF(Z7:AA7,"<>#DIV/0!",Z7:AA7) -> 39 | AI7: =B7 -> 45559 | AJ7: =AJ6-AE7 -> 242 | AK7: =IF(B7>TODAY(),"",AK6-AF7) -> 262 | AM7: =B7 -> 45559 | AN7: =IF(B7>TODAY(),0,SUM(AF3:AF7)/SUM(C3:C7)) -> 39 | AO7: =IF(B7>TODAY(),0,SUM(AF3:AF7)/SUM(D3:F7)) -> 19.5 | AP7: =IF(ISERROR(AF7/SUM(D7:F7)),0,AF7/SUM(D7:F7)) -> 48.5 | AQ7: =IF(ISERROR(B7+(AK7/AN7)*(7/5)),AQ6,(B7+(AK7/AN7)*(7/5))) -> 45568.405 | AR7: =AK7/(NETWORKDAYS(B7,$AU$1,Days!$A$11:$A$25)-1) -> 16.375 | AS7: =AR7/((RIGHT($AR$1,1)*1)) -> 8.1875 | AV7: =IF(V7>0,1,0) -> 1 | AW7: =IF(W7>0,1,0) -> 1 | AX7: =IF(X7>0,1,0) -> 0 | AY7: =B7 -> 45559 | AZ7: =IF(B7>TODAY(),"",SUM($V$3:V7)/SUM($AV$3:AV7)) -> 5.6666667 | BA7: =IF(B7>TODAY(),"",SUM($W$3:W7)/SUM($AW$3:AW7)) -> 50 | BB7: =IF(B7>TODAY(),"",SUM($X$3:X7)/SUM($AX$3:AX7)) -> #DIV/0!
A8: =VLOOKUP(WEEKDAY(B8,2),Days!$A$1:$B$7,2,0) -> Wed | B8: =B7+1 -> 45560 | C8: =IF(AND(A8<>"Sat",A8<>"Sun",ISERROR(VLOOKUP(B8,Days!$A$10:$A$38,1,0))),1,(IF(AF8<>0,1,0))) -> 1 | D8: 0 | E8: 1 | F8: 0 | H8: 1 | I8: 1 | J8: 0 | L8: =$C8*H8*Days!$F$1 -> 8 | M8: =$C8*I8*Days!$F$1 -> 8 | N8: =$C8*J8*Days!$F$1 -> 0 | P8: =IF(B8>TODAY(),0,V8-L8) -> -8 | Q8: =IF(B8>TODAY(),0,W8-M8) -> 6 | R8: =IF(B8>TODAY(),0,X8-N8) -> 0 | T8: =B8 -> 45560 | U8: =C8 -> 1 | V8: =COUNTIFS('2024 - L&G R64 - Test Instances'!H:H,B8,'2024 - L&G R64 - Test Instances'!L:L,$V$2,'2024 - L&G R64 - Test Instances'!O:O,"Done") -> 0 | W8: =COUNTIFS('2024 - L&G R64 - Test Instances'!H:H,B8,'2024 - L&G R64 - Test Instances'!L:L,$W$2,'2024 - L&G R64 - Test Instances'!O:O,"Done") -> 14 | X8: =COUNTIFS('2024 - L&G R64 - Test Instances'!H:H,B8,'2024 - L&G R64 - Test Instances'!L:L,$X$2,'2024 - L&G R64 - Test Instances'!O:O,"Done") -> 0 | Y8: 8 | Z8: =IF(B8>TODAY(),"",SUM($V$3:V8)/SUM($D$3:D8)) -> 5.6666667 | AA8: =IF(B8>TODAY(),"",SUM($W$3:W8)/SUM($E$3:E8)) -> 28.5 | AB8: =IF(B8>TODAY(),"",SUM($X$3:X8)/SUM($F$3:F8)) -> #DIV/0! | AD8: =B8 -> 45560 | AE8: =SUM(L8:N8) -> 16 | AF8: =SUM(V8:W8) -> 14 | AG8: =SUMIF(Z8:AA8,"<>#DIV/0!",Z8:AA8) -> 34.166667 | AI8: =B8 -> 45560 | AJ8: =AJ7-AE8 -> 226 | AK8: =IF(B8>TODAY(),"",AK7-AF8) -> 248 | AM8: =B8 -> 45560 | AN8: =IF(B8>TODAY(),0,SUM(AF4:AF8)/SUM(C4:C8)) -> 37.666667 | AO8: =IF(B8>TODAY(),0,SUM(AF4:AF8)/SUM(D4:F8)) -> 22.6 | AP8: =IF(ISERROR(AF8/SUM(D8:F8)),0,AF8/SUM(D8:F8)) -> 14 | AQ8: =IF(ISERROR(B8+(AK8/AN8)*(7/5)),AQ7,(B8+(AK8/AN8)*(7/5))) -> 45569.218 | AR8: =AK8/(NETWORKDAYS(B8,$AU$1,Days!$A$11:$A$25)-1) -> 16.533333 | AS8: =AR8/((RIGHT($AR$1,1)*1)) -> 8.2666667 | AV8: =IF(V8>0,1,0) -> 0 | AW8: =IF(W8>0,1,0) -> 1 | AX8: =IF(X8>0,1,0) -> 0 | AY8: =B8 -> 45560 | AZ8: =IF(B8>TODAY(),"",SUM($V$3:V8)/SUM($AV$3:AV8)) -> 5.6666667 | BA8: =IF(B8>TODAY(),"",SUM($W$3:W8)/SUM($AW$3:AW8)) -> 38 | BB8: =IF(B8>TODAY(),"",SUM($X$3:X8)/SUM($AX$3:AX8)) -> #DIV/0!
A9: =VLOOKUP(WEEKDAY(B9,2),Days!$A$1:$B$7,2,0) -> Thu | B9: =B8+1 -> 45561 | C9: =IF(AND(A9<>"Sat",A9<>"Sun",ISERROR(VLOOKUP(B9,Days!$A$10:$A$38,1,0))),1,(IF(AF9<>0,1,0))) -> 1 | D9: 1 | E9: 1 | F9: 0 | H9: 1 | I9: 1 | J9: 0 | L9: =$C9*H9*Days!$F$1 -> 8 | M9: =$C9*I9*Days!$F$1 -> 8 | N9: =$C9*J9*Days!$F$1 -> 0 | P9: =IF(B9>TODAY(),0,V9-L9) -> 0 | Q9: =IF(B9>TODAY(),0,W9-M9) -> -3 | R9: =IF(B9>TODAY(),0,X9-N9) -> 0 | T9: =B9 -> 45561 | U9: =C9 -> 1 | V9: =COUNTIFS('2024 - L&G R64 - Test Instances'!H:H,B9,'2024 - L&G R64 - Test Instances'!L:L,$V$2,'2024 - L&G R64 - Test Instances'!O:O,"Done") -> 8 | W9: =COUNTIFS('2024 - L&G R64 - Test Instances'!H:H,B9,'2024 - L&G R64 - Test Instances'!L:L,$W$2,'2024 - L&G R64 - Test Instances'!O:O,"Done") -> 5 | X9: =COUNTIFS('2024 - L&G R64 - Test Instances'!H:H,B9,'2024 - L&G R64 - Test Instances'!L:L,$X$2,'2024 - L&G R64 - Test Instances'!O:O,"Done") -> 0 | Y9: 8 | Z9: =IF(B9>TODAY(),"",SUM($V$3:V9)/SUM($D$3:D9)) -> 6.25 | AA9: =IF(B9>TODAY(),"",SUM($W$3:W9)/SUM($E$3:E9)) -> 23.8 | AB9: =IF(B9>TODAY(),"",SUM($X$3:X9)/SUM($F$3:F9)) -> #DIV/0! | AD9: =B9 -> 45561 | AE9: =SUM(L9:N9) -> 16 | AF9: =SUM(V9:W9) -> 13 | AG9: =SUMIF(Z9:AA9,"<>#DIV/0!",Z9:AA9) -> 30.05 | AI9: =B9 -> 45561 | AJ9: =AJ8-AE9 -> 210 | AK9: =IF(B9>TODAY(),"",AK8-AF9) -> 235 | AM9: =B9 -> 45561 | AN9: =IF(B9>TODAY(),0,SUM(AF5:AF9)/SUM(C5:C9)) -> 31.5 | AO9: =IF(B9>TODAY(),0,SUM(AF5:AF9)/SUM(D5:F9)) -> 18 | AP9: =IF(ISERROR(AF9/SUM(D9:F9)),0,AF9/SUM(D9:F9)) -> 6.5 | AQ9: =IF(ISERROR(B9+(AK9/AN9)*(7/5)),AQ8,(B9+(AK9/AN9)*(7/5))) -> 45571.444 | AR9: =AK9/(NETWORKDAYS(B9,$AU$1,Days!$A$11:$A$25)-1) -> 16.785714 | AS9: =AR9/((RIGHT($AR$1,1)*1)) -> 8.3928571 | AV9: =IF(V9>0,1,0) -> 1 | AW9: =IF(W9>0,1,0) -> 1 | AX9: =IF(X9>0,1,0) -> 0 | AY9: =B9 -> 45561 | AZ9: =IF(B9>TODAY(),"",SUM($V$3:V9)/SUM($AV$3:AV9)) -> 6.25 | BA9: =IF(B9>TODAY(),"",SUM($W$3:W9)/SUM($AW$3:AW9)) -> 29.75 | BB9: =IF(B9>TODAY(),"",SUM($X$3:X9)/SUM($AX$3:AX9)) -> #DIV/0!
A10: =VLOOKUP(WEEKDAY(B10,2),Days!$A$1:$B$7,2,0) -> Fri | B10: =B9+1 -> 45562 | C10: =IF(AND(A10<>"Sat",A10<>"Sun",ISERROR(VLOOKUP(B10,Days!$A$10:$A$38,1,0))),1,(IF(AF10<>0,1,0))) -> 0 | D10: 0 | E10: 0 | F10: 0 | H10: 1 | I10: 1 | J10: 0 | L10: =$C10*H10*Days!$F$1 -> 0 | M10: =$C10*I10*Days!$F$1 -> 0 | N10: =$C10*J10*Days!$F$1 -> 0 | P10: =IF(B10>TODAY(),0,V10-L10) -> 0 | Q10: =IF(B10>TODAY(),0,W10-M10) -> 0 | R10: =IF(B10>TODAY(),0,X10-N10) -> 0 | T10: =B10 -> 45562 | U10: =C10 -> 0 | V10: =COUNTIFS('2024 - L&G R64 - Test Instances'!H:H,B10,'2024 - L&G R64 - Test Instances'!L:L,$V$2,'2024 - L&G R64 - Test Instances'!O:O,"Done") -> 0 | W10: =COUNTIFS('2024 - L&G R64 - Test Instances'!H:H,B10,'2024 - L&G R64 - Test Instances'!L:L,$W$2,'2024 - L&G R64 - Test Instances'!O:O,"Done") -> 0 | X10: =COUNTIFS('2024 - L&G R64 - Test Instances'!H:H,B10,'2024 - L&G R64 - Test Instances'!L:L,$X$2,'2024 - L&G R64 - Test Instances'!O:O,"Done") -> 0 | Y10: 8 | Z10: =IF(B10>TODAY(),"",SUM($V$3:V10)/SUM($D$3:D10)) -> 6.25 | AA10: =IF(B10>TODAY(),"",SUM($W$3:W10)/SUM($E$3:E10)) -> 23.8 | AB10: =IF(B10>TODAY(),"",SUM($X$3:X10)/SUM($F$3:F10)) -> #DIV/0! | AD10: =B10 -> 45562 | AE10: =SUM(L10:N10) -> 0 | AF10: =SUM(V10:W10) -> 0 | AG10: =SUMIF(Z10:AA10,"<>#DIV/0!",Z10:AA10) -> 30.05 | AI10: =B10 -> 45562 | AJ10: =AJ9-AE10 -> 210 | AK10: =IF(B10>TODAY(),"",AK9-AF10) -> 235 | AM10: =B10 -> 45562 | AN10: =IF(B10>TODAY(),0,SUM(AF6:AF10)/SUM(C6:C10)) -> 31.5 | AO10: =IF(B10>TODAY(),0,SUM(AF6:AF10)/SUM(D6:F10)) -> 18 | AP10: =IF(ISERROR(AF10/SUM(D10:F10)),0,AF10/SUM(D10:F10)) -> 0 | AQ10: =IF(ISERROR(B10+(AK10/AN10)*(7/5)),AQ9,(B10+(AK10/AN10)*(7/5))) -> 45572.444 | AR10: =AK10/(NETWORKDAYS(B10,$AU$1,Days!$A$11:$A$25)-1) -> 18.076923 | AS10: =AR10/((RIGHT($AR$1,1)*1)) -> 9.0384615 | AV10: =IF(V10>0,1,0) -> 0 | AW10: =IF(W10>0,1,0) -> 0 | AX10: =IF(X10>0,1,0) -> 0 | AY10: =B10 -> 45562 | AZ10: =IF(B10>TODAY(),"",SUM($V$3:V10)/SUM($AV$3:AV10)) -> 6.25 | BA10: =IF(B10>TODAY(),"",SUM($W$3:W10)/SUM($AW$3:AW10)) -> 29.75 | BB10: =IF(B10>TODAY(),"",SUM($X$3:X10)/SUM($AX$3:AX10)) -> #DIV/0!
A11: =VLOOKUP(WEEKDAY(B11,2),Days!$A$1:$B$7,2,0) -> Sat | B11: =B10+1 -> 45563 | C11: =IF(AND(A11<>"Sat",A11<>"Sun",ISERROR(VLOOKUP(B11,Days!$A$10:$A$38,1,0))),1,(IF(AF11<>0,1,0))) -> 0 | D11: 0 | E11: 0 | F11: 0 | H11: 0 | I11: 0 | J11: 0 | L11: =$C11*H11*Days!$F$1 -> 0 | M11: =$C11*I11*Days!$F$1 -> 0 | N11: =$C11*J11*Days!$F$1 -> 0 | P11: =IF(B11>TODAY(),0,V11-L11) -> 0 | Q11: =IF(B11>TODAY(),0,W11-M11) -> 0 | R11: =IF(B11>TODAY(),0,X11-N11) -> 0 | T11: =B11 -> 45563 | U11: =C11 -> 0 | V11: =COUNTIFS('2024 - L&G R64 - Test Instances'!H:H,B11,'2024 - L&G R64 - Test Instances'!L:L,$V$2,'2024 - L&G R64 - Test Instances'!O:O,"Done") -> 0 | W11: =COUNTIFS('2024 - L&G R64 - Test Instances'!H:H,B11,'2024 - L&G R64 - Test Instances'!L:L,$W$2,'2024 - L&G R64 - Test Instances'!O:O,"Done") -> 0 | X11: =COUNTIFS('2024 - L&G R64 - Test Instances'!H:H,B11,'2024 - L&G R64 - Test Instances'!L:L,$X$2,'2024 - L&G R64 - Test Instances'!O:O,"Done") -> 0 | Y11: 8 | Z11: =IF(B11>TODAY(),"",SUM($V$3:V11)/SUM($D$3:D11)) -> 6.25 | AA11: =IF(B11>TODAY(),"",SUM($W$3:W11)/SUM($E$3:E11)) -> 23.8 | AB11: =IF(B11>TODAY(),"",SUM($X$3:X11)/SUM($F$3:F11)) -> #DIV/0! | AD11: =B11 -> 45563 | AE11: =SUM(L11:N11) -> 0 | AF11: =SUM(V11:W11) -> 0 | AG11: =SUMIF(Z11:AA11,"<>#DIV/0!",Z11:AA11) -> 30.05 | AI11: =B11 -> 45563 | AJ11: =AJ10-AE11 -> 210 | AK11: =IF(B11>TODAY(),"",AK10-AF11) -> 235 | AM11: =B11 -> 45563 | AN11: =IF(B11>TODAY(),0,SUM(AF7:AF11)/SUM(C7:C11)) -> 41.333333 | AO11: =IF(B11>TODAY(),0,SUM(AF7:AF11)/SUM(D7:F11)) -> 24.8 | AP11: =IF(ISERROR(AF11/SUM(D11:F11)),0,AF11/SUM(D11:F11)) -> 0 | AQ11: =IF(ISERROR(B11+(AK11/AN11)*(7/5)),AQ10,(B11+(AK11/AN11)*(7/5))) -> 45570.96 | AR11: =AK11/(NETWORKDAYS(B11,$AU$1,Days!$A$11:$A$25)-1) -> 18.076923 | AS11: =AR11/((RIGHT($AR$1,1)*1)) -> 9.0384615 | AV11: =IF(V11>0,1,0) -> 0 | AW11: =IF(W11>0,1,0) -> 0 | AX11: =IF(X11>0,1,0) -> 0 | AY11: =B11 -> 45563 | AZ11: =IF(B11>TODAY(),"",SUM($V$3:V11)/SUM($AV$3:AV11)) -> 6.25 | BA11: =IF(B11>TODAY(),"",SUM($W$3:W11)/SUM($AW$3:AW11)) -> 29.75 | BB11: =IF(B11>TODAY(),"",SUM($X$3:X11)/SUM($AX$3:AX11)) -> #DIV/0!
A12: =VLOOKUP(WEEKDAY(B12,2),Days!$A$1:$B$7,2,0) -> Sun | B12: =B11+1 -> 45564 | C12: =IF(AND(A12<>"Sat",A12<>"Sun",ISERROR(VLOOKUP(B12,Days!$A$10:$A$38,1,0))),1,(IF(AF12<>0,1,0))) -> 0 | D12: 0 | E12: 0 | F12: 0 | H12: 0 | I12: 0 | J12: 0 | L12: =$C12*H12*Days!$F$1 -> 0 | M12: =$C12*I12*Days!$F$1 -> 0 | N12: =$C12*J12*Days!$F$1 -> 0 | P12: =IF(B12>TODAY(),0,V12-L12) -> 0 | Q12: =IF(B12>TODAY(),0,W12-M12) -> 0 | R12: =IF(B12>TODAY(),0,X12-N12) -> 0 | T12: =B12 -> 45564 | U12: =C12 -> 0 | V12: =COUNTIFS('2024 - L&G R64 - Test Instances'!H:H,B12,'2024 - L&G R64 - Test Instances'!L:L,$V$2,'2024 - L&G R64 - Test Instances'!O:O,"Done") -> 0 | W12: =COUNTIFS('2024 - L&G R64 - Test Instances'!H:H,B12,'2024 - L&G R64 - Test Instances'!L:L,$W$2,'2024 - L&G R64 - Test Instances'!O:O,"Done") -> 0 | X12: =COUNTIFS('2024 - L&G R64 - Test Instances'!H:H,B12,'2024 - L&G R64 - Test Instances'!L:L,$X$2,'2024 - L&G R64 - Test Instances'!O:O,"Done") -> 0 | Y12: 8 | Z12: =IF(B12>TODAY(),"",SUM($V$3:V12)/SUM($D$3:D12)) -> 6.25 | AA12: =IF(B12>TODAY(),"",SUM($W$3:W12)/SUM($E$3:E12)) -> 23.8 | AB12: =IF(B12>TODAY(),"",SUM($X$3:X12)/SUM($F$3:F12)) -> #DIV/0! | AD12: =B12 -> 45564 | AE12: =SUM(L12:N12) -> 0 | AF12: =SUM(V12:W12) -> 0 | AG12: =SUMIF(Z12:AA12,"<>#DIV/0!",Z12:AA12) -> 30.05 | AI12: =B12 -> 45564 | AJ12: =AJ11-AE12 -> 210 | AK12: =IF(B12>TODAY(),"",AK11-AF12) -> 235 | AM12: =B12 -> 45564 | AN12: =IF(B12>TODAY(),0,SUM(AF8:AF12)/SUM(C8:C12)) -> 13.5 | AO12: =IF(B12>TODAY(),0,SUM(AF8:AF12)/SUM(D8:F12)) -> 9 | AP12: =IF(ISERROR(AF12/SUM(D12:F12)),0,AF12/SUM(D12:F12)) -> 0 | AQ12: =IF(ISERROR(B12+(AK12/AN12)*(7/5)),AQ11,(B12+(AK12/AN12)*(7/5))) -> 45588.37 | AR12: =AK12/(NETWORKDAYS(B12,$AU$1,Days!$A$11:$A$25)-1) -> 18.076923 | AS12: =AR12/((RIGHT($AR$1,1)*1)) -> 9.0384615 | AV12: =IF(V12>0,1,0) -> 0 | AW12: =IF(W12>0,1,0) -> 0 | AX12: =IF(X12>0,1,0) -> 0 | AY12: =B12 -> 45564 | AZ12: =IF(B12>TODAY(),"",SUM($V$3:V12)/SUM($AV$3:AV12)) -> 6.25 | BA12: =IF(B12>TODAY(),"",SUM($W$3:W12)/SUM($AW$3:AW12)) -> 29.75 | BB12: =IF(B12>TODAY(),"",SUM($X$3:X12)/SUM($AX$3:AX12)) -> #DIV/0!
A13: =VLOOKUP(WEEKDAY(B13,2),Days!$A$1:$B$7,2,0) -> Mon | B13: =B12+1 -> 45565 | C13: =IF(AND(A13<>"Sat",A13<>"Sun",ISERROR(VLOOKUP(B13,Days!$A$10:$A$38,1,0))),1,(IF(AF13<>0,1,0))) -> 1 | D13: 1 | E13: 1 | F13: 0 | H13: 1 | I13: 1 | J13: 0 | L13: =$C13*H13*Days!$F$1 -> 8 | M13: =$C13*I13*Days!$F$1 -> 8 | N13: =$C13*J13*Days!$F$1 -> 0 | P13: =IF(B13>TODAY(),0,V13-L13) -> 6 | Q13: =IF(B13>TODAY(),0,W13-M13) -> 2 | R13: =IF(B13>TODAY(),0,X13-N13) -> 0 | T13: =B13 -> 45565 | U13: =C13 -> 1 | V13: =COUNTIFS('2024 - L&G R64 - Test Instances'!H:H,B13,'2024 - L&G R64 - Test Instances'!L:L,$V$2,'2024 - L&G R64 - Test Instances'!O:O,"Done") -> 14 | W13: =COUNTIFS('2024 - L&G R64 - Test Instances'!H:H,B13,'2024 - L&G R64 - Test Instances'!L:L,$W$2,'2024 - L&G R64 - Test Instances'!O:O,"Done") -> 10 | X13: =COUNTIFS('2024 - L&G R64 - Test Instances'!H:H,B13,'2024 - L&G R64 - Test Instances'!L:L,$X$2,'2024 - L&G R64 - Test Instances'!O:O,"Done") -> 0 | Y13: 8 | Z13: =IF(B13>TODAY(),"",SUM($V$3:V13)/SUM($D$3:D13)) -> 7.8 | AA13: =IF(B13>TODAY(),"",SUM($W$3:W13)/SUM($E$3:E13)) -> 21.5 | AB13: =IF(B13>TODAY(),"",SUM($X$3:X13)/SUM($F$3:F13)) -> #DIV/0! | AD13: =B13 -> 45565 | AE13: =SUM(L13:N13) -> 16 | AF13: =SUM(V13:W13) -> 24 | AG13: =SUMIF(Z13:AA13,"<>#DIV/0!",Z13:AA13) -> 29.3 | AI13: =B13 -> 45565 | AJ13: =AJ12-AE13 -> 194 | AK13: =IF(B13>TODAY(),"",AK12-AF13) -> 211 | AM13: =B13 -> 45565 | AN13: =IF(B13>TODAY(),0,SUM(AF9:AF13)/SUM(C9:C13)) -> 18.5 | AO13: =IF(B13>TODAY(),0,SUM(AF9:AF13)/SUM(D9:F13)) -> 9.25 | AP13: =IF(ISERROR(AF13/SUM(D13:F13)),0,AF13/SUM(D13:F13)) -> 12 | AQ13: =IF(ISERROR(B13+(AK13/AN13)*(7/5)),AQ12,(B13+(AK13/AN13)*(7/5))) -> 45580.968 | AR13: =AK13/(NETWORKDAYS(B13,$AU$1,Days!$A$11:$A$25)-1) -> 16.230769 | AS13: =AR13/((RIGHT($AR$1,1)*1)) -> 8.1153846 | AV13: =IF(V13>0,1,0) -> 1 | AW13: =IF(W13>0,1,0) -> 1 | AX13: =IF(X13>0,1,0) -> 0 | AY13: =B13 -> 45565 | AZ13: =IF(B13>TODAY(),"",SUM($V$3:V13)/SUM($AV$3:AV13)) -> 7.8 | BA13: =IF(B13>TODAY(),"",SUM($W$3:W13)/SUM($AW$3:AW13)) -> 25.8 | BB13: =IF(B13>TODAY(),"",SUM($X$3:X13)/SUM($AX$3:AX13)) -> #DIV/0!
A14: =VLOOKUP(WEEKDAY(B14,2),Days!$A$1:$B$7,2,0) -> Tue | B14: =B13+1 -> 45566 | C14: =IF(AND(A14<>"Sat",A14<>"Sun",ISERROR(VLOOKUP(B14,Days!$A$10:$A$38,1,0))),1,(IF(AF14<>0,1,0))) -> 1 | D14: 1 | E14: 1 | F14: 0 | H14: 1 | I14: 1 | J14: 0 | L14: =$C14*H14*Days!$F$1 -> 8 | M14: =$C14*I14*Days!$F$1 -> 8 | N14: =$C14*J14*Days!$F$1 -> 0 | P14: =IF(B14>TODAY(),0,V14-L14) -> -5 | Q14: =IF(B14>TODAY(),0,W14-M14) -> 2 | R14: =IF(B14>TODAY(),0,X14-N14) -> 0 | T14: =B14 -> 45566 | U14: =C14 -> 1 | V14: =COUNTIFS('2024 - L&G R64 - Test Instances'!H:H,B14,'2024 - L&G R64 - Test Instances'!L:L,$V$2,'2024 - L&G R64 - Test Instances'!O:O,"Done") -> 3 | W14: =COUNTIFS('2024 - L&G R64 - Test Instances'!H:H,B14,'2024 - L&G R64 - Test Instances'!L:L,$W$2,'2024 - L&G R64 - Test Instances'!O:O,"Done") -> 10 | X14: =COUNTIFS('2024 - L&G R64 - Test Instances'!H:H,B14,'2024 - L&G R64 - Test Instances'!L:L,$X$2,'2024 - L&G R64 - Test Instances'!O:O,"Done") -> 0 | Y14: 8 | Z14: =IF(B14>TODAY(),"",SUM($V$3:V14)/SUM($D$3:D14)) -> 7 | AA14: =IF(B14>TODAY(),"",SUM($W$3:W14)/SUM($E$3:E14)) -> 19.857143 | AB14: =IF(B14>TODAY(),"",SUM($X$3:X14)/SUM($F$3:F14)) -> #DIV/0! | AD14: =B14 -> 45566 | AE14: =SUM(L14:N14) -> 16 | AF14: =SUM(V14:W14) -> 13 | AG14: =SUMIF(Z14:AA14,"<>#DIV/0!",Z14:AA14) -> 26.857143 | AI14: =B14 -> 45566 | AJ14: =AJ13-AE14 -> 178 | AK14: =IF(B14>TODAY(),"",AK13-AF14) -> 198 | AM14: =B14 -> 45566 | AN14: =IF(B14>TODAY(),0,SUM(AF10:AF14)/SUM(C10:C14)) -> 18.5 | AO14: =IF(B14>TODAY(),0,SUM(AF10:AF14)/SUM(D10:F14)) -> 9.25 | AP14: =IF(ISERROR(AF14/SUM(D14:F14)),0,AF14/SUM(D14:F14)) -> 6.5 | AQ14: =IF(ISERROR(B14+(AK14/AN14)*(7/5)),AQ13,(B14+(AK14/AN14)*(7/5))) -> 45580.984 | AR14: =AK14/(NETWORKDAYS(B14,$AU$1,Days!$A$11:$A$25)-1) -> 16.5 | AS14: =AR14/((RIGHT($AR$1,1)*1)) -> 8.25 | AV14: =IF(V14>0,1,0) -> 1 | AW14: =IF(W14>0,1,0) -> 1 | AX14: =IF(X14>0,1,0) -> 0 | AY14: =B14 -> 45566 | AZ14: =IF(B14>TODAY(),"",SUM($V$3:V14)/SUM($AV$3:AV14)) -> 7 | BA14: =IF(B14>TODAY(),"",SUM($W$3:W14)/SUM($AW$3:AW14)) -> 23.166667 | BB14: =IF(B14>TODAY(),"",SUM($X$3:X14)/SUM($AX$3:AX14)) -> #DIV/0!
A15: =VLOOKUP(WEEKDAY(B15,2),Days!$A$1:$B$7,2,0) -> Wed | B15: =B14+1 -> 45567 | C15: =IF(AND(A15<>"Sat",A15<>"Sun",ISERROR(VLOOKUP(B15,Days!$A$10:$A$38,1,0))),1,(IF(AF15<>0,1,0))) -> 1 | D15: 0 | E15: 1 | F15: 0 | H15: 1 | I15: 1 | J15: 0 | L15: =$C15*H15*Days!$F$1 -> 8 | M15: =$C15*I15*Days!$F$1 -> 8 | N15: =$C15*J15*Days!$F$1 -> 0 | P15: =IF(B15>TODAY(),0,V15-L15) -> -8 | Q15: =IF(B15>TODAY(),0,W15-M15) -> 0 | R15: =IF(B15>TODAY(),0,X15-N15) -> 0 | T15: =B15 -> 45567 | U15: =C15 -> 1 | V15: =COUNTIFS('2024 - L&G R64 - Test Instances'!H:H,B15,'2024 - L&G R64 - Test Instances'!L:L,$V$2,'2024 - L&G R64 - Test Instances'!O:O,"Done") -> 0 | W15: =COUNTIFS('2024 - L&G R64 - Test Instances'!H:H,B15,'2024 - L&G R64 - Test Instances'!L:L,$W$2,'2024 - L&G R64 - Test Instances'!O:O,"Done") -> 8 | X15: =COUNTIFS('2024 - L&G R64 - Test Instances'!H:H,B15,'2024 - L&G R64 - Test Instances'!L:L,$X$2,'2024 - L&G R64 - Test Instances'!O:O,"Done") -> 0 | Y15: 8 | Z15: =IF(B15>TODAY(),"",SUM($V$3:V15)/SUM($D$3:D15)) -> 7 | AA15: =IF(B15>TODAY(),"",SUM($W$3:W15)/SUM($E$3:E15)) -> 18.375 | AB15: =IF(B15>TODAY(),"",SUM($X$3:X15)/SUM($F$3:F15)) -> #DIV/0! | AD15: =B15 -> 45567 | AE15: =SUM(L15:N15) -> 16 | AF15: =SUM(V15:W15) -> 8 | AG15: =SUMIF(Z15:AA15,"<>#DIV/0!",Z15:AA15) -> 25.375 | AI15: =B15 -> 45567 | AJ15: =AJ14-AE15 -> 162 | AK15: =IF(B15>TODAY(),"",AK14-AF15) -> 190 | AM15: =B15 -> 45567 | AN15: =IF(B15>TODAY(),0,SUM(AF11:AF15)/SUM(C11:C15)) -> 15 | AO15: =IF(B15>TODAY(),0,SUM(AF11:AF15)/SUM(D11:F15)) -> 9 | AP15: =IF(ISERROR(AF15/SUM(D15:F15)),0,AF15/SUM(D15:F15)) -> 8 | AQ15: =IF(ISERROR(B15+(AK15/AN15)*(7/5)),AQ14,(B15+(AK15/AN15)*(7/5))) -> 45584.733 | AR15: =AK15/(NETWORKDAYS(B15,$AU$1,Days!$A$11:$A$25)-1) -> 17.272727 | AS15: =AR15/((RIGHT($AR$1,1)*1)) -> 8.6363636 | AV15: =IF(V15>0,1,0) -> 0 | AW15: =IF(W15>0,1,0) -> 1 | AX15: =IF(X15>0,1,0) -> 0 | AY15: =B15 -> 45567 | AZ15: =IF(B15>TODAY(),"",SUM($V$3:V15)/SUM($AV$3:AV15)) -> 7 | BA15: =IF(B15>TODAY(),"",SUM($W$3:W15)/SUM($AW$3:AW15)) -> 21 | BB15: =IF(B15>TODAY(),"",SUM($X$3:X15)/SUM($AX$3:AX15)) -> #DIV/0!
A16: =VLOOKUP(WEEKDAY(B16,2),Days!$A$1:$B$7,2,0) -> Thu | B16: =B15+1 -> 45568 | C16: =IF(AND(A16<>"Sat",A16<>"Sun",ISERROR(VLOOKUP(B16,Days!$A$10:$A$38,1,0))),1,(IF(AF16<>0,1,0))) -> 1 | D16: 1 | E16: 1 | F16: 0 | H16: 1 | I16: 1 | J16: 0 | L16: =$C16*H16*Days!$F$1 -> 8 | M16: =$C16*I16*Days!$F$1 -> 8 | N16: =$C16*J16*Days!$F$1 -> 0 | P16: =IF(B16>TODAY(),0,V16-L16) -> 0 | Q16: =IF(B16>TODAY(),0,W16-M16) -> -4 | R16: =IF(B16>TODAY(),0,X16-N16) -> 0 | T16: =B16 -> 45568 | U16: =C16 -> 1 | V16: =COUNTIFS('2024 - L&G R64 - Test Instances'!H:H,B16,'2024 - L&G R64 - Test Instances'!L:L,$V$2,'2024 - L&G R64 - Test Instances'!O:O,"Done") -> 8 | W16: =COUNTIFS('2024 - L&G R64 - Test Instances'!H:H,B16,'2024 - L&G R64 - Test Instances'!L:L,$W$2,'2024 - L&G R64 - Test Instances'!O:O,"Done") -> 4 | X16: =COUNTIFS('2024 - L&G R64 - Test Instances'!H:H,B16,'2024 - L&G R64 - Test Instances'!L:L,$X$2,'2024 - L&G R64 - Test Instances'!O:O,"Done") -> 0 | Y16: 8 | Z16: =IF(B16>TODAY(),"",SUM($V$3:V16)/SUM($D$3:D16)) -> 7.1428571 | AA16: =IF(B16>TODAY(),"",SUM($W$3:W16)/SUM($E$3:E16)) -> 16.777778 | AB16: =IF(B16>TODAY(),"",SUM($X$3:X16)/SUM($F$3:F16)) -> #DIV/0! | AD16: =B16 -> 45568 | AE16: =SUM(L16:N16) -> 16 | AF16: =SUM(V16:W16) -> 12 | AG16: =SUMIF(Z16:AA16,"<>#DIV/0!",Z16:AA16) -> 23.920635 | AI16: =B16 -> 45568 | AJ16: =AJ15-AE16 -> 146 | AK16: =IF(B16>TODAY(),"",AK15-AF16) -> 178 | AM16: =B16 -> 45568 | AN16: =IF(B16>TODAY(),0,SUM(AF12:AF16)/SUM(C12:C16)) -> 14.25 | AO16: =IF(B16>TODAY(),0,SUM(AF12:AF16)/SUM(D12:F16)) -> 8.1428571 | AP16: =IF(ISERROR(AF16/SUM(D16:F16)),0,AF16/SUM(D16:F16)) -> 6 | AQ16: =IF(ISERROR(B16+(AK16/AN16)*(7/5)),AQ15,(B16+(AK16/AN16)*(7/5))) -> 45585.488 | AR16: =AK16/(NETWORKDAYS(B16,$AU$1,Days!$A$11:$A$25)-1) -> 17.8 | AS16: =AR16/((RIGHT($AR$1,1)*1)) -> 8.9 | AV16: =IF(V16>0,1,0) -> 1 | AW16: =IF(W16>0,1,0) -> 1 | AX16: =IF(X16>0,1,0) -> 0 | AY16: =B16 -> 45568 | AZ16: =IF(B16>TODAY(),"",SUM($V$3:V16)/SUM($AV$3:AV16)) -> 7.1428571 | BA16: =IF(B16>TODAY(),"",SUM($W$3:W16)/SUM($AW$3:AW16)) -> 18.875 | BB16: =IF(B16>TODAY(),"",SUM($X$3:X16)/SUM($AX$3:AX16)) -> #DIV/0!
A17: =VLOOKUP(WEEKDAY(B17,2),Days!$A$1:$B$7,2,0) -> Fri | B17: =B16+1 -> 45569 | C17: =IF(AND(A17<>"Sat",A17<>"Sun",ISERROR(VLOOKUP(B17,Days!$A$10:$A$38,1,0))),1,(IF(AF17<>0,1,0))) -> 1 | D17: 1 | E17: 1 | F17: 0 | H17: 1 | I17: 1 | J17: 0 | L17: =$C17*H17*Days!$F$1 -> 8 | M17: =$C17*I17*Days!$F$1 -> 8 | N17: =$C17*J17*Days!$F$1 -> 0 | P17: =IF(B17>TODAY(),0,V17-L17) -> 6 | Q17: =IF(B17>TODAY(),0,W17-M17) -> 6 | R17: =IF(B17>TODAY(),0,X17-N17) -> 0 | T17: =B17 -> 45569 | U17: =C17 -> 1 | V17: =COUNTIFS('2024 - L&G R64 - Test Instances'!H:H,B17,'2024 - L&G R64 - Test Instances'!L:L,$V$2,'2024 - L&G R64 - Test Instances'!O:O,"Done") -> 14 | W17: =COUNTIFS('2024 - L&G R64 - Test Instances'!H:H,B17,'2024 - L&G R64 - Test Instances'!L:L,$W$2,'2024 - L&G R64 - Test Instances'!O:O,"Done") -> 14 | X17: =COUNTIFS('2024 - L&G R64 - Test Instances'!H:H,B17,'2024 - L&G R64 - Test Instances'!L:L,$X$2,'2024 - L&G R64 - Test Instances'!O:O,"Done") -> 0 | Y17: 8 | Z17: =IF(B17>TODAY(),"",SUM($V$3:V17)/SUM($D$3:D17)) -> 8 | AA17: =IF(B17>TODAY(),"",SUM($W$3:W17)/SUM($E$3:E17)) -> 16.5 | AB17: =IF(B17>TODAY(),"",SUM($X$3:X17)/SUM($F$3:F17)) -> #DIV/0! | AD17: =B17 -> 45569 | AE17: =SUM(L17:N17) -> 16 | AF17: =SUM(V17:W17) -> 28 | AG17: =SUMIF(Z17:AA17,"<>#DIV/0!",Z17:AA17) -> 24.5 | AI17: =B17 -> 45569 | AJ17: =AJ16-AE17 -> 130 | AK17: =IF(B17>TODAY(),"",AK16-AF17) -> 150 | AM17: =B17 -> 45569 | AN17: =IF(B17>TODAY(),0,SUM(AF13:AF17)/SUM(C13:C17)) -> 17 | AO17: =IF(B17>TODAY(),0,SUM(AF13:AF17)/SUM(D13:F17)) -> 9.4444444 | AP17: =IF(ISERROR(AF17/SUM(D17:F17)),0,AF17/SUM(D17:F17)) -> 14 | AQ17: =IF(ISERROR(B17+(AK17/AN17)*(7/5)),AQ16,(B17+(AK17/AN17)*(7/5))) -> 45581.353 | AR17: =AK17/(NETWORKDAYS(B17,$AU$1,Days!$A$11:$A$25)-1) -> 16.666667 | AS17: =AR17/((RIGHT($AR$1,1)*1)) -> 8.3333333 | AV17: =IF(V17>0,1,0) -> 1 | AW17: =IF(W17>0,1,0) -> 1 | AX17: =IF(X17>0,1,0) -> 0 | AY17: =B17 -> 45569 | AZ17: =IF(B17>TODAY(),"",SUM($V$3:V17)/SUM($AV$3:AV17)) -> 8 | BA17: =IF(B17>TODAY(),"",SUM($W$3:W17)/SUM($AW$3:AW17)) -> 18.333333 | BB17: =IF(B17>TODAY(),"",SUM($X$3:X17)/SUM($AX$3:AX17)) -> #DIV/0!
A18: =VLOOKUP(WEEKDAY(B18,2),Days!$A$1:$B$7,2,0) -> Sat | B18: =B17+1 -> 45570 | C18: =IF(AND(A18<>"Sat",A18<>"Sun",ISERROR(VLOOKUP(B18,Days!$A$10:$A$38,1,0))),1,(IF(AF18<>0,1,0))) -> 0 | H18: 0 | I18: 0 | J18: 0 | L18: =$C18*H18*Days!$F$1 -> 0 | M18: =$C18*I18*Days!$F$1 -> 0 | N18: =$C18*J18*Days!$F$1 -> 0 | P18: =IF(B18>TODAY(),0,V18-L18) -> 0 | Q18: =IF(B18>TODAY(),0,W18-M18) -> 0 | R18: =IF(B18>TODAY(),0,X18-N18) -> 0 | T18: =B18 -> 45570 | U18: =C18 -> 0 | V18: =COUNTIFS('2024 - L&G R64 - Test Instances'!H:H,B18,'2024 - L&G R64 - Test Instances'!L:L,$V$2,'2024 - L&G R64 - Test Instances'!O:O,"Done") -> 0 | W18: =COUNTIFS('2024 - L&G R64 - Test Instances'!H:H,B18,'2024 - L&G R64 - Test Instances'!L:L,$W$2,'2024 - L&G R64 - Test Instances'!O:O,"Done") -> 0 | X18: =COUNTIFS('2024 - L&G R64 - Test Instances'!H:H,B18,'2024 - L&G R64 - Test Instances'!L:L,$X$2,'2024 - L&G R64 - Test Instances'!O:O,"Done") -> 0 | Y18: 8 | Z18: =IF(B18>TODAY(),"",SUM($V$3:V18)/SUM($D$3:D18)) -> 8 | AA18: =IF(B18>TODAY(),"",SUM($W$3:W18)/SUM($E$3:E18)) -> 16.5 | AB18: =IF(B18>TODAY(),"",SUM($X$3:X18)/SUM($F$3:F18)) -> #DIV/0! | AD18: =B18 -> 45570 | AE18: =SUM(L18:N18) -> 0 | AF18: =SUM(V18:W18) -> 0 | AG18: =SUMIF(Z18:AA18,"<>#DIV/0!",Z18:AA18) -> 24.5 | AI18: =B18 -> 45570 | AJ18: =AJ17-AE18 -> 130 | AK18: =IF(B18>TODAY(),"",AK17-AF18) -> 150 | AM18: =B18 -> 45570 | AN18: =IF(B18>TODAY(),0,SUM(AF14:AF18)/SUM(C14:C18)) -> 15.25 | AO18: =IF(B18>TODAY(),0,SUM(AF14:AF18)/SUM(D14:F18)) -> 8.7142857 | AP18: =IF(ISERROR(AF18/SUM(D18:F18)),0,AF18/SUM(D18:F18)) -> 0 | AQ18: =IF(ISERROR(B18+(AK18/AN18)*(7/5)),AQ17,(B18+(AK18/AN18)*(7/5))) -> 45583.77 | AR18: =AK18/(NETWORKDAYS(B18,$AU$1,Days!$A$11:$A$25)-1) -> 18.75 | AS18: =AR18/((RIGHT($AR$1,1)*1)) -> 9.375 | AV18: =IF(V18>0,1,0) -> 0 | AW18: =IF(W18>0,1,0) -> 0 | AX18: =IF(X18>0,1,0) -> 0 | AY18: =B18 -> 45570 | AZ18: =IF(B18>TODAY(),"",SUM($V$3:V18)/SUM($AV$3:AV18)) -> 8 | BA18: =IF(B18>TODAY(),"",SUM($W$3:W18)/SUM($AW$3:AW18)) -> 18.333333 | BB18: =IF(B18>TODAY(),"",SUM($X$3:X18)/SUM($AX$3:AX18)) -> #DIV/0!
A19: =VLOOKUP(WEEKDAY(B19,2),Days!$A$1:$B$7,2,0) -> Sun | B19: =B18+1 -> 45571 | C19: =IF(AND(A19<>"Sat",A19<>"Sun",ISERROR(VLOOKUP(B19,Days!$A$10:$A$38,1,0))),1,(IF(AF19<>0,1,0))) -> 0 | H19: 0 | I19: 0 | J19: 0 | L19: =$C19*H19*Days!$F$1 -> 0 | M19: =$C19*I19*Days!$F$1 -> 0 | N19: =$C19*J19*Days!$F$1 -> 0 | P19: =IF(B19>TODAY(),0,V19-L19) -> 0 | Q19: =IF(B19>TODAY(),0,W19-M19) -> 0 | R19: =IF(B19>TODAY(),0,X19-N19) -> 0 | T19: =B19 -> 45571 | U19: =C19 -> 0 | V19: =COUNTIFS('2024 - L&G R64 - Test Instances'!H:H,B19,'2024 - L&G R64 - Test Instances'!L:L,$V$2,'2024 - L&G R64 - Test Instances'!O:O,"Done") -> 0 | W19: =COUNTIFS('2024 - L&G R64 - Test Instances'!H:H,B19,'2024 - L&G R64 - Test Instances'!L:L,$W$2,'2024 - L&G R64 - Test Instances'!O:O,"Done") -> 0 | X19: =COUNTIFS('2024 - L&G R64 - Test Instances'!H:H,B19,'2024 - L&G R64 - Test Instances'!L:L,$X$2,'2024 - L&G R64 - Test Instances'!O:O,"Done") -> 0 | Y19: 8 | Z19: =IF(B19>TODAY(),"",SUM($V$3:V19)/SUM($D$3:D19)) -> 8 | AA19: =IF(B19>TODAY(),"",SUM($W$3:W19)/SUM($E$3:E19)) -> 16.5 | AB19: =IF(B19>TODAY(),"",SUM($X$3:X19)/SUM($F$3:F19)) -> #DIV/0! | AD19: =B19 -> 45571 | AE19: =SUM(L19:N19) -> 0 | AF19: =SUM(V19:W19) -> 0 | AG19: =SUMIF(Z19:AA19,"<>#DIV/0!",Z19:AA19) -> 24.5 | AI19: =B19 -> 45571 | AJ19: =AJ18-AE19 -> 130 | AK19: =IF(B19>TODAY(),"",AK18-AF19) -> 150 | AM19: =B19 -> 45571 | AN19: =IF(B19>TODAY(),0,SUM(AF15:AF19)/SUM(C15:C19)) -> 16 | AO19: =IF(B19>TODAY(),0,SUM(AF15:AF19)/SUM(D15:F19)) -> 9.6 | AP19: =IF(ISERROR(AF19/SUM(D19:F19)),0,AF19/SUM(D19:F19)) -> 0 | AQ19: =IF(ISERROR(B19+(AK19/AN19)*(7/5)),AQ18,(B19+(AK19/AN19)*(7/5))) -> 45584.125 | AR19: =AK19/(NETWORKDAYS(B19,$AU$1,Days!$A$11:$A$25)-1) -> 18.75 | AS19: =AR19/((RIGHT($AR$1,1)*1)) -> 9.375 | AV19: =IF(V19>0,1,0) -> 0 | AW19: =IF(W19>0,1,0) -> 0 | AX19: =IF(X19>0,1,0) -> 0 | AY19: =B19 -> 45571 | AZ19: =IF(B19>TODAY(),"",SUM($V$3:V19)/SUM($AV$3:AV19)) -> 8 | BA19: =IF(B19>TODAY(),"",SUM($W$3:W19)/SUM($AW$3:AW19)) -> 18.333333 | BB19: =IF(B19>TODAY(),"",SUM($X$3:X19)/SUM($AX$3:AX19)) -> #DIV/0!
A20: =VLOOKUP(WEEKDAY(B20,2),Days!$A$1:$B$7,2,0) -> Mon | B20: =B19+1 -> 45572 | C20: =IF(AND(A20<>"Sat",A20<>"Sun",ISERROR(VLOOKUP(B20,Days!$A$10:$A$38,1,0))),1,(IF(AF20<>0,1,0))) -> 1 | D20: 1 | E20: 1 | F20: 0 | H20: 1 | I20: 1 | J20: 0 | L20: =$C20*H20*Days!$F$1 -> 8 | M20: =$C20*I20*Days!$F$1 -> 8 | N20: =$C20*J20*Days!$F$1 -> 0 | P20: =IF(B20>TODAY(),0,V20-L20) -> 4 | Q20: =IF(B20>TODAY(),0,W20-M20) -> 8 | R20: =IF(B20>TODAY(),0,X20-N20) -> 0 | T20: =B20 -> 45572 | U20: =C20 -> 1 | V20: =COUNTIFS('2024 - L&G R64 - Test Instances'!H:H,B20,'2024 - L&G R64 - Test Instances'!L:L,$V$2,'2024 - L&G R64 - Test Instances'!O:O,"Done") -> 12 | W20: =COUNTIFS('2024 - L&G R64 - Test Instances'!H:H,B20,'2024 - L&G R64 - Test Instances'!L:L,$W$2,'2024 - L&G R64 - Test Instances'!O:O,"Done") -> 16 | X20: =COUNTIFS('2024 - L&G R64 - Test Instances'!H:H,B20,'2024 - L&G R64 - Test Instances'!L:L,$X$2,'2024 - L&G R64 - Test Instances'!O:O,"Done") -> 0 | Y20: 8 | Z20: =IF(B20>TODAY(),"",SUM($V$3:V20)/SUM($D$3:D20)) -> 8.4444444 | AA20: =IF(B20>TODAY(),"",SUM($W$3:W20)/SUM($E$3:E20)) -> 16.454545 | AB20: =IF(B20>TODAY(),"",SUM($X$3:X20)/SUM($F$3:F20)) -> #DIV/0! | AD20: =B20 -> 45572 | AE20: =SUM(L20:N20) -> 16 | AF20: =SUM(V20:W20) -> 28 | AG20: =SUMIF(Z20:AA20,"<>#DIV/0!",Z20:AA20) -> 24.89899 | AI20: =B20 -> 45572 | AJ20: =AJ19-AE20 -> 114 | AK20: =IF(B20>TODAY(),"",AK19-AF20) -> 122 | AM20: =B20 -> 45572 | AN20: =IF(B20>TODAY(),0,SUM(AF16:AF20)/SUM(C16:C20)) -> 22.666667 | AO20: =IF(B20>TODAY(),0,SUM(AF16:AF20)/SUM(D16:F20)) -> 11.333333 | AP20: =IF(ISERROR(AF20/SUM(D20:F20)),0,AF20/SUM(D20:F20)) -> 14 | AQ20: =IF(ISERROR(B20+(AK20/AN20)*(7/5)),AQ19,(B20+(AK20/AN20)*(7/5))) -> 45579.535 | AR20: =AK20/(NETWORKDAYS(B20,$AU$1,Days!$A$11:$A$25)-1) -> 15.25 | AS20: =AR20/((RIGHT($AR$1,1)*1)) -> 7.625 | AV20: =IF(V20>0,1,0) -> 1 | AW20: =IF(W20>0,1,0) -> 1 | AX20: =IF(X20>0,1,0) -> 0 | AY20: =B20 -> 45572 | AZ20: =IF(B20>TODAY(),"",SUM($V$3:V20)/SUM($AV$3:AV20)) -> 8.4444444 | BA20: =IF(B20>TODAY(),"",SUM($W$3:W20)/SUM($AW$3:AW20)) -> 18.1 | BB20: =IF(B20>TODAY(),"",SUM($X$3:X20)/SUM($AX$3:AX20)) -> #DIV/0!
A21: =VLOOKUP(WEEKDAY(B21,2),Days!$A$1:$B$7,2,0) -> Tue | B21: =B20+1 -> 45573 | C21: =IF(AND(A21<>"Sat",A21<>"Sun",ISERROR(VLOOKUP(B21,Days!$A$10:$A$38,1,0))),1,(IF(AF21<>0,1,0))) -> 1 | D21: 1 | E21: 1 | F21: 0 | H21: 1 | I21: 1 | J21: 0 | L21: =$C21*H21*Days!$F$1 -> 8 | M21: =$C21*I21*Days!$F$1 -> 8 | N21: =$C21*J21*Days!$F$1 -> 0 | P21: =IF(B21>TODAY(),0,V21-L21) -> 2 | Q21: =IF(B21>TODAY(),0,W21-M21) -> -4 | R21: =IF(B21>TODAY(),0,X21-N21) -> 0 | T21: =B21 -> 45573 | U21: =C21 -> 1 | V21: =COUNTIFS('2024 - L&G R64 - Test Instances'!H:H,B21,'2024 - L&G R64 - Test Instances'!L:L,$V$2,'2024 - L&G R64 - Test Instances'!O:O,"Done") -> 10 | W21: =COUNTIFS('2024 - L&G R64 - Test Instances'!H:H,B21,'2024 - L&G R64 - Test Instances'!L:L,$W$2,'2024 - L&G R64 - Test Instances'!O:O,"Done") -> 4 | X21: =COUNTIFS('2024 - L&G R64 - Test Instances'!H:H,B21,'2024 - L&G R64 - Test Instances'!L:L,$X$2,'2024 - L&G R64 - Test Instances'!O:O,"Done") -> 0 | Y21: 8 | Z21: =IF(B21>TODAY(),"",SUM($V$3:V21)/SUM($D$3:D21)) -> 8.6 | AA21: =IF(B21>TODAY(),"",SUM($W$3:W21)/SUM($E$3:E21)) -> 15.416667 | AB21: =IF(B21>TODAY(),"",SUM($X$3:X21)/SUM($F$3:F21)) -> #DIV/0! | AD21: =B21 -> 45573 | AE21: =SUM(L21:N21) -> 16 | AF21: =SUM(V21:W21) -> 14 | AG21: =SUMIF(Z21:AA21,"<>#DIV/0!",Z21:AA21) -> 24.016667 | AI21: =B21 -> 45573 | AJ21: =AJ20-AE21 -> 98 | AK21: =IF(B21>TODAY(),"",AK20-AF21) -> 108 | AM21: =B21 -> 45573 | AN21: =IF(B21>TODAY(),0,SUM(AF17:AF21)/SUM(C17:C21)) -> 23.333333 | AO21: =IF(B21>TODAY(),0,SUM(AF17:AF21)/SUM(D17:F21)) -> 11.666667 | AP21: =IF(ISERROR(AF21/SUM(D21:F21)),0,AF21/SUM(D21:F21)) -> 7 | AQ21: =IF(ISERROR(B21+(AK21/AN21)*(7/5)),AQ20,(B21+(AK21/AN21)*(7/5))) -> 45579.48 | AR21: =AK21/(NETWORKDAYS(B21,$AU$1,Days!$A$11:$A$25)-1) -> 15.428571 | AS21: =AR21/((RIGHT($AR$1,1)*1)) -> 7.7142857 | AV21: =IF(V21>0,1,0) -> 1 | AW21: =IF(W21>0,1,0) -> 1 | AX21: =IF(X21>0,1,0) -> 0 | AY21: =B21 -> 45573 | AZ21: =IF(B21>TODAY(),"",SUM($V$3:V21)/SUM($AV$3:AV21)) -> 8.6 | BA21: =IF(B21>TODAY(),"",SUM($W$3:W21)/SUM($AW$3:AW21)) -> 16.818182 | BB21: =IF(B21>TODAY(),"",SUM($X$3:X21)/SUM($AX$3:AX21)) -> #DIV/0!
A22: =VLOOKUP(WEEKDAY(B22,2),Days!$A$1:$B$7,2,0) -> Wed | B22: =B21+1 -> 45574 | C22: =IF(AND(A22<>"Sat",A22<>"Sun",ISERROR(VLOOKUP(B22,Days!$A$10:$A$38,1,0))),1,(IF(AF22<>0,1,0))) -> 1 | D22: 1 | E22: 1 | F22: 0 | H22: 1 | I22: 1 | J22: 0 | L22: =$C22*H22*Days!$F$1 -> 8 | M22: =$C22*I22*Days!$F$1 -> 8 | N22: =$C22*J22*Days!$F$1 -> 0 | P22: =IF(B22>TODAY(),0,V22-L22) -> 0 | Q22: =IF(B22>TODAY(),0,W22-M22) -> -1 | R22: =IF(B22>TODAY(),0,X22-N22) -> 0 | T22: =B22 -> 45574 | U22: =C22 -> 1 | V22: =COUNTIFS('2024 - L&G R64 - Test Instances'!H:H,B22,'2024 - L&G R64 - Test Instances'!L:L,$V$2,'2024 - L&G R64 - Test Instances'!O:O,"Done") -> 8 | W22: =COUNTIFS('2024 - L&G R64 - Test Instances'!H:H,B22,'2024 - L&G R64 - Test Instances'!L:L,$W$2,'2024 - L&G R64 - Test Instances'!O:O,"Done") -> 7 | X22: =COUNTIFS('2024 - L&G R64 - Test Instances'!H:H,B22,'2024 - L&G R64 - Test Instances'!L:L,$X$2,'2024 - L&G R64 - Test Instances'!O:O,"Done") -> 0 | Y22: 8 | Z22: =IF(B22>TODAY(),"",SUM($V$3:V22)/SUM($D$3:D22)) -> 8.5454545 | AA22: =IF(B22>TODAY(),"",SUM($W$3:W22)/SUM($E$3:E22)) -> 14.769231 | AB22: =IF(B22>TODAY(),"",SUM($X$3:X22)/SUM($F$3:F22)) -> #DIV/0! | AD22: =B22 -> 45574 | AE22: =SUM(L22:N22) -> 16 | AF22: =SUM(V22:W22) -> 15 | AG22: =SUMIF(Z22:AA22,"<>#DIV/0!",Z22:AA22) -> 23.314685 | AI22: =B22 -> 45574 | AJ22: =AJ21-AE22 -> 82 | AK22: =IF(B22>TODAY(),"",AK21-AF22) -> 93 | AM22: =B22 -> 45574 | AN22: =IF(B22>TODAY(),0,SUM(AF18:AF22)/SUM(C18:C22)) -> 19 | AO22: =IF(B22>TODAY(),0,SUM(AF18:AF22)/SUM(D18:F22)) -> 9.5 | AP22: =IF(ISERROR(AF22/SUM(D22:F22)),0,AF22/SUM(D22:F22)) -> 7.5 | AQ22: =IF(ISERROR(B22+(AK22/AN22)*(7/5)),AQ21,(B22+(AK22/AN22)*(7/5))) -> 45580.853 | AR22: =AK22/(NETWORKDAYS(B22,$AU$1,Days!$A$11:$A$25)-1) -> 15.5 | AS22: =AR22/((RIGHT($AR$1,1)*1)) -> 7.75 | AV22: =IF(V22>0,1,0) -> 1 | AW22: =IF(W22>0,1,0) -> 1 | AX22: =IF(X22>0,1,0) -> 0 | AY22: =B22 -> 45574 | AZ22: =IF(B22>TODAY(),"",SUM($V$3:V22)/SUM($AV$3:AV22)) -> 8.5454545 | BA22: =IF(B22>TODAY(),"",SUM($W$3:W22)/SUM($AW$3:AW22)) -> 16 | BB22: =IF(B22>TODAY(),"",SUM($X$3:X22)/SUM($AX$3:AX22)) -> #DIV/0!
A23: =VLOOKUP(WEEKDAY(B23,2),Days!$A$1:$B$7,2,0) -> Thu | B23: =B22+1 -> 45575 | C23: =IF(AND(A23<>"Sat",A23<>"Sun",ISERROR(VLOOKUP(B23,Days!$A$10:$A$38,1,0))),1,(IF(AF23<>0,1,0))) -> 1 | D23: 1 | E23: 1 | F23: 0 | H23: 1 | I23: 1 | J23: 0 | L23: =$C23*H23*Days!$F$1 -> 8 | M23: =$C23*I23*Days!$F$1 -> 8 | N23: =$C23*J23*Days!$F$1 -> 0 | P23: =IF(B23>TODAY(),0,V23-L23) -> -4 | Q23: =IF(B23>TODAY(),0,W23-M23) -> -3 | R23: =IF(B23>TODAY(),0,X23-N23) -> 0 | T23: =B23 -> 45575 | U23: =C23 -> 1 | V23: =COUNTIFS('2024 - L&G R64 - Test Instances'!H:H,B23,'2024 - L&G R64 - Test Instances'!L:L,$V$2,'2024 - L&G R64 - Test Instances'!O:O,"Done") -> 4 | W23: =COUNTIFS('2024 - L&G R64 - Test Instances'!H:H,B23,'2024 - L&G R64 - Test Instances'!L:L,$W$2,'2024 - L&G R64 - Test Instances'!O:O,"Done") -> 5 | X23: =COUNTIFS('2024 - L&G R64 - Test Instances'!H:H,B23,'2024 - L&G R64 - Test Instances'!L:L,$X$2,'2024 - L&G R64 - Test Instances'!O:O,"Done") -> 0 | Y23: 8 | Z23: =IF(B23>TODAY(),"",SUM($V$3:V23)/SUM($D$3:D23)) -> 8.1666667 | AA23: =IF(B23>TODAY(),"",SUM($W$3:W23)/SUM($E$3:E23)) -> 14.071429 | AB23: =IF(B23>TODAY(),"",SUM($X$3:X23)/SUM($F$3:F23)) -> #DIV/0! | AD23: =B23 -> 45575 | AE23: =SUM(L23:N23) -> 16 | AF23: =SUM(V23:W23) -> 9 | AG23: =SUMIF(Z23:AA23,"<>#DIV/0!",Z23:AA23) -> 22.238095 | AI23: =B23 -> 45575 | AJ23: =AJ22-AE23 -> 66 | AK23: =IF(B23>TODAY(),"",AK22-AF23) -> 84 | AM23: =B23 -> 45575 | AN23: =IF(B23>TODAY(),0,SUM(AF19:AF23)/SUM(C19:C23)) -> 16.5 | AO23: =IF(B23>TODAY(),0,SUM(AF19:AF23)/SUM(D19:F23)) -> 8.25 | AP23: =IF(ISERROR(AF23/SUM(D23:F23)),0,AF23/SUM(D23:F23)) -> 4.5 | AQ23: =IF(ISERROR(B23+(AK23/AN23)*(7/5)),AQ22,(B23+(AK23/AN23)*(7/5))) -> 45582.127 | AR23: =AK23/(NETWORKDAYS(B23,$AU$1,Days!$A$11:$A$25)-1) -> 16.8 | AS23: =AR23/((RIGHT($AR$1,1)*1)) -> 8.4 | AV23: =IF(V23>0,1,0) -> 1 | AW23: =IF(W23>0,1,0) -> 1 | AX23: =IF(X23>0,1,0) -> 0 | AY23: =B23 -> 45575 | AZ23: =IF(B23>TODAY(),"",SUM($V$3:V23)/SUM($AV$3:AV23)) -> 8.1666667 | BA23: =IF(B23>TODAY(),"",SUM($W$3:W23)/SUM($AW$3:AW23)) -> 15.153846 | BB23: =IF(B23>TODAY(),"",SUM($X$3:X23)/SUM($AX$3:AX23)) -> #DIV/0!
A24: =VLOOKUP(WEEKDAY(B24,2),Days!$A$1:$B$7,2,0) -> Fri | B24: =B23+1 -> 45576 | C24: =IF(AND(A24<>"Sat",A24<>"Sun",ISERROR(VLOOKUP(B24,Days!$A$10:$A$38,1,0))),1,(IF(AF24<>0,1,0))) -> 1 | D24: 1 | E24: 1 | F24: 0 | H24: 0 | I24: 0 | J24: 0 | L24: =$C24*H24*Days!$F$1 -> 0 | M24: =$C24*I24*Days!$F$1 -> 0 | N24: =$C24*J24*Days!$F$1 -> 0 | P24: =IF(B24>TODAY(),0,V24-L24) -> 10 | Q24: =IF(B24>TODAY(),0,W24-M24) -> 4 | R24: =IF(B24>TODAY(),0,X24-N24) -> 0 | T24: =B24 -> 45576 | U24: =C24 -> 1 | V24: =COUNTIFS('2024 - L&G R64 - Test Instances'!H:H,B24,'2024 - L&G R64 - Test Instances'!L:L,$V$2,'2024 - L&G R64 - Test Instances'!O:O,"Done") -> 10 | W24: =COUNTIFS('2024 - L&G R64 - Test Instances'!H:H,B24,'2024 - L&G R64 - Test Instances'!L:L,$W$2,'2024 - L&G R64 - Test Instances'!O:O,"Done") -> 4 | X24: =COUNTIFS('2024 - L&G R64 - Test Instances'!H:H,B24,'2024 - L&G R64 - Test Instances'!L:L,$X$2,'2024 - L&G R64 - Test Instances'!O:O,"Done") -> 0 | Y24: 8 | Z24: =IF(B24>TODAY(),"",SUM($V$3:V24)/SUM($D$3:D24)) -> 8.3076923 | AA24: =IF(B24>TODAY(),"",SUM($W$3:W24)/SUM($E$3:E24)) -> 13.4 | AB24: =IF(B24>TODAY(),"",SUM($X$3:X24)/SUM($F$3:F24)) -> #DIV/0! | AD24: =B24 -> 45576 | AE24: =SUM(L24:N24) -> 0 | AF24: =SUM(V24:W24) -> 14 | AG24: =SUMIF(Z24:AA24,"<>#DIV/0!",Z24:AA24) -> 21.707692 | AI24: =B24 -> 45576 | AJ24: =AJ23-AE24 -> 66 | AK24: =IF(B24>TODAY(),"",AK23-AF24) -> 70 | AM24: =B24 -> 45576 | AN24: =IF(B24>TODAY(),0,SUM(AF20:AF24)/SUM(C20:C24)) -> 16 | AO24: =IF(B24>TODAY(),0,SUM(AF20:AF24)/SUM(D20:F24)) -> 8 | AP24: =IF(ISERROR(AF24/SUM(D24:F24)),0,AF24/SUM(D24:F24)) -> 7 | AQ24: =IF(ISERROR(B24+(AK24/AN24)*(7/5)),AQ23,(B24+(AK24/AN24)*(7/5))) -> 45582.125 | AR24: =AK24/(NETWORKDAYS(B24,$AU$1,Days!$A$11:$A$25)-1) -> 17.5 | AS24: =AR24/((RIGHT($AR$1,1)*1)) -> 8.75 | AV24: =IF(V24>0,1,0) -> 1 | AW24: =IF(W24>0,1,0) -> 1 | AX24: =IF(X24>0,1,0) -> 0 | AY24: =B24 -> 45576 | AZ24: =IF(B24>TODAY(),"",SUM($V$3:V24)/SUM($AV$3:AV24)) -> 8.3076923 | BA24: =IF(B24>TODAY(),"",SUM($W$3:W24)/SUM($AW$3:AW24)) -> 14.357143 | BB24: =IF(B24>TODAY(),"",SUM($X$3:X24)/SUM($AX$3:AX24)) -> #DIV/0!
A25: =VLOOKUP(WEEKDAY(B25,2),Days!$A$1:$B$7,2,0) -> Sat | B25: =B24+1 -> 45577 | C25: =IF(AND(A25<>"Sat",A25<>"Sun",ISERROR(VLOOKUP(B25,Days!$A$10:$A$38,1,0))),1,(IF(AF25<>0,1,0))) -> 0 | D25: 0 | E25: 0 | F25: 0 | H25: 0 | I25: 0 | J25: 0 | L25: =$C25*H25*Days!$F$1 -> 0 | M25: =$C25*I25*Days!$F$1 -> 0 | N25: =$C25*J25*Days!$F$1 -> 0 | P25: =IF(B25>TODAY(),0,V25-L25) -> 0 | Q25: =IF(B25>TODAY(),0,W25-M25) -> 0 | R25: =IF(B25>TODAY(),0,X25-N25) -> 0 | T25: =B25 -> 45577 | U25: =C25 -> 0 | V25: =COUNTIFS('2024 - L&G R64 - Test Instances'!H:H,B25,'2024 - L&G R64 - Test Instances'!L:L,$V$2,'2024 - L&G R64 - Test Instances'!O:O,"Done") -> 0 | W25: =COUNTIFS('2024 - L&G R64 - Test Instances'!H:H,B25,'2024 - L&G R64 - Test Instances'!L:L,$W$2,'2024 - L&G R64 - Test Instances'!O:O,"Done") -> 0 | X25: =COUNTIFS('2024 - L&G R64 - Test Instances'!H:H,B25,'2024 - L&G R64 - Test Instances'!L:L,$X$2,'2024 - L&G R64 - Test Instances'!O:O,"Done") -> 0 | Y25: 8 | Z25: =IF(B25>TODAY(),"",SUM($V$3:V25)/SUM($D$3:D25)) -> 8.3076923 | AA25: =IF(B25>TODAY(),"",SUM($W$3:W25)/SUM($E$3:E25)) -> 13.4 | AB25: =IF(B25>TODAY(),"",SUM($X$3:X25)/SUM($F$3:F25)) -> #DIV/0! | AD25: =B25 -> 45577 | AE25: =SUM(L25:N25) -> 0 | AF25: =SUM(V25:W25) -> 0 | AG25: =SUMIF(Z25:AA25,"<>#DIV/0!",Z25:AA25) -> 21.707692 | AI25: =B25 -> 45577 | AJ25: =AJ24-AE25 -> 66 | AK25: =IF(B25>TODAY(),"",AK24-AF25) -> 70 | AM25: =B25 -> 45577 | AN25: =IF(B25>TODAY(),0,SUM(AF21:AF25)/SUM(C21:C25)) -> 13 | AO25: =IF(B25>TODAY(),0,SUM(AF21:AF25)/SUM(D21:F25)) -> 6.5 | AP25: =IF(ISERROR(AF25/SUM(D25:F25)),0,AF25/SUM(D25:F25)) -> 0 | AQ25: =IF(ISERROR(B25+(AK25/AN25)*(7/5)),AQ24,(B25+(AK25/AN25)*(7/5))) -> 45584.538 | AR25: =AK25/(NETWORKDAYS(B25,$AU$1,Days!$A$11:$A$25)-1) -> 23.333333 | AS25: =AR25/((RIGHT($AR$1,1)*1)) -> 11.666667 | AV25: =IF(V25>0,1,0) -> 0 | AW25: =IF(W25>0,1,0) -> 0 | AX25: =IF(X25>0,1,0) -> 0 | AY25: =B25 -> 45577 | AZ25: =IF(B25>TODAY(),"",SUM($V$3:V25)/SUM($AV$3:AV25)) -> 8.3076923 | BA25: =IF(B25>TODAY(),"",SUM($W$3:W25)/SUM($AW$3:AW25)) -> 14.357143 | BB25: =IF(B25>TODAY(),"",SUM($X$3:X25)/SUM($AX$3:AX25)) -> #DIV/0!
A26: =VLOOKUP(WEEKDAY(B26,2),Days!$A$1:$B$7,2,0) -> Sun | B26: =B25+1 -> 45578 | C26: =IF(AND(A26<>"Sat",A26<>"Sun",ISERROR(VLOOKUP(B26,Days!$A$10:$A$38,1,0))),1,(IF(AF26<>0,1,0))) -> 0 | D26: 0 | E26: 0 | F26: 0 | H26: 0 | I26: 0 | J26: 0 | L26: =$C26*H26*Days!$F$1 -> 0 | M26: =$C26*I26*Days!$F$1 -> 0 | N26: =$C26*J26*Days!$F$1 -> 0 | P26: =IF(B26>TODAY(),0,V26-L26) -> 0 | Q26: =IF(B26>TODAY(),0,W26-M26) -> 0 | R26: =IF(B26>TODAY(),0,X26-N26) -> 0 | T26: =B26 -> 45578 | U26: =C26 -> 0 | V26: =COUNTIFS('2024 - L&G R64 - Test Instances'!H:H,B26,'2024 - L&G R64 - Test Instances'!L:L,$V$2,'2024 - L&G R64 - Test Instances'!O:O,"Done") -> 0 | W26: =COUNTIFS('2024 - L&G R64 - Test Instances'!H:H,B26,'2024 - L&G R64 - Test Instances'!L:L,$W$2,'2024 - L&G R64 - Test Instances'!O:O,"Done") -> 0 | X26: =COUNTIFS('2024 - L&G R64 - Test Instances'!H:H,B26,'2024 - L&G R64 - Test Instances'!L:L,$X$2,'2024 - L&G R64 - Test Instances'!O:O,"Done") -> 0 | Y26: 8 | Z26: =IF(B26>TODAY(),"",SUM($V$3:V26)/SUM($D$3:D26)) -> 8.3076923 | AA26: =IF(B26>TODAY(),"",SUM($W$3:W26)/SUM($E$3:E26)) -> 13.4 | AB26: =IF(B26>TODAY(),"",SUM($X$3:X26)/SUM($F$3:F26)) -> #DIV/0! | AD26: =B26 -> 45578 | AE26: =SUM(L26:N26) -> 0 | AF26: =SUM(V26:W26) -> 0 | AG26: =SUMIF(Z26:AA26,"<>#DIV/0!",Z26:AA26) -> 21.707692 | AI26: =B26 -> 45578 | AJ26: =AJ25-AE26 -> 66 | AK26: =IF(B26>TODAY(),"",AK25-AF26) -> 70 | AM26: =B26 -> 45578 | AN26: =IF(B26>TODAY(),0,SUM(AF22:AF26)/SUM(C22:C26)) -> 12.666667 | AO26: =IF(B26>TODAY(),0,SUM(AF22:AF26)/SUM(D22:F26)) -> 6.3333333 | AP26: =IF(ISERROR(AF26/SUM(D26:F26)),0,AF26/SUM(D26:F26)) -> 0 | AQ26: =IF(ISERROR(B26+(AK26/AN26)*(7/5)),AQ25,(B26+(AK26/AN26)*(7/5))) -> 45585.737 | AR26: =AK26/(NETWORKDAYS(B26,$AU$1,Days!$A$11:$A$25)-1) -> 23.333333 | AS26: =AR26/((RIGHT($AR$1,1)*1)) -> 11.666667 | AV26: =IF(V26>0,1,0) -> 0 | AW26: =IF(W26>0,1,0) -> 0 | AX26: =IF(X26>0,1,0) -> 0 | AY26: =B26 -> 45578 | AZ26: =IF(B26>TODAY(),"",SUM($V$3:V26)/SUM($AV$3:AV26)) -> 8.3076923 | BA26: =IF(B26>TODAY(),"",SUM($W$3:W26)/SUM($AW$3:AW26)) -> 14.357143 | BB26: =IF(B26>TODAY(),"",SUM($X$3:X26)/SUM($AX$3:AX26)) -> #DIV/0!
A27: =VLOOKUP(WEEKDAY(B27,2),Days!$A$1:$B$7,2,0) -> Mon | B27: =B26+1 -> 45579 | C27: =IF(AND(A27<>"Sat",A27<>"Sun",ISERROR(VLOOKUP(B27,Days!$A$10:$A$38,1,0))),1,(IF(AF27<>0,1,0))) -> 1 | D27: 1 | E27: 1 | F27: 0 | H27: 0 | I27: 0 | J27: 0 | L27: =$C27*H27*Days!$F$1 -> 0 | M27: =$C27*I27*Days!$F$1 -> 0 | N27: =$C27*J27*Days!$F$1 -> 0 | P27: =IF(B27>TODAY(),0,V27-L27) -> 7 | Q27: =IF(B27>TODAY(),0,W27-M27) -> 10 | R27: =IF(B27>TODAY(),0,X27-N27) -> 0 | T27: =B27 -> 45579 | U27: =C27 -> 1 | V27: =COUNTIFS('2024 - L&G R64 - Test Instances'!H:H,B27,'2024 - L&G R64 - Test Instances'!L:L,$V$2,'2024 - L&G R64 - Test Instances'!O:O,"Done") -> 7 | W27: =COUNTIFS('2024 - L&G R64 - Test Instances'!H:H,B27,'2024 - L&G R64 - Test Instances'!L:L,$W$2,'2024 - L&G R64 - Test Instances'!O:O,"Done") -> 10 | X27: =COUNTIFS('2024 - L&G R64 - Test Instances'!H:H,B27,'2024 - L&G R64 - Test Instances'!L:L,$X$2,'2024 - L&G R64 - Test Instances'!O:O,"Done") -> 0 | Y27: 8 | Z27: =IF(B27>TODAY(),"",SUM($V$3:V27)/SUM($D$3:D27)) -> 8.2142857 | AA27: =IF(B27>TODAY(),"",SUM($W$3:W27)/SUM($E$3:E27)) -> 13.1875 | AB27: =IF(B27>TODAY(),"",SUM($X$3:X27)/SUM($F$3:F27)) -> #DIV/0! | AD27: =B27 -> 45579 | AE27: =SUM(L27:N27) -> 0 | AF27: =SUM(V27:W27) -> 17 | AG27: =SUMIF(Z27:AA27,"<>#DIV/0!",Z27:AA27) -> 21.401786 | AI27: =B27 -> 45579 | AJ27: =AJ26-AE27 -> 66 | AK27: =IF(B27>TODAY(),"",AK26-AF27) -> 53 | AM27: =B27 -> 45579 | AN27: =IF(B27>TODAY(),0,SUM(AF23:AF27)/SUM(C23:C27)) -> 13.333333 | AO27: =IF(B27>TODAY(),0,SUM(AF23:AF27)/SUM(D23:F27)) -> 6.6666667 | AP27: =IF(ISERROR(AF27/SUM(D27:F27)),0,AF27/SUM(D27:F27)) -> 8.5 | AQ27: =IF(ISERROR(B27+(AK27/AN27)*(7/5)),AQ26,(B27+(AK27/AN27)*(7/5))) -> 45584.565 | AR27: =AK27/(NETWORKDAYS(B27,$AU$1,Days!$A$11:$A$25)-1) -> 17.666667 | AS27: =AR27/((RIGHT($AR$1,1)*1)) -> 8.8333333 | AV27: =IF(V27>0,1,0) -> 1 | AW27: =IF(W27>0,1,0) -> 1 | AX27: =IF(X27>0,1,0) -> 0 | AY27: =B27 -> 45579 | AZ27: =IF(B27>TODAY(),"",SUM($V$3:V27)/SUM($AV$3:AV27)) -> 8.2142857 | BA27: =IF(B27>TODAY(),"",SUM($W$3:W27)/SUM($AW$3:AW27)) -> 14.066667 | BB27: =IF(B27>TODAY(),"",SUM($X$3:X27)/SUM($AX$3:AX27)) -> #DIV/0!
A28: =VLOOKUP(WEEKDAY(B28,2),Days!$A$1:$B$7,2,0) -> Tue | B28: =B27+1 -> 45580 | C28: =IF(AND(A28<>"Sat",A28<>"Sun",ISERROR(VLOOKUP(B28,Days!$A$10:$A$38,1,0))),1,(IF(AF28<>0,1,0))) -> 1 | D28: 1 | E28: 1 | F28: 0 | H28: 1 | I28: 1 | J28: 0 | L28: =$C28*H28*Days!$F$1 -> 8 | M28: =$C28*I28*Days!$F$1 -> 8 | N28: =$C28*J28*Days!$F$1 -> 0 | P28: =IF(B28>TODAY(),0,V28-L28) -> 0 | Q28: =IF(B28>TODAY(),0,W28-M28) -> -4 | R28: =IF(B28>TODAY(),0,X28-N28) -> 0 | T28: =B28 -> 45580 | U28: =C28 -> 1 | V28: =COUNTIFS('2024 - L&G R64 - Test Instances'!H:H,B28,'2024 - L&G R64 - Test Instances'!L:L,$V$2,'2024 - L&G R64 - Test Instances'!O:O,"Done") -> 8 | W28: =COUNTIFS('2024 - L&G R64 - Test Instances'!H:H,B28,'2024 - L&G R64 - Test Instances'!L:L,$W$2,'2024 - L&G R64 - Test Instances'!O:O,"Done") -> 4 | X28: =COUNTIFS('2024 - L&G R64 - Test Instances'!H:H,B28,'2024 - L&G R64 - Test Instances'!L:L,$X$2,'2024 - L&G R64 - Test Instances'!O:O,"Done") -> 0 | Y28: 8 | Z28: =IF(B28>TODAY(),"",SUM($V$3:V28)/SUM($D$3:D28)) -> 8.2 | AA28: =IF(B28>TODAY(),"",SUM($W$3:W28)/SUM($E$3:E28)) -> 12.647059 | AB28: =IF(B28>TODAY(),"",SUM($X$3:X28)/SUM($F$3:F28)) -> #DIV/0! | AD28: =B28 -> 45580 | AE28: =SUM(L28:N28) -> 16 | AF28: =SUM(V28:W28) -> 12 | AG28: =SUMIF(Z28:AA28,"<>#DIV/0!",Z28:AA28) -> 20.847059 | AI28: =B28 -> 45580 | AJ28: =AJ27-AE28 -> 50 | AK28: =IF(B28>TODAY(),"",AK27-AF28) -> 41 | AM28: =B28 -> 45580 | AN28: =IF(B28>TODAY(),0,SUM(AF24:AF28)/SUM(C24:C28)) -> 14.333333 | AO28: =IF(B28>TODAY(),0,SUM(AF24:AF28)/SUM(D24:F28)) -> 7.1666667 | AP28: =IF(ISERROR(AF28/SUM(D28:F28)),0,AF28/SUM(D28:F28)) -> 6 | AQ28: =IF(ISERROR(B28+(AK28/AN28)*(7/5)),AQ27,(B28+(AK28/AN28)*(7/5))) -> 45584.005 | AR28: =AK28/(NETWORKDAYS(B28,$AU$1,Days!$A$11:$A$25)-1) -> 20.5 | AS28: =AR28/((RIGHT($AR$1,1)*1)) -> 10.25 | AV28: =IF(V28>0,1,0) -> 1 | AW28: =IF(W28>0,1,0) -> 1 | AX28: =IF(X28>0,1,0) -> 0 | AY28: =B28 -> 45580 | AZ28: =IF(B28>TODAY(),"",SUM($V$3:V28)/SUM($AV$3:AV28)) -> 8.2 | BA28: =IF(B28>TODAY(),"",SUM($W$3:W28)/SUM($AW$3:AW28)) -> 13.4375 | BB28: =IF(B28>TODAY(),"",SUM($X$3:X28)/SUM($AX$3:AX28)) -> #DIV/0!
A29: =VLOOKUP(WEEKDAY(B29,2),Days!$A$1:$B$7,2,0) -> Wed | B29: =B28+1 -> 45581 | C29: =IF(AND(A29<>"Sat",A29<>"Sun",ISERROR(VLOOKUP(B29,Days!$A$10:$A$38,1,0))),1,(IF(AF29<>0,1,0))) -> 1 | D29: 1 | E29: 0 | F29: 0 | H29: 1 | I29: 1 | J29: 0 | L29: =$C29*H29*Days!$F$1 -> 8 | M29: =$C29*I29*Days!$F$1 -> 8 | N29: =$C29*J29*Days!$F$1 -> 0 | P29: =IF(B29>TODAY(),0,V29-L29) -> -6 | Q29: =IF(B29>TODAY(),0,W29-M29) -> -8 | R29: =IF(B29>TODAY(),0,X29-N29) -> 0 | T29: =B29 -> 45581 | U29: =C29 -> 1 | V29: =COUNTIFS('2024 - L&G R64 - Test Instances'!H:H,B29,'2024 - L&G R64 - Test Instances'!L:L,$V$2,'2024 - L&G R64 - Test Instances'!O:O,"Done") -> 2 | W29: =COUNTIFS('2024 - L&G R64 - Test Instances'!H:H,B29,'2024 - L&G R64 - Test Instances'!L:L,$W$2,'2024 - L&G R64 - Test Instances'!O:O,"Done") -> 0 | X29: =COUNTIFS('2024 - L&G R64 - Test Instances'!H:H,B29,'2024 - L&G R64 - Test Instances'!L:L,$X$2,'2024 - L&G R64 - Test Instances'!O:O,"Done") -> 0 | Y29: 8 | Z29: =IF(B29>TODAY(),"",SUM($V$3:V29)/SUM($D$3:D29)) -> 7.8125 | AA29: =IF(B29>TODAY(),"",SUM($W$3:W29)/SUM($E$3:E29)) -> 12.647059 | AB29: =IF(B29>TODAY(),"",SUM($X$3:X29)/SUM($F$3:F29)) -> #DIV/0! | AD29: =B29 -> 45581 | AE29: =SUM(L29:N29) -> 16 | AF29: =SUM(V29:W29) -> 2 | AG29: =SUMIF(Z29:AA29,"<>#DIV/0!",Z29:AA29) -> 20.459559 | AI29: =B29 -> 45581 | AJ29: =AJ28-AE29 -> 34 | AK29: =IF(B29>TODAY(),"",AK28-AF29) -> 39 | AM29: =B29 -> 45581 | AN29: =IF(B29>TODAY(),0,SUM(AF25:AF29)/SUM(C25:C29)) -> 10.333333 | AO29: =IF(B29>TODAY(),0,SUM(AF25:AF29)/SUM(D25:F29)) -> 6.2 | AP29: =IF(ISERROR(AF29/SUM(D29:F29)),0,AF29/SUM(D29:F29)) -> 2 | AQ29: =IF(ISERROR(B29+(AK29/AN29)*(7/5)),AQ28,(B29+(AK29/AN29)*(7/5))) -> 45586.284 | AR29: =AK29/(NETWORKDAYS(B29,$AU$1,Days!$A$11:$A$25)-1) -> 39 | AS29: =AR29/((RIGHT($AR$1,1)*1)) -> 19.5 | AV29: =IF(V29>0,1,0) -> 1 | AW29: =IF(W29>0,1,0) -> 0 | AX29: =IF(X29>0,1,0) -> 0 | AY29: =B29 -> 45581 | AZ29: =IF(B29>TODAY(),"",SUM($V$3:V29)/SUM($AV$3:AV29)) -> 7.8125 | BA29: =IF(B29>TODAY(),"",SUM($W$3:W29)/SUM($AW$3:AW29)) -> 13.4375 | BB29: =IF(B29>TODAY(),"",SUM($X$3:X29)/SUM($AX$3:AX29)) -> #DIV/0!
A30: =VLOOKUP(WEEKDAY(B30,2),Days!$A$1:$B$7,2,0) -> Thu | B30: =B29+1 -> 45582 | C30: =IF(AND(A30<>"Sat",A30<>"Sun",ISERROR(VLOOKUP(B30,Days!$A$10:$A$38,1,0))),1,(IF(AF30<>0,1,0))) -> 1 | D30: 1 | E30: 1 | F30: 0 | H30: 1 | I30: 1 | J30: 0 | L30: =$C30*H30*Days!$F$1 -> 8 | M30: =$C30*I30*Days!$F$1 -> 8 | N30: =$C30*J30*Days!$F$1 -> 0 | P30: =IF(B30>TODAY(),0,V30-L30) -> -8 | Q30: =IF(B30>TODAY(),0,W30-M30) -> -8 | R30: =IF(B30>TODAY(),0,X30-N30) -> 0 | T30: =B30 -> 45582 | U30: =C30 -> 1 | V30: =COUNTIFS('2024 - L&G R64 - Test Instances'!H:H,B30,'2024 - L&G R64 - Test Instances'!L:L,$V$2,'2024 - L&G R64 - Test Instances'!O:O,"Done") -> 0 | W30: =COUNTIFS('2024 - L&G R64 - Test Instances'!H:H,B30,'2024 - L&G R64 - Test Instances'!L:L,$W$2,'2024 - L&G R64 - Test Instances'!O:O,"Done") -> 0 | X30: =COUNTIFS('2024 - L&G R64 - Test Instances'!H:H,B30,'2024 - L&G R64 - Test Instances'!L:L,$X$2,'2024 - L&G R64 - Test Instances'!O:O,"Done") -> 0 | Y30: 8 | Z30: =IF(B30>TODAY(),"",SUM($V$3:V30)/SUM($D$3:D30)) -> 7.3529412 | AA30: =IF(B30>TODAY(),"",SUM($W$3:W30)/SUM($E$3:E30)) -> 11.944444 | AB30: =IF(B30>TODAY(),"",SUM($X$3:X30)/SUM($F$3:F30)) -> #DIV/0! | AD30: =B30 -> 45582 | AE30: =SUM(L30:N30) -> 16 | AF30: =SUM(V30:W30) -> 0 | AG30: =SUMIF(Z30:AA30,"<>#DIV/0!",Z30:AA30) -> 19.297386 | AI30: =B30 -> 45582 | AJ30: =AJ29-AE30 -> 18 | AK30: =IF(B30>TODAY(),"",AK29-AF30) -> 39 | AM30: =B30 -> 45582 | AN30: =IF(B30>TODAY(),0,SUM(AF26:AF30)/SUM(C26:C30)) -> 7.75 | AO30: =IF(B30>TODAY(),0,SUM(AF26:AF30)/SUM(D26:F30)) -> 4.4285714 | AP30: =IF(ISERROR(AF30/SUM(D30:F30)),0,AF30/SUM(D30:F30)) -> 0 | AQ30: =IF(ISERROR(B30+(AK30/AN30)*(7/5)),AQ29,(B30+(AK30/AN30)*(7/5))) -> 45589.045 | AR30: =AK30/(NETWORKDAYS(B30,$AU$1,Days!$A$11:$A$25)-1) -> #DIV/0! | AS30: =AR30/((RIGHT($AR$1,1)*1)) -> #DIV/0! | AV30: =IF(V30>0,1,0) -> 0 | AW30: =IF(W30>0,1,0) -> 0 | AX30: =IF(X30>0,1,0) -> 0 | AY30: =B30 -> 45582 | AZ30: =IF(B30>TODAY(),"",SUM($V$3:V30)/SUM($AV$3:AV30)) -> 7.8125 | BA30: =IF(B30>TODAY(),"",SUM($W$3:W30)/SUM($AW$3:AW30)) -> 13.4375 | BB30: =IF(B30>TODAY(),"",SUM($X$3:X30)/SUM($AX$3:AX30)) -> #DIV/0!
A31: =VLOOKUP(WEEKDAY(B31,2),Days!$A$1:$B$7,2,0) -> Fri | B31: =B30+1 -> 45583 | C31: =IF(AND(A31<>"Sat",A31<>"Sun",ISERROR(VLOOKUP(B31,Days!$A$10:$A$38,1,0))),1,(IF(AF31<>0,1,0))) -> 1 | H31: 1 | I31: 1 | J31: 0 | L31: =$C31*H31*Days!$F$1 -> 8 | M31: =$C31*I31*Days!$F$1 -> 8 | N31: =$C31*J31*Days!$F$1 -> 0 | P31: =IF(B31>TODAY(),0,V31-L31) -> -8 | Q31: =IF(B31>TODAY(),0,W31-M31) -> -8 | R31: =IF(B31>TODAY(),0,X31-N31) -> 0 | T31: =B31 -> 45583 | U31: =C31 -> 1 | V31: =COUNTIFS('2024 - L&G R64 - Test Instances'!H:H,B31,'2024 - L&G R64 - Test Instances'!L:L,$V$2,'2024 - L&G R64 - Test Instances'!O:O,"Done") -> 0 | W31: =COUNTIFS('2024 - L&G R64 - Test Instances'!H:H,B31,'2024 - L&G R64 - Test Instances'!L:L,$W$2,'2024 - L&G R64 - Test Instances'!O:O,"Done") -> 0 | X31: =COUNTIFS('2024 - L&G R64 - Test Instances'!H:H,B31,'2024 - L&G R64 - Test Instances'!L:L,$X$2,'2024 - L&G R64 - Test Instances'!O:O,"Done") -> 0 | Y31: 8 | Z31: =IF(B31>TODAY(),"",SUM($V$3:V31)/SUM($D$3:D31)) -> 7.3529412 | AA31: =IF(B31>TODAY(),"",SUM($W$3:W31)/SUM($E$3:E31)) -> 11.944444 | AB31: =IF(B31>TODAY(),"",SUM($X$3:X31)/SUM($F$3:F31)) -> #DIV/0! | AD31: =B31 -> 45583 | AE31: =SUM(L31:N31) -> 16 | AF31: =SUM(V31:W31) -> 0 | AG31: =SUMIF(Z31:AA31,"<>#DIV/0!",Z31:AA31) -> 19.297386 | AI31: =B31 -> 45583 | AJ31: =AJ30-AE31 -> 2 | AK31: =IF(B31>TODAY(),"",AK30-AF31) -> 39 | AM31: =B31 -> 45583 | AN31: =IF(B31>TODAY(),0,SUM(AF27:AF31)/SUM(C27:C31)) -> 6.2 | AO31: =IF(B31>TODAY(),0,SUM(AF27:AF31)/SUM(D27:F31)) -> 4.4285714 | AP31: =IF(ISERROR(AF31/SUM(D31:F31)),0,AF31/SUM(D31:F31)) -> 0 | AQ31: =IF(ISERROR(B31+(AK31/AN31)*(7/5)),AQ30,(B31+(AK31/AN31)*(7/5))) -> 45591.806 | AR31: =AK31/(NETWORKDAYS(B31,$AU$1,Days!$A$11:$A$25)-1) -> -13 | AS31: =AR31/((RIGHT($AR$1,1)*1)) -> -6.5 | AV31: =IF(V31>0,1,0) -> 0 | AW31: =IF(W31>0,1,0) -> 0 | AX31: =IF(X31>0,1,0) -> 0 | AY31: =B31 -> 45583 | AZ31: =IF(B31>TODAY(),"",SUM($V$3:V31)/SUM($AV$3:AV31)) -> 7.8125 | BA31: =IF(B31>TODAY(),"",SUM($W$3:W31)/SUM($AW$3:AW31)) -> 13.4375 | BB31: =IF(B31>TODAY(),"",SUM($X$3:X31)/SUM($AX$3:AX31)) -> #DIV/0!
A32: =VLOOKUP(WEEKDAY(B32,2),Days!$A$1:$B$7,2,0) -> Sat | B32: =B31+1 -> 45584 | C32: =IF(AND(A32<>"Sat",A32<>"Sun",ISERROR(VLOOKUP(B32,Days!$A$10:$A$38,1,0))),1,(IF(AF32<>0,1,0))) -> 0 | H32: 0 | I32: 0 | J32: 0 | L32: =$C32*H32*Days!$F$1 -> 0 | M32: =$C32*I32*Days!$F$1 -> 0 | N32: =$C32*J32*Days!$F$1 -> 0 | P32: =IF(B32>TODAY(),0,V32-L32) -> 0 | Q32: =IF(B32>TODAY(),0,W32-M32) -> 0 | R32: =IF(B32>TODAY(),0,X32-N32) -> 0 | T32: =B32 -> 45584 | U32: =C32 -> 0 | V32: =COUNTIFS('2024 - L&G R64 - Test Instances'!H:H,B32,'2024 - L&G R64 - Test Instances'!L:L,$V$2,'2024 - L&G R64 - Test Instances'!O:O,"Done") -> 0 | W32: =COUNTIFS('2024 - L&G R64 - Test Instances'!H:H,B32,'2024 - L&G R64 - Test Instances'!L:L,$W$2,'2024 - L&G R64 - Test Instances'!O:O,"Done") -> 0 | X32: =COUNTIFS('2024 - L&G R64 - Test Instances'!H:H,B32,'2024 - L&G R64 - Test Instances'!L:L,$X$2,'2024 - L&G R64 - Test Instances'!O:O,"Done") -> 0 | Y32: 8 | Z32: =IF(B32>TODAY(),"",SUM($V$3:V32)/SUM($D$3:D32)) -> 7.3529412 | AA32: =IF(B32>TODAY(),"",SUM($W$3:W32)/SUM($E$3:E32)) -> 11.944444 | AB32: =IF(B32>TODAY(),"",SUM($X$3:X32)/SUM($F$3:F32)) -> #DIV/0! | AD32: =B32 -> 45584 | AE32: =SUM(L32:N32) -> 0 | AF32: =SUM(V32:W32) -> 0 | AG32: =SUMIF(Z32:AA32,"<>#DIV/0!",Z32:AA32) -> 19.297386 | AI32: =B32 -> 45584 | AJ32: =AJ31-AE32 -> 2 | AK32: =IF(B32>TODAY(),"",AK31-AF32) -> 39 | AM32: =B32 -> 45584 | AN32: =IF(B32>TODAY(),0,SUM(AF28:AF32)/SUM(C28:C32)) -> 3.5 | AO32: =IF(B32>TODAY(),0,SUM(AF28:AF32)/SUM(D28:F32)) -> 2.8 | AP32: =IF(ISERROR(AF32/SUM(D32:F32)),0,AF32/SUM(D32:F32)) -> 0 | AQ32: =IF(ISERROR(B32+(AK32/AN32)*(7/5)),AQ31,(B32+(AK32/AN32)*(7/5))) -> 45599.6 | AR32: =AK32/(NETWORKDAYS(B32,$AU$1,Days!$A$11:$A$25)-1) -> -13 | AS32: =AR32/((RIGHT($AR$1,1)*1)) -> -6.5 | AV32: =IF(V32>0,1,0) -> 0 | AW32: =IF(W32>0,1,0) -> 0 | AX32: =IF(X32>0,1,0) -> 0 | AY32: =B32 -> 45584 | AZ32: =IF(B32>TODAY(),"",SUM($V$3:V32)/SUM($AV$3:AV32)) -> 7.8125 | BA32: =IF(B32>TODAY(),"",SUM($W$3:W32)/SUM($AW$3:AW32)) -> 13.4375 | BB32: =IF(B32>TODAY(),"",SUM($X$3:X32)/SUM($AX$3:AX32)) -> #DIV/0!
A33: =VLOOKUP(WEEKDAY(B33,2),Days!$A$1:$B$7,2,0) -> Sun | B33: =B32+1 -> 45585 | C33: =IF(AND(A33<>"Sat",A33<>"Sun",ISERROR(VLOOKUP(B33,Days!$A$10:$A$38,1,0))),1,(IF(AF33<>0,1,0))) -> 0 | H33: 0 | I33: 0 | J33: 0 | L33: =$C33*H33*Days!$F$1 -> 0 | M33: =$C33*I33*Days!$F$1 -> 0 | N33: =$C33*J33*Days!$F$1 -> 0 | P33: =IF(B33>TODAY(),0,V33-L33) -> 0 | Q33: =IF(B33>TODAY(),0,W33-M33) -> 0 | R33: =IF(B33>TODAY(),0,X33-N33) -> 0 | T33: =B33 -> 45585 | U33: =C33 -> 0 | V33: =COUNTIFS('2024 - L&G R64 - Test Instances'!H:H,B33,'2024 - L&G R64 - Test Instances'!L:L,$V$2,'2024 - L&G R64 - Test Instances'!O:O,"Done") -> 0 | W33: =COUNTIFS('2024 - L&G R64 - Test Instances'!H:H,B33,'2024 - L&G R64 - Test Instances'!L:L,$W$2,'2024 - L&G R64 - Test Instances'!O:O,"Done") -> 0 | X33: =COUNTIFS('2024 - L&G R64 - Test Instances'!H:H,B33,'2024 - L&G R64 - Test Instances'!L:L,$X$2,'2024 - L&G R64 - Test Instances'!O:O,"Done") -> 0 | Y33: 8 | Z33: =IF(B33>TODAY(),"",SUM($V$3:V33)/SUM($D$3:D33)) -> 7.3529412 | AA33: =IF(B33>TODAY(),"",SUM($W$3:W33)/SUM($E$3:E33)) -> 11.944444 | AB33: =IF(B33>TODAY(),"",SUM($X$3:X33)/SUM($F$3:F33)) -> #DIV/0! | AD33: =B33 -> 45585 | AE33: =SUM(L33:N33) -> 0 | AF33: =SUM(V33:W33) -> 0 | AG33: =SUMIF(Z33:AA33,"<>#DIV/0!",Z33:AA33) -> 19.297386 | AI33: =B33 -> 45585 | AJ33: =AJ32-AE33 -> 2 | AK33: =IF(B33>TODAY(),"",AK32-AF33) -> 39 | AM33: =B33 -> 45585 | AN33: =IF(B33>TODAY(),0,SUM(AF29:AF33)/SUM(C29:C33)) -> 0.66666667 | AO33: =IF(B33>TODAY(),0,SUM(AF29:AF33)/SUM(D29:F33)) -> 0.66666667 | AP33: =IF(ISERROR(AF33/SUM(D33:F33)),0,AF33/SUM(D33:F33)) -> 0 | AQ33: =IF(ISERROR(B33+(AK33/AN33)*(7/5)),AQ32,(B33+(AK33/AN33)*(7/5))) -> 45666.9 | AR33: =AK33/(NETWORKDAYS(B33,$AU$1,Days!$A$11:$A$25)-1) -> -13 | AS33: =AR33/((RIGHT($AR$1,1)*1)) -> -6.5 | AV33: =IF(V33>0,1,0) -> 0 | AW33: =IF(W33>0,1,0) -> 0 | AX33: =IF(X33>0,1,0) -> 0 | AY33: =B33 -> 45585 | AZ33: =IF(B33>TODAY(),"",SUM($V$3:V33)/SUM($AV$3:AV33)) -> 7.8125 | BA33: =IF(B33>TODAY(),"",SUM($W$3:W33)/SUM($AW$3:AW33)) -> 13.4375 | BB33: =IF(B33>TODAY(),"",SUM($X$3:X33)/SUM($AX$3:AX33)) -> #DIV/0!
A34: =VLOOKUP(WEEKDAY(B34,2),Days!$A$1:$B$7,2,0) -> Mon | B34: =B33+1 -> 45586 | C34: =IF(AND(A34<>"Sat",A34<>"Sun",ISERROR(VLOOKUP(B34,Days!$A$10:$A$38,1,0))),1,(IF(AF34<>0,1,0))) -> 1 | H34: 0 | I34: 0 | J34: 0 | L34: =$C34*H34*Days!$F$1 -> 0 | M34: =$C34*I34*Days!$F$1 -> 0 | N34: =$C34*J34*Days!$F$1 -> 0 | P34: =IF(B34>TODAY(),0,V34-L34) -> 0 | Q34: =IF(B34>TODAY(),0,W34-M34) -> 0 | R34: =IF(B34>TODAY(),0,X34-N34) -> 0 | T34: =B34 -> 45586 | U34: =C34 -> 1 | V34: =COUNTIFS('2024 - L&G R64 - Test Instances'!H:H,B34,'2024 - L&G R64 - Test Instances'!L:L,$V$2,'2024 - L&G R64 - Test Instances'!O:O,"Done") -> 0 | W34: =COUNTIFS('2024 - L&G R64 - Test Instances'!H:H,B34,'2024 - L&G R64 - Test Instances'!L:L,$W$2,'2024 - L&G R64 - Test Instances'!O:O,"Done") -> 0 | X34: =COUNTIFS('2024 - L&G R64 - Test Instances'!H:H,B34,'2024 - L&G R64 - Test Instances'!L:L,$X$2,'2024 - L&G R64 - Test Instances'!O:O,"Done") -> 0 | Y34: 8 | Z34: =IF(B34>TODAY(),"",SUM($V$3:V34)/SUM($D$3:D34)) -> 7.3529412 | AA34: =IF(B34>TODAY(),"",SUM($W$3:W34)/SUM($E$3:E34)) -> 11.944444 | AB34: =IF(B34>TODAY(),"",SUM($X$3:X34)/SUM($F$3:F34)) -> #DIV/0! | AD34: =B34 -> 45586 | AE34: =SUM(L34:N34) -> 0 | AF34: =SUM(V34:W34) -> 0 | AG34: =SUMIF(Z34:AA34,"<>#DIV/0!",Z34:AA34) -> 19.297386 | AI34: =B34 -> 45586 | AJ34: =AJ33-AE34 -> 2 | AK34: =IF(B34>TODAY(),"",AK33-AF34) -> 39 | AM34: =B34 -> 45586 | AN34: =IF(B34>TODAY(),0,SUM(AF30:AF34)/SUM(C30:C34)) -> 0 | AO34: =IF(B34>TODAY(),0,SUM(AF30:AF34)/SUM(D30:F34)) -> 0 | AP34: =IF(ISERROR(AF34/SUM(D34:F34)),0,AF34/SUM(D34:F34)) -> 0 | AQ34: =IF(ISERROR(B34+(AK34/AN34)*(7/5)),AQ33,(B34+(AK34/AN34)*(7/5))) -> 45666.9 | AR34: =AK34/(NETWORKDAYS(B34,$AU$1,Days!$A$11:$A$25)-1) -> -9.75 | AS34: =AR34/((RIGHT($AR$1,1)*1)) -> -4.875 | AV34: =IF(V34>0,1,0) -> 0 | AW34: =IF(W34>0,1,0) -> 0 | AX34: =IF(X34>0,1,0) -> 0 | AY34: =B34 -> 45586 | AZ34: =IF(B34>TODAY(),"",SUM($V$3:V34)/SUM($AV$3:AV34)) -> 7.8125 | BA34: =IF(B34>TODAY(),"",SUM($W$3:W34)/SUM($AW$3:AW34)) -> 13.4375 | BB34: =IF(B34>TODAY(),"",SUM($X$3:X34)/SUM($AX$3:AX34)) -> #DIV/0!
A35: =VLOOKUP(WEEKDAY(B35,2),Days!$A$1:$B$7,2,0) -> Tue | B35: =B34+1 -> 45587 | C35: =IF(AND(A35<>"Sat",A35<>"Sun",ISERROR(VLOOKUP(B35,Days!$A$10:$A$38,1,0))),1,(IF(AF35<>0,1,0))) -> 1 | H35: 1 | I35: 1 | J35: 0 | L35: =$C35*H35*Days!$F$1 -> 8 | M35: =$C35*I35*Days!$F$1 -> 8 | N35: =$C35*J35*Days!$F$1 -> 0 | P35: =IF(B35>TODAY(),0,V35-L35) -> -8 | Q35: =IF(B35>TODAY(),0,W35-M35) -> -8 | R35: =IF(B35>TODAY(),0,X35-N35) -> 0 | T35: =B35 -> 45587 | U35: =C35 -> 1 | V35: =COUNTIFS('2024 - L&G R64 - Test Instances'!H:H,B35,'2024 - L&G R64 - Test Instances'!L:L,$V$2,'2024 - L&G R64 - Test Instances'!O:O,"Done") -> 0 | W35: =COUNTIFS('2024 - L&G R64 - Test Instances'!H:H,B35,'2024 - L&G R64 - Test Instances'!L:L,$W$2,'2024 - L&G R64 - Test Instances'!O:O,"Done") -> 0 | X35: =COUNTIFS('2024 - L&G R64 - Test Instances'!H:H,B35,'2024 - L&G R64 - Test Instances'!L:L,$X$2,'2024 - L&G R64 - Test Instances'!O:O,"Done") -> 0 | Y35: 8 | Z35: =IF(B35>TODAY(),"",SUM($V$3:V35)/SUM($D$3:D35)) -> 7.3529412 | AA35: =IF(B35>TODAY(),"",SUM($W$3:W35)/SUM($E$3:E35)) -> 11.944444 | AB35: =IF(B35>TODAY(),"",SUM($X$3:X35)/SUM($F$3:F35)) -> #DIV/0! | AD35: =B35 -> 45587 | AE35: =SUM(L35:N35) -> 16 | AF35: =SUM(V35:W35) -> 0 | AG35: =SUMIF(Z35:AA35,"<>#DIV/0!",Z35:AA35) -> 19.297386 | AI35: =B35 -> 45587 | AJ35: =AJ34-AE35 -> -14 | AK35: =IF(B35>TODAY(),"",AK34-AF35) -> 39 | AM35: =B35 -> 45587 | AN35: =IF(B35>TODAY(),0,SUM(AF31:AF35)/SUM(C31:C35)) -> 0 | AO35: =IF(B35>TODAY(),0,SUM(AF31:AF35)/SUM(D31:F35)) -> #DIV/0! | AP35: =IF(ISERROR(AF35/SUM(D35:F35)),0,AF35/SUM(D35:F35)) -> 0 | AQ35: =IF(ISERROR(B35+(AK35/AN35)*(7/5)),AQ34,(B35+(AK35/AN35)*(7/5))) -> 45666.9 | AR35: =AK35/(NETWORKDAYS(B35,$AU$1,Days!$A$11:$A$25)-1) -> -7.8 | AS35: =AR35/((RIGHT($AR$1,1)*1)) -> -3.9 | AV35: =IF(V35>0,1,0) -> 0 | AW35: =IF(W35>0,1,0) -> 0 | AX35: =IF(X35>0,1,0) -> 0 | AY35: =B35 -> 45587 | AZ35: =IF(B35>TODAY(),"",SUM($V$3:V35)/SUM($AV$3:AV35)) -> 7.8125 | BA35: =IF(B35>TODAY(),"",SUM($W$3:W35)/SUM($AW$3:AW35)) -> 13.4375 | BB35: =IF(B35>TODAY(),"",SUM($X$3:X35)/SUM($AX$3:AX35)) -> #DIV/0!
A36: =VLOOKUP(WEEKDAY(B36,2),Days!$A$1:$B$7,2,0) -> Wed | B36: =B35+1 -> 45588 | C36: =IF(AND(A36<>"Sat",A36<>"Sun",ISERROR(VLOOKUP(B36,Days!$A$10:$A$38,1,0))),1,(IF(AF36<>0,1,0))) -> 1 | H36: 1 | I36: 1 | J36: 0 | L36: =$C36*H36*Days!$F$1 -> 8 | M36: =$C36*I36*Days!$F$1 -> 8 | N36: =$C36*J36*Days!$F$1 -> 0 | P36: =IF(B36>TODAY(),0,V36-L36) -> -8 | Q36: =IF(B36>TODAY(),0,W36-M36) -> -8 | R36: =IF(B36>TODAY(),0,X36-N36) -> 0 | T36: =B36 -> 45588 | U36: =C36 -> 1 | V36: =COUNTIFS('2024 - L&G R64 - Test Instances'!H:H,B36,'2024 - L&G R64 - Test Instances'!L:L,$V$2,'2024 - L&G R64 - Test Instances'!O:O,"Done") -> 0 | W36: =COUNTIFS('2024 - L&G R64 - Test Instances'!H:H,B36,'2024 - L&G R64 - Test Instances'!L:L,$W$2,'2024 - L&G R64 - Test Instances'!O:O,"Done") -> 0 | X36: =COUNTIFS('2024 - L&G R64 - Test Instances'!H:H,B36,'2024 - L&G R64 - Test Instances'!L:L,$X$2,'2024 - L&G R64 - Test Instances'!O:O,"Done") -> 0 | Y36: 8 | Z36: =IF(B36>TODAY(),"",SUM($V$3:V36)/SUM($D$3:D36)) -> 7.3529412 | AA36: =IF(B36>TODAY(),"",SUM($W$3:W36)/SUM($E$3:E36)) -> 11.944444 | AB36: =IF(B36>TODAY(),"",SUM($X$3:X36)/SUM($F$3:F36)) -> #DIV/0! | AD36: =B36 -> 45588 | AE36: =SUM(L36:N36) -> 16 | AF36: =SUM(V36:W36) -> 0 | AG36: =SUMIF(Z36:AA36,"<>#DIV/0!",Z36:AA36) -> 19.297386 | AI36: =B36 -> 45588 | AJ36: =AJ35-AE36 -> -30 | AK36: =IF(B36>TODAY(),"",AK35-AF36) -> 39 | AM36: =B36 -> 45588 | AN36: =IF(B36>TODAY(),0,SUM(AF32:AF36)/SUM(C32:C36)) -> 0 | AO36: =IF(B36>TODAY(),0,SUM(AF32:AF36)/SUM(D32:F36)) -> #DIV/0! | AP36: =IF(ISERROR(AF36/SUM(D36:F36)),0,AF36/SUM(D36:F36)) -> 0 | AQ36: =IF(ISERROR(B36+(AK36/AN36)*(7/5)),AQ35,(B36+(AK36/AN36)*(7/5))) -> 45666.9 | AR36: =AK36/(NETWORKDAYS(B36,$AU$1,Days!$A$11:$A$25)-1) -> -6.5 | AS36: =AR36/((RIGHT($AR$1,1)*1)) -> -3.25 | AV36: =IF(V36>0,1,0) -> 0 | AW36: =IF(W36>0,1,0) -> 0 | AX36: =IF(X36>0,1,0) -> 0 | AY36: =B36 -> 45588 | AZ36: =IF(B36>TODAY(),"",SUM($V$3:V36)/SUM($AV$3:AV36)) -> 7.8125 | BA36: =IF(B36>TODAY(),"",SUM($W$3:W36)/SUM($AW$3:AW36)) -> 13.4375 | BB36: =IF(B36>TODAY(),"",SUM($X$3:X36)/SUM($AX$3:AX36)) -> #DIV/0!
A37: =VLOOKUP(WEEKDAY(B37,2),Days!$A$1:$B$7,2,0) -> Thu | B37: =B36+1 -> 45589 | C37: =IF(AND(A37<>"Sat",A37<>"Sun",ISERROR(VLOOKUP(B37,Days!$A$10:$A$38,1,0))),1,(IF(AF37<>0,1,0))) -> 1 | H37: 1 | I37: 1 | J37: 0 | L37: =$C37*H37*Days!$F$1 -> 8 | M37: =$C37*I37*Days!$F$1 -> 8 | N37: =$C37*J37*Days!$F$1 -> 0 | P37: =IF(B37>TODAY(),0,V37-L37) -> -4 | Q37: =IF(B37>TODAY(),0,W37-M37) -> -5 | R37: =IF(B37>TODAY(),0,X37-N37) -> 0 | T37: =B37 -> 45589 | U37: =C37 -> 1 | V37: =COUNTIFS('2024 - L&G R64 - Test Instances'!H:H,B37,'2024 - L&G R64 - Test Instances'!L:L,$V$2,'2024 - L&G R64 - Test Instances'!O:O,"Done") -> 4 | W37: =COUNTIFS('2024 - L&G R64 - Test Instances'!H:H,B37,'2024 - L&G R64 - Test Instances'!L:L,$W$2,'2024 - L&G R64 - Test Instances'!O:O,"Done") -> 3 | X37: =COUNTIFS('2024 - L&G R64 - Test Instances'!H:H,B37,'2024 - L&G R64 - Test Instances'!L:L,$X$2,'2024 - L&G R64 - Test Instances'!O:O,"Done") -> 0 | Y37: 8 | Z37: =IF(B37>TODAY(),"",SUM($V$3:V37)/SUM($D$3:D37)) -> 7.5882353 | AA37: =IF(B37>TODAY(),"",SUM($W$3:W37)/SUM($E$3:E37)) -> 12.111111 | AB37: =IF(B37>TODAY(),"",SUM($X$3:X37)/SUM($F$3:F37)) -> #DIV/0! | AD37: =B37 -> 45589 | AE37: =SUM(L37:N37) -> 16 | AF37: =SUM(V37:W37) -> 7 | AG37: =SUMIF(Z37:AA37,"<>#DIV/0!",Z37:AA37) -> 19.699346 | AI37: =B37 -> 45589 | AJ37: =AJ36-AE37 -> -46 | AK37: =IF(B37>TODAY(),"",AK36-AF37) -> 32 | AM37: =B37 -> 45589 | AN37: =IF(B37>TODAY(),0,SUM(AF33:AF37)/SUM(C33:C37)) -> 1.75 | AO37: =IF(B37>TODAY(),0,SUM(AF33:AF37)/SUM(D33:F37)) -> #DIV/0! | AP37: =IF(ISERROR(AF37/SUM(D37:F37)),0,AF37/SUM(D37:F37)) -> 0 | AQ37: =IF(ISERROR(B37+(AK37/AN37)*(7/5)),AQ36,(B37+(AK37/AN37)*(7/5))) -> 45614.6 | AR37: =AK37/(NETWORKDAYS(B37,$AU$1,Days!$A$11:$A$25)-1) -> -4.5714286 | AS37: =AR37/((RIGHT($AR$1,1)*1)) -> -2.2857143 | AV37: =IF(V37>0,1,0) -> 1 | AW37: =IF(W37>0,1,0) -> 1 | AX37: =IF(X37>0,1,0) -> 0 | AY37: =B37 -> 45589 | AZ37: =IF(B37>TODAY(),"",SUM($V$3:V37)/SUM($AV$3:AV37)) -> 7.5882353 | BA37: =IF(B37>TODAY(),"",SUM($W$3:W37)/SUM($AW$3:AW37)) -> 12.823529 | BB37: =IF(B37>TODAY(),"",SUM($X$3:X37)/SUM($AX$3:AX37)) -> #DIV/0!
A38: =VLOOKUP(WEEKDAY(B38,2),Days!$A$1:$B$7,2,0) -> Fri | B38: =B37+1 -> 45590 | C38: =IF(AND(A38<>"Sat",A38<>"Sun",ISERROR(VLOOKUP(B38,Days!$A$10:$A$38,1,0))),1,(IF(AF38<>0,1,0))) -> 1 | H38: 1 | I38: 1 | J38: 0 | L38: =$C38*H38*Days!$F$1 -> 8 | M38: =$C38*I38*Days!$F$1 -> 8 | N38: =$C38*J38*Days!$F$1 -> 0 | P38: =IF(B38>TODAY(),0,V38-L38) -> -8 | Q38: =IF(B38>TODAY(),0,W38-M38) -> -8 | R38: =IF(B38>TODAY(),0,X38-N38) -> 0 | T38: =B38 -> 45590 | U38: =C38 -> 1 | V38: =COUNTIFS('2024 - L&G R64 - Test Instances'!H:H,B38,'2024 - L&G R64 - Test Instances'!L:L,$V$2,'2024 - L&G R64 - Test Instances'!O:O,"Done") -> 0 | W38: =COUNTIFS('2024 - L&G R64 - Test Instances'!H:H,B38,'2024 - L&G R64 - Test Instances'!L:L,$W$2,'2024 - L&G R64 - Test Instances'!O:O,"Done") -> 0 | X38: =COUNTIFS('2024 - L&G R64 - Test Instances'!H:H,B38,'2024 - L&G R64 - Test Instances'!L:L,$X$2,'2024 - L&G R64 - Test Instances'!O:O,"Done") -> 0 | Y38: 8 | Z38: =IF(B38>TODAY(),"",SUM($V$3:V38)/SUM($D$3:D38)) -> 7.5882353 | AA38: =IF(B38>TODAY(),"",SUM($W$3:W38)/SUM($E$3:E38)) -> 12.111111 | AB38: =IF(B38>TODAY(),"",SUM($X$3:X38)/SUM($F$3:F38)) -> #DIV/0! | AD38: =B38 -> 45590 | AE38: =SUM(L38:N38) -> 16 | AF38: =SUM(V38:W38) -> 0 | AG38: =SUMIF(Z38:AA38,"<>#DIV/0!",Z38:AA38) -> 19.699346 | AI38: =B38 -> 45590 | AJ38: =AJ37-AE38 -> -62 | AK38: =IF(B38>TODAY(),"",AK37-AF38) -> 32 | AM38: =B38 -> 45590 | AN38: =IF(B38>TODAY(),0,SUM(AF34:AF38)/SUM(C34:C38)) -> 1.4 | AO38: =IF(B38>TODAY(),0,SUM(AF34:AF38)/SUM(D34:F38)) -> #DIV/0! | AP38: =IF(ISERROR(AF38/SUM(D38:F38)),0,AF38/SUM(D38:F38)) -> 0 | AQ38: =IF(ISERROR(B38+(AK38/AN38)*(7/5)),AQ37,(B38+(AK38/AN38)*(7/5))) -> 45622 | AR38: =AK38/(NETWORKDAYS(B38,$AU$1,Days!$A$11:$A$25)-1) -> -4 | AS38: =AR38/((RIGHT($AR$1,1)*1)) -> -2 | AV38: =IF(V38>0,1,0) -> 0 | AW38: =IF(W38>0,1,0) -> 0 | AX38: =IF(X38>0,1,0) -> 0 | AY38: =B38 -> 45590 | AZ38: =IF(B38>TODAY(),"",SUM($V$3:V38)/SUM($AV$3:AV38)) -> 7.5882353 | BA38: =IF(B38>TODAY(),"",SUM($W$3:W38)/SUM($AW$3:AW38)) -> 12.823529 | BB38: =IF(B38>TODAY(),"",SUM($X$3:X38)/SUM($AX$3:AX38)) -> #DIV/0!
A39: =VLOOKUP(WEEKDAY(B39,2),Days!$A$1:$B$7,2,0) -> Sat | B39: =B38+1 -> 45591 | C39: =IF(AND(A39<>"Sat",A39<>"Sun",ISERROR(VLOOKUP(B39,Days!$A$10:$A$38,1,0))),1,(IF(AF39<>0,1,0))) -> 0 | H39: 0 | I39: 0 | J39: 0 | L39: =$C39*H39*Days!$F$1 -> 0 | M39: =$C39*I39*Days!$F$1 -> 0 | N39: =$C39*J39*Days!$F$1 -> 0 | P39: =IF(B39>TODAY(),0,V39-L39) -> 0 | Q39: =IF(B39>TODAY(),0,W39-M39) -> 0 | R39: =IF(B39>TODAY(),0,X39-N39) -> 0 | T39: =B39 -> 45591 | U39: =C39 -> 0 | V39: =COUNTIFS('2024 - L&G R64 - Test Instances'!H:H,B39,'2024 - L&G R64 - Test Instances'!L:L,$V$2,'2024 - L&G R64 - Test Instances'!O:O,"Done") -> 0 | W39: =COUNTIFS('2024 - L&G R64 - Test Instances'!H:H,B39,'2024 - L&G R64 - Test Instances'!L:L,$W$2,'2024 - L&G R64 - Test Instances'!O:O,"Done") -> 0 | X39: =COUNTIFS('2024 - L&G R64 - Test Instances'!H:H,B39,'2024 - L&G R64 - Test Instances'!L:L,$X$2,'2024 - L&G R64 - Test Instances'!O:O,"Done") -> 0 | Y39: 8 | Z39: =IF(B39>TODAY(),"",SUM($V$3:V39)/SUM($D$3:D39)) -> 7.5882353 | AA39: =IF(B39>TODAY(),"",SUM($W$3:W39)/SUM($E$3:E39)) -> 12.111111 | AB39: =IF(B39>TODAY(),"",SUM($X$3:X39)/SUM($F$3:F39)) -> #DIV/0! | AD39: =B39 -> 45591 | AE39: =SUM(L39:N39) -> 0 | AF39: =SUM(V39:W39) -> 0 | AG39: =SUMIF(Z39:AA39,"<>#DIV/0!",Z39:AA39) -> 19.699346 | AI39: =B39 -> 45591 | AJ39: =AJ38-AE39 -> -62 | AK39: =IF(B39>TODAY(),"",AK38-AF39) -> 32 | AM39: =B39 -> 45591 | AN39: =IF(B39>TODAY(),0,SUM(AF35:AF39)/SUM(C35:C39)) -> 1.75 | AO39: =IF(B39>TODAY(),0,SUM(AF35:AF39)/SUM(D35:F39)) -> #DIV/0! | AP39: =IF(ISERROR(AF39/SUM(D39:F39)),0,AF39/SUM(D39:F39)) -> 0 | AQ39: =IF(ISERROR(B39+(AK39/AN39)*(7/5)),AQ38,(B39+(AK39/AN39)*(7/5))) -> 45616.6 | AR39: =AK39/(NETWORKDAYS(B39,$AU$1,Days!$A$11:$A$25)-1) -> -4 | AS39: =AR39/((RIGHT($AR$1,1)*1)) -> -2 | AV39: =IF(V39>0,1,0) -> 0 | AW39: =IF(W39>0,1,0) -> 0 | AX39: =IF(X39>0,1,0) -> 0 | AY39: =B39 -> 45591 | AZ39: =IF(B39>TODAY(),"",SUM($V$3:V39)/SUM($AV$3:AV39)) -> 7.5882353 | BA39: =IF(B39>TODAY(),"",SUM($W$3:W39)/SUM($AW$3:AW39)) -> 12.823529 | BB39: =IF(B39>TODAY(),"",SUM($X$3:X39)/SUM($AX$3:AX39)) -> #DIV/0!
A40: =VLOOKUP(WEEKDAY(B40,2),Days!$A$1:$B$7,2,0) -> Sun | B40: =B39+1 -> 45592 | C40: =IF(AND(A40<>"Sat",A40<>"Sun",ISERROR(VLOOKUP(B40,Days!$A$10:$A$38,1,0))),1,(IF(AF40<>0,1,0))) -> 0 | H40: 0 | I40: 0 | J40: 0 | L40: =$C40*H40*Days!$F$1 -> 0 | M40: =$C40*I40*Days!$F$1 -> 0 | N40: =$C40*J40*Days!$F$1 -> 0 | P40: =IF(B40>TODAY(),0,V40-L40) -> 0 | Q40: =IF(B40>TODAY(),0,W40-M40) -> 0 | R40: =IF(B40>TODAY(),0,X40-N40) -> 0 | T40: =B40 -> 45592 | U40: =C40 -> 0 | V40: =COUNTIFS('2024 - L&G R64 - Test Instances'!H:H,B40,'2024 - L&G R64 - Test Instances'!L:L,$V$2,'2024 - L&G R64 - Test Instances'!O:O,"Done") -> 0 | W40: =COUNTIFS('2024 - L&G R64 - Test Instances'!H:H,B40,'2024 - L&G R64 - Test Instances'!L:L,$W$2,'2024 - L&G R64 - Test Instances'!O:O,"Done") -> 0 | X40: =COUNTIFS('2024 - L&G R64 - Test Instances'!H:H,B40,'2024 - L&G R64 - Test Instances'!L:L,$X$2,'2024 - L&G R64 - Test Instances'!O:O,"Done") -> 0 | Y40: 8 | Z40: =IF(B40>TODAY(),"",SUM($V$3:V40)/SUM($D$3:D40)) -> 7.5882353 | AA40: =IF(B40>TODAY(),"",SUM($W$3:W40)/SUM($E$3:E40)) -> 12.111111 | AB40: =IF(B40>TODAY(),"",SUM($X$3:X40)/SUM($F$3:F40)) -> #DIV/0! | AD40: =B40 -> 45592 | AE40: =SUM(L40:N40) -> 0 | AF40: =SUM(V40:W40) -> 0 | AG40: =SUMIF(Z40:AA40,"<>#DIV/0!",Z40:AA40) -> 19.699346 | AI40: =B40 -> 45592 | AJ40: =AJ39-AE40 -> -62 | AK40: =IF(B40>TODAY(),"",AK39-AF40) -> 32 | AM40: =B40 -> 45592 | AN40: =IF(B40>TODAY(),0,SUM(AF36:AF40)/SUM(C36:C40)) -> 2.3333333 | AO40: =IF(B40>TODAY(),0,SUM(AF36:AF40)/SUM(D36:F40)) -> #DIV/0! | AP40: =IF(ISERROR(AF40/SUM(D40:F40)),0,AF40/SUM(D40:F40)) -> 0 | AQ40: =IF(ISERROR(B40+(AK40/AN40)*(7/5)),AQ39,(B40+(AK40/AN40)*(7/5))) -> 45611.2 | AR40: =AK40/(NETWORKDAYS(B40,$AU$1,Days!$A$11:$A$25)-1) -> -4 | AS40: =AR40/((RIGHT($AR$1,1)*1)) -> -2 | AV40: =IF(V40>0,1,0) -> 0 | AW40: =IF(W40>0,1,0) -> 0 | AX40: =IF(X40>0,1,0) -> 0 | AY40: =B40 -> 45592 | AZ40: =IF(B40>TODAY(),"",SUM($V$3:V40)/SUM($AV$3:AV40)) -> 7.5882353 | BA40: =IF(B40>TODAY(),"",SUM($W$3:W40)/SUM($AW$3:AW40)) -> 12.823529 | BB40: =IF(B40>TODAY(),"",SUM($X$3:X40)/SUM($AX$3:AX40)) -> #DIV/0!
A41: =VLOOKUP(WEEKDAY(B41,2),Days!$A$1:$B$7,2,0) -> Mon | B41: =B40+1 -> 45593 | C41: =IF(AND(A41<>"Sat",A41<>"Sun",ISERROR(VLOOKUP(B41,Days!$A$10:$A$38,1,0))),1,(IF(AF41<>0,1,0))) -> 1 | H41: 1 | I41: 1 | J41: 0 | L41: =$C41*H41*Days!$F$1 -> 8 | M41: =$C41*I41*Days!$F$1 -> 8 | N41: =$C41*J41*Days!$F$1 -> 0 | P41: =IF(B41>TODAY(),0,V41-L41) -> -8 | Q41: =IF(B41>TODAY(),0,W41-M41) -> -8 | R41: =IF(B41>TODAY(),0,X41-N41) -> 0 | T41: =B41 -> 45593 | U41: =C41 -> 1 | V41: =COUNTIFS('2024 - L&G R64 - Test Instances'!H:H,B41,'2024 - L&G R64 - Test Instances'!L:L,$V$2,'2024 - L&G R64 - Test Instances'!O:O,"Done") -> 0 | W41: =COUNTIFS('2024 - L&G R64 - Test Instances'!H:H,B41,'2024 - L&G R64 - Test Instances'!L:L,$W$2,'2024 - L&G R64 - Test Instances'!O:O,"Done") -> 0 | X41: =COUNTIFS('2024 - L&G R64 - Test Instances'!H:H,B41,'2024 - L&G R64 - Test Instances'!L:L,$X$2,'2024 - L&G R64 - Test Instances'!O:O,"Done") -> 0 | Y41: 8 | Z41: =IF(B41>TODAY(),"",SUM($V$3:V41)/SUM($D$3:D41)) -> 7.5882353 | AA41: =IF(B41>TODAY(),"",SUM($W$3:W41)/SUM($E$3:E41)) -> 12.111111 | AB41: =IF(B41>TODAY(),"",SUM($X$3:X41)/SUM($F$3:F41)) -> #DIV/0! | AD41: =B41 -> 45593 | AE41: =SUM(L41:N41) -> 16 | AF41: =SUM(V41:W41) -> 0 | AG41: =SUMIF(Z41:AA41,"<>#DIV/0!",Z41:AA41) -> 19.699346 | AI41: =B41 -> 45593 | AJ41: =AJ40-AE41 -> -78 | AK41: =IF(B41>TODAY(),"",AK40-AF41) -> 32 | AM41: =B41 -> 45593 | AN41: =IF(B41>TODAY(),0,SUM(AF37:AF41)/SUM(C37:C41)) -> 2.3333333 | AO41: =IF(B41>TODAY(),0,SUM(AF37:AF41)/SUM(D37:F41)) -> #DIV/0! | AP41: =IF(ISERROR(AF41/SUM(D41:F41)),0,AF41/SUM(D41:F41)) -> 0 | AQ41: =IF(ISERROR(B41+(AK41/AN41)*(7/5)),AQ40,(B41+(AK41/AN41)*(7/5))) -> 45612.2 | AR41: =AK41/(NETWORKDAYS(B41,$AU$1,Days!$A$11:$A$25)-1) -> -3.5555556 | AS41: =AR41/((RIGHT($AR$1,1)*1)) -> -1.7777778 | AV41: =IF(V41>0,1,0) -> 0 | AW41: =IF(W41>0,1,0) -> 0 | AX41: =IF(X41>0,1,0) -> 0 | AY41: =B41 -> 45593 | AZ41: =IF(B41>TODAY(),"",SUM($V$3:V41)/SUM($AV$3:AV41)) -> 7.5882353 | BA41: =IF(B41>TODAY(),"",SUM($W$3:W41)/SUM($AW$3:AW41)) -> 12.823529 | BB41: =IF(B41>TODAY(),"",SUM($X$3:X41)/SUM($AX$3:AX41)) -> #DIV/0!
A42: =VLOOKUP(WEEKDAY(B42,2),Days!$A$1:$B$7,2,0) -> Tue | B42: =B41+1 -> 45594 | C42: =IF(AND(A42<>"Sat",A42<>"Sun",ISERROR(VLOOKUP(B42,Days!$A$10:$A$38,1,0))),1,(IF(AF42<>0,1,0))) -> 1 | H42: 1 | I42: 1 | J42: 0 | L42: =$C42*H42*Days!$F$1 -> 8 | M42: =$C42*I42*Days!$F$1 -> 8 | N42: =$C42*J42*Days!$F$1 -> 0 | P42: =IF(B42>TODAY(),0,V42-L42) -> -8 | Q42: =IF(B42>TODAY(),0,W42-M42) -> -8 | R42: =IF(B42>TODAY(),0,X42-N42) -> 0 | T42: =B42 -> 45594 | U42: =C42 -> 1 | V42: =COUNTIFS('2024 - L&G R64 - Test Instances'!H:H,B42,'2024 - L&G R64 - Test Instances'!L:L,$V$2,'2024 - L&G R64 - Test Instances'!O:O,"Done") -> 0 | W42: =COUNTIFS('2024 - L&G R64 - Test Instances'!H:H,B42,'2024 - L&G R64 - Test Instances'!L:L,$W$2,'2024 - L&G R64 - Test Instances'!O:O,"Done") -> 0 | X42: =COUNTIFS('2024 - L&G R64 - Test Instances'!H:H,B42,'2024 - L&G R64 - Test Instances'!L:L,$X$2,'2024 - L&G R64 - Test Instances'!O:O,"Done") -> 0 | Y42: 8 | Z42: =IF(B42>TODAY(),"",SUM($V$3:V42)/SUM($D$3:D42)) -> 7.5882353 | AA42: =IF(B42>TODAY(),"",SUM($W$3:W42)/SUM($E$3:E42)) -> 12.111111 | AB42: =IF(B42>TODAY(),"",SUM($X$3:X42)/SUM($F$3:F42)) -> #DIV/0! | AD42: =B42 -> 45594 | AE42: =SUM(L42:N42) -> 16 | AF42: =SUM(V42:W42) -> 0 | AG42: =SUMIF(Z42:AA42,"<>#DIV/0!",Z42:AA42) -> 19.699346 | AI42: =B42 -> 45594 | AJ42: =AJ41-AE42 -> -94 | AK42: =IF(B42>TODAY(),"",AK41-AF42) -> 32 | AM42: =B42 -> 45594 | AN42: =IF(B42>TODAY(),0,SUM(AF38:AF42)/SUM(C38:C42)) -> 0 | AO42: =IF(B42>TODAY(),0,SUM(AF38:AF42)/SUM(D38:F42)) -> #DIV/0! | AP42: =IF(ISERROR(AF42/SUM(D42:F42)),0,AF42/SUM(D42:F42)) -> 0 | AQ42: =IF(ISERROR(B42+(AK42/AN42)*(7/5)),AQ41,(B42+(AK42/AN42)*(7/5))) -> 45612.2 | AR42: =AK42/(NETWORKDAYS(B42,$AU$1,Days!$A$11:$A$25)-1) -> -3.2 | AS42: =AR42/((RIGHT($AR$1,1)*1)) -> -1.6 | AV42: =IF(V42>0,1,0) -> 0 | AW42: =IF(W42>0,1,0) -> 0 | AX42: =IF(X42>0,1,0) -> 0 | AY42: =B42 -> 45594 | AZ42: =IF(B42>TODAY(),"",SUM($V$3:V42)/SUM($AV$3:AV42)) -> 7.5882353 | BA42: =IF(B42>TODAY(),"",SUM($W$3:W42)/SUM($AW$3:AW42)) -> 12.823529 | BB42: =IF(B42>TODAY(),"",SUM($X$3:X42)/SUM($AX$3:AX42)) -> #DIV/0!
... A96: =VLOOKUP(WEEKDAY(B96,2),Days!$A$1:$B$7,2,0) -> Sun | B96: =B95+1 -> 45648 | C96: =IF(AND(A96<>"Sat",A96<>"Sun",ISERROR(VLOOKUP(B96,Days!$A$10:$A$38,1,0))),1,(IF(AF96<>0,1,0))) -> 0 | H96: 0 | I96: 0 | J96: 0 | L96: =$C96*H96*Days!$F$1 -> 0 | M96: =$C96*I96*Days!$F$1 -> 0 | N96: =$C96*J96*Days!$F$1 -> 0 | P96: =IF(B96>TODAY(),0,V96-L96) -> 0 | Q96: =IF(B96>TODAY(),0,W96-M96) -> 0 | R96: =IF(B96>TODAY(),0,X96-N96) -> 0 | T96: =B96 -> 45648 | U96: =C96 -> 0 | V96: =COUNTIFS('2024 - L&G R64 - Test Instances'!H:H,B96,'2024 - L&G R64 - Test Instances'!L:L,$V$2,'2024 - L&G R64 - Test Instances'!O:O,"Done") -> 0 | W96: =COUNTIFS('2024 - L&G R64 - Test Instances'!H:H,B96,'2024 - L&G R64 - Test Instances'!L:L,$W$2,'2024 - L&G R64 - Test Instances'!O:O,"Done") -> 0 | X96: =COUNTIFS('2024 - L&G R64 - Test Instances'!H:H,B96,'2024 - L&G R64 - Test Instances'!L:L,$X$2,'2024 - L&G R64 - Test Instances'!O:O,"Done") -> 0 | Y96: 8 | Z96: =IF(B96>TODAY(),"",SUM($V$3:V96)/SUM($D$3:D96)) | AA96: =IF(B96>TODAY(),"",SUM($W$3:W96)/SUM($E$3:E96)) | AB96: =IF(B96>TODAY(),"",SUM($X$3:X96)/SUM($F$3:F96)) | AD96: =B96 -> 45648 | AE96: =SUM(L96:N96) -> 0 | AF96: =SUM(V96:W96) -> 0 | AG96: =SUMIF(Z96:AA96,"<>#DIV/0!",Z96:AA96) -> 0 | AI96: =B96 -> 45648 | AJ96: =AJ95-AE96 -> -670 | AK96: =IF(B96>TODAY(),"",AK95-AF96) | AM96: =B96 -> 45648 | AN96: =IF(B96>TODAY(),0,SUM(AF92:AF96)/SUM(C92:C96)) -> 0 | AO96: =IF(B96>TODAY(),0,SUM(AF92:AF96)/SUM(D92:F96)) -> 0 | AP96: =IF(ISERROR(AF96/SUM(D96:F96)),0,AF96/SUM(D96:F96)) -> 0 | AQ96: =IF(ISERROR(B96+(AK96/AN96)*(7/5)),AQ95,(B96+(AK96/AN96)*(7/5))) -> 45612.2 | AR96: =AK96/(NETWORKDAYS(B96,$AU$1,Days!$A$11:$A$25)-1) -> #VALUE! | AS96: =AR96/((RIGHT($AR$1,1)*1)) -> #VALUE! | AV96: =IF(V96>0,1,0) -> 0 | AW96: =IF(W96>0,1,0) -> 0 | AX96: =IF(X96>0,1,0) -> 0 | AY96: =B96 -> 45648 | AZ96: =IF(B96>TODAY(),"",SUM($V$3:V96)/SUM($AV$3:AV96)) | BA96: =IF(B96>TODAY(),"",SUM($W$3:W96)/SUM($AW$3:AW96)) | BB96: =IF(B96>TODAY(),"",SUM($X$3:X96)/SUM($AX$3:AX96))
